Warning: Don’t paste code into the DevTools Console that you don’t understand or haven’t reviewed yourself. This could allow attackers to steal your identity or take control of your computer. Please type “allow pasting” below and press Enter to allow pasting.
allow pasting
(async () => {
  const TOTAL_PAGES = 647;
  const results = [];
  const seen = new Set();

  const uuidRegex =
    /\/projects\/([0-9a-f]{8}-[0-9a-f]{4}-[0-9a-f]{4}-[0-9a-f]{4}-[0-9a-f]{12})(?:[?/"'\\\\])/gi;

  for (let page = 1; page <= TOTAL_PAGES; page++) {
    const url = `/projects?view=table&page=${page}`;

    try {
      const response = await fetch(url, {
        method: "GET",
        credentials: "same-origin",
        headers: {
          "Accept": "text/html,application/xhtml+xml"
        }
      });

      const text = await response.text();

      const pageIds = [...text.matchAll(uuidRegex)]
        .map(m => m[1].toLowerCase());

      const uniquePageIds = [...new Set(pageIds)];

      for (const id of uniquePageIds) {
        seen.add(id);
      }

      results.push({
        page,
        status: response.status,
        bytes: text.length,
        uuids_found: uniquePageIds.length,
        uuids: uniquePageIds
      });

      console.log(
        `Page ${page}/${TOTAL_PAGES}:`,
        response.status,
        uniquePageIds.length,
        `UUIDs | total unique: ${seen.size}`
      );

      // Be polite to the public server.
      await new Promise(r => setTimeout(r, 250));

    } catch (err) {
      results.push({
        page,
        error: String(err),
        uuids_found: 0,
        uuids: []
      });

      console.error(`Page ${page} failed`, err);
    }
  }

  const summary = {
    total_pages_attempted: TOTAL_PAGES,
    successful_pages: results.filter(x => x.status === 200).length,
    failed_pages: results.filter(x => x.status !== 200 || x.error).length,
    unique_uuids: seen.size,
    expected_projects: 6467,
    results
  };

  window.__FMR_FE2_RESULTS__ = summary;

  console.log("========== FE2 SUMMARY ==========");
  console.log(summary);

  // Download locally as JSON.
  const blob = new Blob(
    [JSON.stringify(summary, null, 2)],
    { type: "application/json" }
  );

  const a = document.createElement("a");
  a.href = URL.createObjectURL(blob);
  a.download = "FMR_Watch_FE2_Enumeration.json";
  a.click();

  console.log(
    `DONE. Unique UUIDs found: ${seen.size} / expected 6467`
  );
})();
Connecting to '<URL>' violates the following Content Security Policy directive: "connect-src 'none'". The policy is report-only, so the violation has been logged but no further action has been taken.
Connecting to '<URL>' violates the following Content Security Policy directive: "connect-src 'none'". The policy is report-only, so the violation has been logged but no further action has been taken.
Connecting to '<URL>' violates the following Content Security Policy directive: "connect-src 'none'". The policy is report-only, so the violation has been logged but no further action has been taken.
Connecting to '<URL>' violates the following Content Security Policy directive: "connect-src 'none'". The policy is report-only, so the violation has been logged but no further action has been taken.
Connecting to '<URL>' violates the following Content Security Policy directive: "connect-src 'none'". The policy is report-only, so the violation has been logged but no further action has been taken.
Connecting to '<URL>' violates the following Content Security Policy directive: "connect-src 'none'". The policy is report-only, so the violation has been logged but no further action has been taken.
Connecting to '<URL>' violates the following Content Security Policy directive: "connect-src 'none'". The policy is report-only, so the violation has been logged but no further action has been taken.
Connecting to '<URL>' violates the following Content Security Policy directive: "connect-src 'none'". The policy is report-only, so the violation has been logged but no further action has been taken.
Connecting to '<URL>' violates the following Content Security Policy directive: "connect-src 'none'". The policy is report-only, so the violation has been logged but no further action has been taken.
Connecting to '<URL>' violates the following Content Security Policy directive: "connect-src 'none'". The policy is report-only, so the violation has been logged but no further action has been taken.
Connecting to '<URL>' violates the following Content Security Policy directive: "connect-src 'none'". The policy is report-only, so the violation has been logged but no further action has been taken.
Connecting to '<URL>' violates the following Content Security Policy directive: "connect-src 'none'". The policy is report-only, so the violation has been logged but no further action has been taken.
Connecting to '<URL>' violates the following Content Security Policy directive: "connect-src 'none'". The policy is report-only, so the violation has been logged but no further action has been taken.
Connecting to '<URL>' violates the following Content Security Policy directive: "connect-src 'none'". The policy is report-only, so the violation has been logged but no further action has been taken.
Connecting to '<URL>' violates the following Content Security Policy directive: "connect-src 'none'". The policy is report-only, so the violation has been logged but no further action has been taken.
Connecting to '<URL>' violates the following Content Security Policy directive: "connect-src 'none'". The policy is report-only, so the violation has been logged but no further action has been taken.
Connecting to '<URL>' violates the following Content Security Policy directive: "connect-src 'none'". The policy is report-only, so the violation has been logged but no further action has been taken.
Connecting to '<URL>' violates the following Content Security Policy directive: "connect-src 'none'". The policy is report-only, so the violation has been logged but no further action has been taken.
Connecting to '<URL>' violates the following Content Security Policy directive: "connect-src 'none'". The policy is report-only, so the violation has been logged but no further action has been taken.
Connecting to '<URL>' violates the following Content Security Policy directive: "connect-src 'none'". The policy is report-only, so the violation has been logged but no further action has been taken.
Connecting to '<URL>' violates the following Content Security Policy directive: "connect-src 'none'". The policy is report-only, so the violation has been logged but no further action has been taken.
Connecting to '<URL>' violates the following Content Security Policy directive: "connect-src 'none'". The policy is report-only, so the violation has been logged but no further action has been taken.
Connecting to '<URL>' violates the following Content Security Policy directive: "connect-src 'none'". The policy is report-only, so the violation has been logged but no further action has been taken.
Connecting to '<URL>' violates the following Content Security Policy directive: "connect-src 'none'". The policy is report-only, so the violation has been logged but no further action has been taken.
Connecting to '<URL>' violates the following Content Security Policy directive: "connect-src 'none'". The policy is report-only, so the violation has been logged but no further action has been taken.
Connecting to '<URL>' violates the following Content Security Policy directive: "connect-src 'none'". The policy is report-only, so the violation has been logged but no further action has been taken.
Connecting to '<URL>' violates the following Content Security Policy directive: "connect-src 'none'". The policy is report-only, so the violation has been logged but no further action has been taken.
Connecting to '<URL>' violates the following Content Security Policy directive: "connect-src 'none'". The policy is report-only, so the violation has been logged but no further action has been taken.
Connecting to '<URL>' violates the following Content Security Policy directive: "connect-src 'none'". The policy is report-only, so the violation has been logged but no further action has been taken.
Connecting to '<URL>' violates the following Content Security Policy directive: "connect-src 'none'". The policy is report-only, so the violation has been logged but no further action has been taken.
Connecting to '<URL>' violates the following Content Security Policy directive: "connect-src 'none'". The policy is report-only, so the violation has been logged but no further action has been taken.
Connecting to '<URL>' violates the following Content Security Policy directive: "connect-src 'none'". The policy is report-only, so the violation has been logged but no further action has been taken.
Connecting to '<URL>' violates the following Content Security Policy directive: "connect-src 'none'". The policy is report-only, so the violation has been logged but no further action has been taken.
Connecting to '<URL>' violates the following Content Security Policy directive: "connect-src 'none'". The policy is report-only, so the violation has been logged but no further action has been taken.
Connecting to '<URL>' violates the following Content Security Policy directive: "connect-src 'none'". The policy is report-only, so the violation has been logged but no further action has been taken.
Connecting to '<URL>' violates the following Content Security Policy directive: "connect-src 'none'". The policy is report-only, so the violation has been logged but no further action has been taken.
Connecting to '<URL>' violates the following Content Security Policy directive: "connect-src 'none'". The policy is report-only, so the violation has been logged but no further action has been taken.
Connecting to '<URL>' violates the following Content Security Policy directive: "connect-src 'none'". The policy is report-only, so the violation has been logged but no further action has been taken.
Connecting to '<URL>' violates the following Content Security Policy directive: "connect-src 'none'". The policy is report-only, so the violation has been logged but no further action has been taken.
Connecting to '<URL>' violates the following Content Security Policy directive: "connect-src 'none'". The policy is report-only, so the violation has been logged but no further action has been taken.
Connecting to '<URL>' violates the following Content Security Policy directive: "connect-src 'none'". The policy is report-only, so the violation has been logged but no further action has been taken.
Connecting to '<URL>' violates the following Content Security Policy directive: "connect-src 'none'". The policy is report-only, so the violation has been logged but no further action has been taken.
Connecting to '<URL>' violates the following Content Security Policy directive: "connect-src 'none'". The policy is report-only, so the violation has been logged but no further action has been taken.
Connecting to '<URL>' violates the following Content Security Policy directive: "connect-src 'none'". The policy is report-only, so the violation has been logged but no further action has been taken.
Connecting to '<URL>' violates the following Content Security Policy directive: "connect-src 'none'". The policy is report-only, so the violation has been logged but no further action has been taken.
Connecting to '<URL>' violates the following Content Security Policy directive: "connect-src 'none'". The policy is report-only, so the violation has been logged but no further action has been taken.
Connecting to '<URL>' violates the following Content Security Policy directive: "connect-src 'none'". The policy is report-only, so the violation has been logged but no further action has been taken.
Connecting to '<URL>' violates the following Content Security Policy directive: "connect-src 'none'". The policy is report-only, so the violation has been logged but no further action has been taken.
Connecting to '<URL>' violates the following Content Security Policy directive: "connect-src 'none'". The policy is report-only, so the violation has been logged but no further action has been taken.
Connecting to '<URL>' violates the following Content Security Policy directive: "connect-src 'none'". The policy is report-only, so the violation has been logged but no further action has been taken.
Connecting to '<URL>' violates the following Content Security Policy directive: "connect-src 'none'". The policy is report-only, so the violation has been logged but no further action has been taken.
Connecting to '<URL>' violates the following Content Security Policy directive: "connect-src 'none'". The policy is report-only, so the violation has been logged but no further action has been taken.
Connecting to '<URL>' violates the following Content Security Policy directive: "connect-src 'none'". The policy is report-only, so the violation has been logged but no further action has been taken.
Connecting to '<URL>' violates the following Content Security Policy directive: "connect-src 'none'". The policy is report-only, so the violation has been logged but no further action has been taken.
Connecting to '<URL>' violates the following Content Security Policy directive: "connect-src 'none'". The policy is report-only, so the violation has been logged but no further action has been taken.
Connecting to '<URL>' violates the following Content Security Policy directive: "connect-src 'none'". The policy is report-only, so the violation has been logged but no further action has been taken.
Connecting to '<URL>' violates the following Content Security Policy directive: "connect-src 'none'". The policy is report-only, so the violation has been logged but no further action has been taken.
Connecting to '<URL>' violates the following Content Security Policy directive: "connect-src 'none'". The policy is report-only, so the violation has been logged but no further action has been taken.
Connecting to '<URL>' violates the following Content Security Policy directive: "connect-src 'none'". The policy is report-only, so the violation has been logged but no further action has been taken.
Connecting to '<URL>' violates the following Content Security Policy directive: "connect-src 'none'". The policy is report-only, so the violation has been logged but no further action has been taken.
Connecting to '<URL>' violates the following Content Security Policy directive: "connect-src 'none'". The policy is report-only, so the violation has been logged but no further action has been taken.
Connecting to '<URL>' violates the following Content Security Policy directive: "connect-src 'none'". The policy is report-only, so the violation has been logged but no further action has been taken.
Connecting to '<URL>' violates the following Content Security Policy directive: "connect-src 'none'". The policy is report-only, so the violation has been logged but no further action has been taken.
Connecting to '<URL>' violates the following Content Security Policy directive: "connect-src 'none'". The policy is report-only, so the violation has been logged but no further action has been taken.
Connecting to '<URL>' violates the following Content Security Policy directive: "connect-src 'none'". The policy is report-only, so the violation has been logged but no further action has been taken.
Connecting to '<URL>' violates the following Content Security Policy directive: "connect-src 'none'". The policy is report-only, so the violation has been logged but no further action has been taken.
Connecting to '<URL>' violates the following Content Security Policy directive: "connect-src 'none'". The policy is report-only, so the violation has been logged but no further action has been taken.
Connecting to '<URL>' violates the following Content Security Policy directive: "connect-src 'none'". The policy is report-only, so the violation has been logged but no further action has been taken.
Connecting to '<URL>' violates the following Content Security Policy directive: "connect-src 'none'". The policy is report-only, so the violation has been logged but no further action has been taken.
Connecting to '<URL>' violates the following Content Security Policy directive: "connect-src 'none'". The policy is report-only, so the violation has been logged but no further action has been taken.
Connecting to '<URL>' violates the following Content Security Policy directive: "connect-src 'none'". The policy is report-only, so the violation has been logged but no further action has been taken.
Connecting to '<URL>' violates the following Content Security Policy directive: "connect-src 'none'". The policy is report-only, so the violation has been logged but no further action has been taken.
Connecting to '<URL>' violates the following Content Security Policy directive: "connect-src 'none'". The policy is report-only, so the violation has been logged but no further action has been taken.
Connecting to '<URL>' violates the following Content Security Policy directive: "connect-src 'none'". The policy is report-only, so the violation has been logged but no further action has been taken.
Connecting to '<URL>' violates the following Content Security Policy directive: "connect-src 'none'". The policy is report-only, so the violation has been logged but no further action has been taken.
Connecting to '<URL>' violates the following Content Security Policy directive: "connect-src 'none'". The policy is report-only, so the violation has been logged but no further action has been taken.
Connecting to '<URL>' violates the following Content Security Policy directive: "connect-src 'none'". The policy is report-only, so the violation has been logged but no further action has been taken.
Connecting to '<URL>' violates the following Content Security Policy directive: "connect-src 'none'". The policy is report-only, so the violation has been logged but no further action has been taken.
Connecting to '<URL>' violates the following Content Security Policy directive: "connect-src 'none'". The policy is report-only, so the violation has been logged but no further action has been taken.
Connecting to '<URL>' violates the following Content Security Policy directive: "connect-src 'none'". The policy is report-only, so the violation has been logged but no further action has been taken.
Connecting to '<URL>' violates the following Content Security Policy directive: "connect-src 'none'". The policy is report-only, so the violation has been logged but no further action has been taken.
Connecting to '<URL>' violates the following Content Security Policy directive: "connect-src 'none'". The policy is report-only, so the violation has been logged but no further action has been taken.
Connecting to '<URL>' violates the following Content Security Policy directive: "connect-src 'none'". The policy is report-only, so the violation has been logged but no further action has been taken.
Connecting to '<URL>' violates the following Content Security Policy directive: "connect-src 'none'". The policy is report-only, so the violation has been logged but no further action has been taken.
Connecting to '<URL>' violates the following Content Security Policy directive: "connect-src 'none'". The policy is report-only, so the violation has been logged but no further action has been taken.
Connecting to '<URL>' violates the following Content Security Policy directive: "connect-src 'none'". The policy is report-only, so the violation has been logged but no further action has been taken.
Connecting to '<URL>' violates the following Content Security Policy directive: "connect-src 'none'". The policy is report-only, so the violation has been logged but no further action has been taken.
Connecting to '<URL>' violates the following Content Security Policy directive: "connect-src 'none'". The policy is report-only, so the violation has been logged but no further action has been taken.
Connecting to '<URL>' violates the following Content Security Policy directive: "connect-src 'none'". The policy is report-only, so the violation has been logged but no further action has been taken.
Connecting to '<URL>' violates the following Content Security Policy directive: "connect-src 'none'". The policy is report-only, so the violation has been logged but no further action has been taken.
Connecting to '<URL>' violates the following Content Security Policy directive: "connect-src 'none'". The policy is report-only, so the violation has been logged but no further action has been taken.
Connecting to '<URL>' violates the following Content Security Policy directive: "connect-src 'none'". The policy is report-only, so the violation has been logged but no further action has been taken.
Connecting to '<URL>' violates the following Content Security Policy directive: "connect-src 'none'". The policy is report-only, so the violation has been logged but no further action has been taken.
Connecting to '<URL>' violates the following Content Security Policy directive: "connect-src 'none'". The policy is report-only, so the violation has been logged but no further action has been taken.
Connecting to '<URL>' violates the following Content Security Policy directive: "connect-src 'none'". The policy is report-only, so the violation has been logged but no further action has been taken.
Connecting to '<URL>' violates the following Content Security Policy directive: "connect-src 'none'". The policy is report-only, so the violation has been logged but no further action has been taken.
Connecting to '<URL>' violates the following Content Security Policy directive: "connect-src 'none'". The policy is report-only, so the violation has been logged but no further action has been taken.
Connecting to '<URL>' violates the following Content Security Policy directive: "connect-src 'none'". The policy is report-only, so the violation has been logged but no further action has been taken.
Connecting to '<URL>' violates the following Content Security Policy directive: "connect-src 'none'". The policy is report-only, so the violation has been logged but no further action has been taken.
Connecting to '<URL>' violates the following Content Security Policy directive: "connect-src 'none'". The policy is report-only, so the violation has been logged but no further action has been taken.
Connecting to '<URL>' violates the following Content Security Policy directive: "connect-src 'none'". The policy is report-only, so the violation has been logged but no further action has been taken.
Connecting to '<URL>' violates the following Content Security Policy directive: "connect-src 'none'". The policy is report-only, so the violation has been logged but no further action has been taken.
Connecting to '<URL>' violates the following Content Security Policy directive: "connect-src 'none'". The policy is report-only, so the violation has been logged but no further action has been taken.
Connecting to '<URL>' violates the following Content Security Policy directive: "connect-src 'none'". The policy is report-only, so the violation has been logged but no further action has been taken.
Connecting to '<URL>' violates the following Content Security Policy directive: "connect-src 'none'". The policy is report-only, so the violation has been logged but no further action has been taken.
Connecting to '<URL>' violates the following Content Security Policy directive: "connect-src 'none'". The policy is report-only, so the violation has been logged but no further action has been taken.
Connecting to '<URL>' violates the following Content Security Policy directive: "connect-src 'none'". The policy is report-only, so the violation has been logged but no further action has been taken.
Connecting to '<URL>' violates the following Content Security Policy directive: "connect-src 'none'". The policy is report-only, so the violation has been logged but no further action has been taken.
Connecting to '<URL>' violates the following Content Security Policy directive: "connect-src 'none'". The policy is report-only, so the violation has been logged but no further action has been taken.
Connecting to '<URL>' violates the following Content Security Policy directive: "connect-src 'none'". The policy is report-only, so the violation has been logged but no further action has been taken.
Connecting to '<URL>' violates the following Content Security Policy directive: "connect-src 'none'". The policy is report-only, so the violation has been logged but no further action has been taken.
Connecting to '<URL>' violates the following Content Security Policy directive: "connect-src 'none'". The policy is report-only, so the violation has been logged but no further action has been taken.
Connecting to '<URL>' violates the following Content Security Policy directive: "connect-src 'none'". The policy is report-only, so the violation has been logged but no further action has been taken.
Connecting to '<URL>' violates the following Content Security Policy directive: "connect-src 'none'". The policy is report-only, so the violation has been logged but no further action has been taken.
Connecting to '<URL>' violates the following Content Security Policy directive: "connect-src 'none'". The policy is report-only, so the violation has been logged but no further action has been taken.
Connecting to '<URL>' violates the following Content Security Policy directive: "connect-src 'none'". The policy is report-only, so the violation has been logged but no further action has been taken.
Connecting to '<URL>' violates the following Content Security Policy directive: "connect-src 'none'". The policy is report-only, so the violation has been logged but no further action has been taken.
Connecting to '<URL>' violates the following Content Security Policy directive: "connect-src 'none'". The policy is report-only, so the violation has been logged but no further action has been taken.
Connecting to '<URL>' violates the following Content Security Policy directive: "connect-src 'none'". The policy is report-only, so the violation has been logged but no further action has been taken.
Connecting to '<URL>' violates the following Content Security Policy directive: "connect-src 'none'". The policy is report-only, so the violation has been logged but no further action has been taken.
Connecting to '<URL>' violates the following Content Security Policy directive: "connect-src 'none'". The policy is report-only, so the violation has been logged but no further action has been taken.
Connecting to '<URL>' violates the following Content Security Policy directive: "connect-src 'none'". The policy is report-only, so the violation has been logged but no further action has been taken.
Connecting to '<URL>' violates the following Content Security Policy directive: "connect-src 'none'". The policy is report-only, so the violation has been logged but no further action has been taken.
Connecting to '<URL>' violates the following Content Security Policy directive: "connect-src 'none'". The policy is report-only, so the violation has been logged but no further action has been taken.
Connecting to '<URL>' violates the following Content Security Policy directive: "connect-src 'none'". The policy is report-only, so the violation has been logged but no further action has been taken.
Connecting to '<URL>' violates the following Content Security Policy directive: "connect-src 'none'". The policy is report-only, so the violation has been logged but no further action has been taken.
Connecting to '<URL>' violates the following Content Security Policy directive: "connect-src 'none'". The policy is report-only, so the violation has been logged but no further action has been taken.
Connecting to '<URL>' violates the following Content Security Policy directive: "connect-src 'none'". The policy is report-only, so the violation has been logged but no further action has been taken.
Connecting to '<URL>' violates the following Content Security Policy directive: "connect-src 'none'". The policy is report-only, so the violation has been logged but no further action has been taken.
Connecting to '<URL>' violates the following Content Security Policy directive: "connect-src 'none'". The policy is report-only, so the violation has been logged but no further action has been taken.
Connecting to '<URL>' violates the following Content Security Policy directive: "connect-src 'none'". The policy is report-only, so the violation has been logged but no further action has been taken.
Connecting to '<URL>' violates the following Content Security Policy directive: "connect-src 'none'". The policy is report-only, so the violation has been logged but no further action has been taken.
Connecting to '<URL>' violates the following Content Security Policy directive: "connect-src 'none'". The policy is report-only, so the violation has been logged but no further action has been taken.
Connecting to '<URL>' violates the following Content Security Policy directive: "connect-src 'none'". The policy is report-only, so the violation has been logged but no further action has been taken.
Connecting to '<URL>' violates the following Content Security Policy directive: "connect-src 'none'". The policy is report-only, so the violation has been logged but no further action has been taken.
Connecting to '<URL>' violates the following Content Security Policy directive: "connect-src 'none'". The policy is report-only, so the violation has been logged but no further action has been taken.
Connecting to '<URL>' violates the following Content Security Policy directive: "connect-src 'none'". The policy is report-only, so the violation has been logged but no further action has been taken.
Connecting to '<URL>' violates the following Content Security Policy directive: "connect-src 'none'". The policy is report-only, so the violation has been logged but no further action has been taken.
Connecting to '<URL>' violates the following Content Security Policy directive: "connect-src 'none'". The policy is report-only, so the violation has been logged but no further action has been taken.
Connecting to '<URL>' violates the following Content Security Policy directive: "connect-src 'none'". The policy is report-only, so the violation has been logged but no further action has been taken.
Connecting to '<URL>' violates the following Content Security Policy directive: "connect-src 'none'". The policy is report-only, so the violation has been logged but no further action has been taken.
Connecting to '<URL>' violates the following Content Security Policy directive: "connect-src 'none'". The policy is report-only, so the violation has been logged but no further action has been taken.
Connecting to '<URL>' violates the following Content Security Policy directive: "connect-src 'none'". The policy is report-only, so the violation has been logged but no further action has been taken.
Connecting to '<URL>' violates the following Content Security Policy directive: "connect-src 'none'". The policy is report-only, so the violation has been logged but no further action has been taken.
Connecting to '<URL>' violates the following Content Security Policy directive: "connect-src 'none'". The policy is report-only, so the violation has been logged but no further action has been taken.
Connecting to '<URL>' violates the following Content Security Policy directive: "connect-src 'none'". The policy is report-only, so the violation has been logged but no further action has been taken.
Connecting to '<URL>' violates the following Content Security Policy directive: "connect-src 'none'". The policy is report-only, so the violation has been logged but no further action has been taken.
Connecting to '<URL>' violates the following Content Security Policy directive: "connect-src 'none'". The policy is report-only, so the violation has been logged but no further action has been taken.
Connecting to '<URL>' violates the following Content Security Policy directive: "connect-src 'none'". The policy is report-only, so the violation has been logged but no further action has been taken.
Connecting to '<URL>' violates the following Content Security Policy directive: "connect-src 'none'". The policy is report-only, so the violation has been logged but no further action has been taken.
Connecting to '<URL>' violates the following Content Security Policy directive: "connect-src 'none'". The policy is report-only, so the violation has been logged but no further action has been taken.
Connecting to '<URL>' violates the following Content Security Policy directive: "connect-src 'none'". The policy is report-only, so the violation has been logged but no further action has been taken.
Connecting to '<URL>' violates the following Content Security Policy directive: "connect-src 'none'". The policy is report-only, so the violation has been logged but no further action has been taken.
Connecting to '<URL>' violates the following Content Security Policy directive: "connect-src 'none'". The policy is report-only, so the violation has been logged but no further action has been taken.
Connecting to '<URL>' violates the following Content Security Policy directive: "connect-src 'none'". The policy is report-only, so the violation has been logged but no further action has been taken.
Connecting to '<URL>' violates the following Content Security Policy directive: "connect-src 'none'". The policy is report-only, so the violation has been logged but no further action has been taken.
Connecting to '<URL>' violates the following Content Security Policy directive: "connect-src 'none'". The policy is report-only, so the violation has been logged but no further action has been taken.
Connecting to '<URL>' violates the following Content Security Policy directive: "connect-src 'none'". The policy is report-only, so the violation has been logged but no further action has been taken.
Connecting to '<URL>' violates the following Content Security Policy directive: "connect-src 'none'". The policy is report-only, so the violation has been logged but no further action has been taken.
Connecting to '<URL>' violates the following Content Security Policy directive: "connect-src 'none'". The policy is report-only, so the violation has been logged but no further action has been taken.
Connecting to '<URL>' violates the following Content Security Policy directive: "connect-src 'none'". The policy is report-only, so the violation has been logged but no further action has been taken.
Connecting to '<URL>' violates the following Content Security Policy directive: "connect-src 'none'". The policy is report-only, so the violation has been logged but no further action has been taken.
Connecting to '<URL>' violates the following Content Security Policy directive: "connect-src 'none'". The policy is report-only, so the violation has been logged but no further action has been taken.
Connecting to '<URL>' violates the following Content Security Policy directive: "connect-src 'none'". The policy is report-only, so the violation has been logged but no further action has been taken.
Connecting to '<URL>' violates the following Content Security Policy directive: "connect-src 'none'". The policy is report-only, so the violation has been logged but no further action has been taken.
Connecting to '<URL>' violates the following Content Security Policy directive: "connect-src 'none'". The policy is report-only, so the violation has been logged but no further action has been taken.
Connecting to '<URL>' violates the following Content Security Policy directive: "connect-src 'none'". The policy is report-only, so the violation has been logged but no further action has been taken.
Connecting to '<URL>' violates the following Content Security Policy directive: "connect-src 'none'". The policy is report-only, so the violation has been logged but no further action has been taken.
Connecting to '<URL>' violates the following Content Security Policy directive: "connect-src 'none'". The policy is report-only, so the violation has been logged but no further action has been taken.
Connecting to '<URL>' violates the following Content Security Policy directive: "connect-src 'none'". The policy is report-only, so the violation has been logged but no further action has been taken.
Connecting to '<URL>' violates the following Content Security Policy directive: "connect-src 'none'". The policy is report-only, so the violation has been logged but no further action has been taken.
Connecting to '<URL>' violates the following Content Security Policy directive: "connect-src 'none'". The policy is report-only, so the violation has been logged but no further action has been taken.
Connecting to '<URL>' violates the following Content Security Policy directive: "connect-src 'none'". The policy is report-only, so the violation has been logged but no further action has been taken.
Connecting to '<URL>' violates the following Content Security Policy directive: "connect-src 'none'". The policy is report-only, so the violation has been logged but no further action has been taken.
Connecting to '<URL>' violates the following Content Security Policy directive: "connect-src 'none'". The policy is report-only, so the violation has been logged but no further action has been taken.
Connecting to '<URL>' violates the following Content Security Policy directive: "connect-src 'none'". The policy is report-only, so the violation has been logged but no further action has been taken.
Connecting to '<URL>' violates the following Content Security Policy directive: "connect-src 'none'". The policy is report-only, so the violation has been logged but no further action has been taken.
Connecting to '<URL>' violates the following Content Security Policy directive: "connect-src 'none'". The policy is report-only, so the violation has been logged but no further action has been taken.
Connecting to '<URL>' violates the following Content Security Policy directive: "connect-src 'none'". The policy is report-only, so the violation has been logged but no further action has been taken.
Connecting to '<URL>' violates the following Content Security Policy directive: "connect-src 'none'". The policy is report-only, so the violation has been logged but no further action has been taken.
Connecting to '<URL>' violates the following Content Security Policy directive: "connect-src 'none'". The policy is report-only, so the violation has been logged but no further action has been taken.
Connecting to '<URL>' violates the following Content Security Policy directive: "connect-src 'none'". The policy is report-only, so the violation has been logged but no further action has been taken.
Connecting to '<URL>' violates the following Content Security Policy directive: "connect-src 'none'". The policy is report-only, so the violation has been logged but no further action has been taken.
Connecting to '<URL>' violates the following Content Security Policy directive: "connect-src 'none'". The policy is report-only, so the violation has been logged but no further action has been taken.
Connecting to '<URL>' violates the following Content Security Policy directive: "connect-src 'none'". The policy is report-only, so the violation has been logged but no further action has been taken.
Connecting to '<URL>' violates the following Content Security Policy directive: "connect-src 'none'". The policy is report-only, so the violation has been logged but no further action has been taken.
Connecting to '<URL>' violates the following Content Security Policy directive: "connect-src 'none'". The policy is report-only, so the violation has been logged but no further action has been taken.
Connecting to '<URL>' violates the following Content Security Policy directive: "connect-src 'none'". The policy is report-only, so the violation has been logged but no further action has been taken.
Connecting to '<URL>' violates the following Content Security Policy directive: "connect-src 'none'". The policy is report-only, so the violation has been logged but no further action has been taken.
Connecting to '<URL>' violates the following Content Security Policy directive: "connect-src 'none'". The policy is report-only, so the violation has been logged but no further action has been taken.
Connecting to '<URL>' violates the following Content Security Policy directive: "connect-src 'none'". The policy is report-only, so the violation has been logged but no further action has been taken.
Connecting to '<URL>' violates the following Content Security Policy directive: "connect-src 'none'". The policy is report-only, so the violation has been logged but no further action has been taken.
Connecting to '<URL>' violates the following Content Security Policy directive: "connect-src 'none'". The policy is report-only, so the violation has been logged but no further action has been taken.
Connecting to '<URL>' violates the following Content Security Policy directive: "connect-src 'none'". The policy is report-only, so the violation has been logged but no further action has been taken.
Connecting to '<URL>' violates the following Content Security Policy directive: "connect-src 'none'". The policy is report-only, so the violation has been logged but no further action has been taken.
Connecting to '<URL>' violates the following Content Security Policy directive: "connect-src 'none'". The policy is report-only, so the violation has been logged but no further action has been taken.
Connecting to '<URL>' violates the following Content Security Policy directive: "connect-src 'none'". The policy is report-only, so the violation has been logged but no further action has been taken.
Connecting to '<URL>' violates the following Content Security Policy directive: "connect-src 'none'". The policy is report-only, so the violation has been logged but no further action has been taken.
Connecting to '<URL>' violates the following Content Security Policy directive: "connect-src 'none'". The policy is report-only, so the violation has been logged but no further action has been taken.
Connecting to '<URL>' violates the following Content Security Policy directive: "connect-src 'none'". The policy is report-only, so the violation has been logged but no further action has been taken.
Connecting to '<URL>' violates the following Content Security Policy directive: "connect-src 'none'". The policy is report-only, so the violation has been logged but no further action has been taken.
Connecting to '<URL>' violates the following Content Security Policy directive: "connect-src 'none'". The policy is report-only, so the violation has been logged but no further action has been taken.
Connecting to '<URL>' violates the following Content Security Policy directive: "connect-src 'none'". The policy is report-only, so the violation has been logged but no further action has been taken.
Connecting to '<URL>' violates the following Content Security Policy directive: "connect-src 'none'". The policy is report-only, so the violation has been logged but no further action has been taken.
Connecting to '<URL>' violates the following Content Security Policy directive: "connect-src 'none'". The policy is report-only, so the violation has been logged but no further action has been taken.
Connecting to '<URL>' violates the following Content Security Policy directive: "connect-src 'none'". The policy is report-only, so the violation has been logged but no further action has been taken.
Connecting to '<URL>' violates the following Content Security Policy directive: "connect-src 'none'". The policy is report-only, so the violation has been logged but no further action has been taken.
Connecting to '<URL>' violates the following Content Security Policy directive: "connect-src 'none'". The policy is report-only, so the violation has been logged but no further action has been taken.
Connecting to '<URL>' violates the following Content Security Policy directive: "connect-src 'none'". The policy is report-only, so the violation has been logged but no further action has been taken.
Connecting to '<URL>' violates the following Content Security Policy directive: "connect-src 'none'". The policy is report-only, so the violation has been logged but no further action has been taken.
Connecting to '<URL>' violates the following Content Security Policy directive: "connect-src 'none'". The policy is report-only, so the violation has been logged but no further action has been taken.
Connecting to '<URL>' violates the following Content Security Policy directive: "connect-src 'none'". The policy is report-only, so the violation has been logged but no further action has been taken.
Connecting to '<URL>' violates the following Content Security Policy directive: "connect-src 'none'". The policy is report-only, so the violation has been logged but no further action has been taken.
Connecting to '<URL>' violates the following Content Security Policy directive: "connect-src 'none'". The policy is report-only, so the violation has been logged but no further action has been taken.
Connecting to '<URL>' violates the following Content Security Policy directive: "connect-src 'none'". The policy is report-only, so the violation has been logged but no further action has been taken.
Connecting to '<URL>' violates the following Content Security Policy directive: "connect-src 'none'". The policy is report-only, so the violation has been logged but no further action has been taken.
Connecting to '<URL>' violates the following Content Security Policy directive: "connect-src 'none'". The policy is report-only, so the violation has been logged but no further action has been taken.
Connecting to '<URL>' violates the following Content Security Policy directive: "connect-src 'none'". The policy is report-only, so the violation has been logged but no further action has been taken.
Connecting to '<URL>' violates the following Content Security Policy directive: "connect-src 'none'". The policy is report-only, so the violation has been logged but no further action has been taken.
Connecting to '<URL>' violates the following Content Security Policy directive: "connect-src 'none'". The policy is report-only, so the violation has been logged but no further action has been taken.
Connecting to '<URL>' violates the following Content Security Policy directive: "connect-src 'none'". The policy is report-only, so the violation has been logged but no further action has been taken.
Connecting to '<URL>' violates the following Content Security Policy directive: "connect-src 'none'". The policy is report-only, so the violation has been logged but no further action has been taken.
Connecting to '<URL>' violates the following Content Security Policy directive: "connect-src 'none'". The policy is report-only, so the violation has been logged but no further action has been taken.
Connecting to '<URL>' violates the following Content Security Policy directive: "connect-src 'none'". The policy is report-only, so the violation has been logged but no further action has been taken.
Connecting to '<URL>' violates the following Content Security Policy directive: "connect-src 'none'". The policy is report-only, so the violation has been logged but no further action has been taken.
Connecting to '<URL>' violates the following Content Security Policy directive: "connect-src 'none'". The policy is report-only, so the violation has been logged but no further action has been taken.
Connecting to '<URL>' violates the following Content Security Policy directive: "connect-src 'none'". The policy is report-only, so the violation has been logged but no further action has been taken.
Connecting to '<URL>' violates the following Content Security Policy directive: "connect-src 'none'". The policy is report-only, so the violation has been logged but no further action has been taken.
Connecting to '<URL>' violates the following Content Security Policy directive: "connect-src 'none'". The policy is report-only, so the violation has been logged but no further action has been taken.
Connecting to '<URL>' violates the following Content Security Policy directive: "connect-src 'none'". The policy is report-only, so the violation has been logged but no further action has been taken.
Connecting to '<URL>' violates the following Content Security Policy directive: "connect-src 'none'". The policy is report-only, so the violation has been logged but no further action has been taken.
Connecting to '<URL>' violates the following Content Security Policy directive: "connect-src 'none'". The policy is report-only, so the violation has been logged but no further action has been taken.
Connecting to '<URL>' violates the following Content Security Policy directive: "connect-src 'none'". The policy is report-only, so the violation has been logged but no further action has been taken.
Connecting to '<URL>' violates the following Content Security Policy directive: "connect-src 'none'". The policy is report-only, so the violation has been logged but no further action has been taken.
Connecting to '<URL>' violates the following Content Security Policy directive: "connect-src 'none'". The policy is report-only, so the violation has been logged but no further action has been taken.
Connecting to '<URL>' violates the following Content Security Policy directive: "connect-src 'none'". The policy is report-only, so the violation has been logged but no further action has been taken.
Connecting to '<URL>' violates the following Content Security Policy directive: "connect-src 'none'". The policy is report-only, so the violation has been logged but no further action has been taken.
Connecting to '<URL>' violates the following Content Security Policy directive: "connect-src 'none'". The policy is report-only, so the violation has been logged but no further action has been taken.
Connecting to '<URL>' violates the following Content Security Policy directive: "connect-src 'none'". The policy is report-only, so the violation has been logged but no further action has been taken.
Connecting to '<URL>' violates the following Content Security Policy directive: "connect-src 'none'". The policy is report-only, so the violation has been logged but no further action has been taken.
Connecting to '<URL>' violates the following Content Security Policy directive: "connect-src 'none'". The policy is report-only, so the violation has been logged but no further action has been taken.
Connecting to '<URL>' violates the following Content Security Policy directive: "connect-src 'none'". The policy is report-only, so the violation has been logged but no further action has been taken.
Connecting to '<URL>' violates the following Content Security Policy directive: "connect-src 'none'". The policy is report-only, so the violation has been logged but no further action has been taken.
Connecting to '<URL>' violates the following Content Security Policy directive: "connect-src 'none'". The policy is report-only, so the violation has been logged but no further action has been taken.
Connecting to '<URL>' violates the following Content Security Policy directive: "connect-src 'none'". The policy is report-only, so the violation has been logged but no further action has been taken.
Connecting to '<URL>' violates the following Content Security Policy directive: "connect-src 'none'". The policy is report-only, so the violation has been logged but no further action has been taken.
Connecting to '<URL>' violates the following Content Security Policy directive: "connect-src 'none'". The policy is report-only, so the violation has been logged but no further action has been taken.
Connecting to '<URL>' violates the following Content Security Policy directive: "connect-src 'none'". The policy is report-only, so the violation has been logged but no further action has been taken.
Connecting to '<URL>' violates the following Content Security Policy directive: "connect-src 'none'". The policy is report-only, so the violation has been logged but no further action has been taken.
Connecting to '<URL>' violates the following Content Security Policy directive: "connect-src 'none'". The policy is report-only, so the violation has been logged but no further action has been taken.
Connecting to '<URL>' violates the following Content Security Policy directive: "connect-src 'none'". The policy is report-only, so the violation has been logged but no further action has been taken.
Connecting to '<URL>' violates the following Content Security Policy directive: "connect-src 'none'". The policy is report-only, so the violation has been logged but no further action has been taken.
Connecting to '<URL>' violates the following Content Security Policy directive: "connect-src 'none'". The policy is report-only, so the violation has been logged but no further action has been taken.
Connecting to '<URL>' violates the following Content Security Policy directive: "connect-src 'none'". The policy is report-only, so the violation has been logged but no further action has been taken.
Connecting to '<URL>' violates the following Content Security Policy directive: "connect-src 'none'". The policy is report-only, so the violation has been logged but no further action has been taken.
Connecting to '<URL>' violates the following Content Security Policy directive: "connect-src 'none'". The policy is report-only, so the violation has been logged but no further action has been taken.
Connecting to '<URL>' violates the following Content Security Policy directive: "connect-src 'none'". The policy is report-only, so the violation has been logged but no further action has been taken.
Connecting to '<URL>' violates the following Content Security Policy directive: "connect-src 'none'". The policy is report-only, so the violation has been logged but no further action has been taken.
Connecting to '<URL>' violates the following Content Security Policy directive: "connect-src 'none'". The policy is report-only, so the violation has been logged but no further action has been taken.
Connecting to '<URL>' violates the following Content Security Policy directive: "connect-src 'none'". The policy is report-only, so the violation has been logged but no further action has been taken.
Connecting to '<URL>' violates the following Content Security Policy directive: "connect-src 'none'". The policy is report-only, so the violation has been logged but no further action has been taken.
Connecting to '<URL>' violates the following Content Security Policy directive: "connect-src 'none'". The policy is report-only, so the violation has been logged but no further action has been taken.
Connecting to '<URL>' violates the following Content Security Policy directive: "connect-src 'none'". The policy is report-only, so the violation has been logged but no further action has been taken.
Connecting to '<URL>' violates the following Content Security Policy directive: "connect-src 'none'". The policy is report-only, so the violation has been logged but no further action has been taken.
Connecting to '<URL>' violates the following Content Security Policy directive: "connect-src 'none'". The policy is report-only, so the violation has been logged but no further action has been taken.
Connecting to '<URL>' violates the following Content Security Policy directive: "connect-src 'none'". The policy is report-only, so the violation has been logged but no further action has been taken.
Connecting to '<URL>' violates the following Content Security Policy directive: "connect-src 'none'". The policy is report-only, so the violation has been logged but no further action has been taken.
Connecting to '<URL>' violates the following Content Security Policy directive: "connect-src 'none'". The policy is report-only, so the violation has been logged but no further action has been taken.
Connecting to '<URL>' violates the following Content Security Policy directive: "connect-src 'none'". The policy is report-only, so the violation has been logged but no further action has been taken.
Connecting to '<URL>' violates the following Content Security Policy directive: "connect-src 'none'". The policy is report-only, so the violation has been logged but no further action has been taken.
Connecting to '<URL>' violates the following Content Security Policy directive: "connect-src 'none'". The policy is report-only, so the violation has been logged but no further action has been taken.
Connecting to '<URL>' violates the following Content Security Policy directive: "connect-src 'none'". The policy is report-only, so the violation has been logged but no further action has been taken.
Connecting to '<URL>' violates the following Content Security Policy directive: "connect-src 'none'". The policy is report-only, so the violation has been logged but no further action has been taken.
Connecting to '<URL>' violates the following Content Security Policy directive: "connect-src 'none'". The policy is report-only, so the violation has been logged but no further action has been taken.
Connecting to '<URL>' violates the following Content Security Policy directive: "connect-src 'none'". The policy is report-only, so the violation has been logged but no further action has been taken.
Connecting to '<URL>' violates the following Content Security Policy directive: "connect-src 'none'". The policy is report-only, so the violation has been logged but no further action has been taken.
Connecting to '<URL>' violates the following Content Security Policy directive: "connect-src 'none'". The policy is report-only, so the violation has been logged but no further action has been taken.
Connecting to '<URL>' violates the following Content Security Policy directive: "connect-src 'none'". The policy is report-only, so the violation has been logged but no further action has been taken.
Connecting to '<URL>' violates the following Content Security Policy directive: "connect-src 'none'". The policy is report-only, so the violation has been logged but no further action has been taken.
Connecting to '<URL>' violates the following Content Security Policy directive: "connect-src 'none'". The policy is report-only, so the violation has been logged but no further action has been taken.
Connecting to '<URL>' violates the following Content Security Policy directive: "connect-src 'none'". The policy is report-only, so the violation has been logged but no further action has been taken.
Connecting to '<URL>' violates the following Content Security Policy directive: "connect-src 'none'". The policy is report-only, so the violation has been logged but no further action has been taken.
Connecting to '<URL>' violates the following Content Security Policy directive: "connect-src 'none'". The policy is report-only, so the violation has been logged but no further action has been taken.
Connecting to '<URL>' violates the following Content Security Policy directive: "connect-src 'none'". The policy is report-only, so the violation has been logged but no further action has been taken.
Connecting to '<URL>' violates the following Content Security Policy directive: "connect-src 'none'". The policy is report-only, so the violation has been logged but no further action has been taken.
Connecting to '<URL>' violates the following Content Security Policy directive: "connect-src 'none'". The policy is report-only, so the violation has been logged but no further action has been taken.
Connecting to '<URL>' violates the following Content Security Policy directive: "connect-src 'none'". The policy is report-only, so the violation has been logged but no further action has been taken.
Connecting to '<URL>' violates the following Content Security Policy directive: "connect-src 'none'". The policy is report-only, so the violation has been logged but no further action has been taken.
Connecting to '<URL>' violates the following Content Security Policy directive: "connect-src 'none'". The policy is report-only, so the violation has been logged but no further action has been taken.
Connecting to '<URL>' violates the following Content Security Policy directive: "connect-src 'none'". The policy is report-only, so the violation has been logged but no further action has been taken.
Connecting to '<URL>' violates the following Content Security Policy directive: "connect-src 'none'". The policy is report-only, so the violation has been logged but no further action has been taken.
Connecting to '<URL>' violates the following Content Security Policy directive: "connect-src 'none'". The policy is report-only, so the violation has been logged but no further action has been taken.
Connecting to '<URL>' violates the following Content Security Policy directive: "connect-src 'none'". The policy is report-only, so the violation has been logged but no further action has been taken.
Connecting to '<URL>' violates the following Content Security Policy directive: "connect-src 'none'". The policy is report-only, so the violation has been logged but no further action has been taken.
Connecting to '<URL>' violates the following Content Security Policy directive: "connect-src 'none'". The policy is report-only, so the violation has been logged but no further action has been taken.
Connecting to '<URL>' violates the following Content Security Policy directive: "connect-src 'none'". The policy is report-only, so the violation has been logged but no further action has been taken.
Connecting to '<URL>' violates the following Content Security Policy directive: "connect-src 'none'". The policy is report-only, so the violation has been logged but no further action has been taken.
Connecting to '<URL>' violates the following Content Security Policy directive: "connect-src 'none'". The policy is report-only, so the violation has been logged but no further action has been taken.
Connecting to '<URL>' violates the following Content Security Policy directive: "connect-src 'none'". The policy is report-only, so the violation has been logged but no further action has been taken.
Connecting to '<URL>' violates the following Content Security Policy directive: "connect-src 'none'". The policy is report-only, so the violation has been logged but no further action has been taken.
Connecting to '<URL>' violates the following Content Security Policy directive: "connect-src 'none'". The policy is report-only, so the violation has been logged but no further action has been taken.
Connecting to '<URL>' violates the following Content Security Policy directive: "connect-src 'none'". The policy is report-only, so the violation has been logged but no further action has been taken.
Connecting to '<URL>' violates the following Content Security Policy directive: "connect-src 'none'". The policy is report-only, so the violation has been logged but no further action has been taken.
Connecting to '<URL>' violates the following Content Security Policy directive: "connect-src 'none'". The policy is report-only, so the violation has been logged but no further action has been taken.
Connecting to '<URL>' violates the following Content Security Policy directive: "connect-src 'none'". The policy is report-only, so the violation has been logged but no further action has been taken.
Connecting to '<URL>' violates the following Content Security Policy directive: "connect-src 'none'". The policy is report-only, so the violation has been logged but no further action has been taken.
Connecting to '<URL>' violates the following Content Security Policy directive: "connect-src 'none'". The policy is report-only, so the violation has been logged but no further action has been taken.
Connecting to '<URL>' violates the following Content Security Policy directive: "connect-src 'none'". The policy is report-only, so the violation has been logged but no further action has been taken.
Connecting to '<URL>' violates the following Content Security Policy directive: "connect-src 'none'". The policy is report-only, so the violation has been logged but no further action has been taken.
Connecting to '<URL>' violates the following Content Security Policy directive: "connect-src 'none'". The policy is report-only, so the violation has been logged but no further action has been taken.
Connecting to '<URL>' violates the following Content Security Policy directive: "connect-src 'none'". The policy is report-only, so the violation has been logged but no further action has been taken.
Connecting to '<URL>' violates the following Content Security Policy directive: "connect-src 'none'". The policy is report-only, so the violation has been logged but no further action has been taken.
Connecting to '<URL>' violates the following Content Security Policy directive: "connect-src 'none'". The policy is report-only, so the violation has been logged but no further action has been taken.
Connecting to '<URL>' violates the following Content Security Policy directive: "connect-src 'none'". The policy is report-only, so the violation has been logged but no further action has been taken.
Connecting to '<URL>' violates the following Content Security Policy directive: "connect-src 'none'". The policy is report-only, so the violation has been logged but no further action has been taken.
Connecting to '<URL>' violates the following Content Security Policy directive: "connect-src 'none'". The policy is report-only, so the violation has been logged but no further action has been taken.
Connecting to '<URL>' violates the following Content Security Policy directive: "connect-src 'none'". The policy is report-only, so the violation has been logged but no further action has been taken.
Connecting to '<URL>' violates the following Content Security Policy directive: "connect-src 'none'". The policy is report-only, so the violation has been logged but no further action has been taken.
Connecting to '<URL>' violates the following Content Security Policy directive: "connect-src 'none'". The policy is report-only, so the violation has been logged but no further action has been taken.
Connecting to '<URL>' violates the following Content Security Policy directive: "connect-src 'none'". The policy is report-only, so the violation has been logged but no further action has been taken.
Connecting to '<URL>' violates the following Content Security Policy directive: "connect-src 'none'". The policy is report-only, so the violation has been logged but no further action has been taken.
Connecting to '<URL>' violates the following Content Security Policy directive: "connect-src 'none'". The policy is report-only, so the violation has been logged but no further action has been taken.
Connecting to '<URL>' violates the following Content Security Policy directive: "connect-src 'none'". The policy is report-only, so the violation has been logged but no further action has been taken.
Connecting to '<URL>' violates the following Content Security Policy directive: "connect-src 'none'". The policy is report-only, so the violation has been logged but no further action has been taken.
Connecting to '<URL>' violates the following Content Security Policy directive: "connect-src 'none'". The policy is report-only, so the violation has been logged but no further action has been taken.
Connecting to '<URL>' violates the following Content Security Policy directive: "connect-src 'none'". The policy is report-only, so the violation has been logged but no further action has been taken.
Connecting to '<URL>' violates the following Content Security Policy directive: "connect-src 'none'". The policy is report-only, so the violation has been logged but no further action has been taken.
Connecting to '<URL>' violates the following Content Security Policy directive: "connect-src 'none'". The policy is report-only, so the violation has been logged but no further action has been taken.
Connecting to '<URL>' violates the following Content Security Policy directive: "connect-src 'none'". The policy is report-only, so the violation has been logged but no further action has been taken.
Connecting to '<URL>' violates the following Content Security Policy directive: "connect-src 'none'". The policy is report-only, so the violation has been logged but no further action has been taken.
Connecting to '<URL>' violates the following Content Security Policy directive: "connect-src 'none'". The policy is report-only, so the violation has been logged but no further action has been taken.
Connecting to '<URL>' violates the following Content Security Policy directive: "connect-src 'none'". The policy is report-only, so the violation has been logged but no further action has been taken.
Connecting to '<URL>' violates the following Content Security Policy directive: "connect-src 'none'". The policy is report-only, so the violation has been logged but no further action has been taken.
Connecting to '<URL>' violates the following Content Security Policy directive: "connect-src 'none'". The policy is report-only, so the violation has been logged but no further action has been taken.
Connecting to '<URL>' violates the following Content Security Policy directive: "connect-src 'none'". The policy is report-only, so the violation has been logged but no further action has been taken.
Connecting to '<URL>' violates the following Content Security Policy directive: "connect-src 'none'". The policy is report-only, so the violation has been logged but no further action has been taken.
Connecting to '<URL>' violates the following Content Security Policy directive: "connect-src 'none'". The policy is report-only, so the violation has been logged but no further action has been taken.
Connecting to '<URL>' violates the following Content Security Policy directive: "connect-src 'none'". The policy is report-only, so the violation has been logged but no further action has been taken.
Connecting to '<URL>' violates the following Content Security Policy directive: "connect-src 'none'". The policy is report-only, so the violation has been logged but no further action has been taken.
Connecting to '<URL>' violates the following Content Security Policy directive: "connect-src 'none'". The policy is report-only, so the violation has been logged but no further action has been taken.
Connecting to '<URL>' violates the following Content Security Policy directive: "connect-src 'none'". The policy is report-only, so the violation has been logged but no further action has been taken.
Connecting to '<URL>' violates the following Content Security Policy directive: "connect-src 'none'". The policy is report-only, so the violation has been logged but no further action has been taken.
Connecting to '<URL>' violates the following Content Security Policy directive: "connect-src 'none'". The policy is report-only, so the violation has been logged but no further action has been taken.
Connecting to '<URL>' violates the following Content Security Policy directive: "connect-src 'none'". The policy is report-only, so the violation has been logged but no further action has been taken.
Connecting to '<URL>' violates the following Content Security Policy directive: "connect-src 'none'". The policy is report-only, so the violation has been logged but no further action has been taken.
Connecting to '<URL>' violates the following Content Security Policy directive: "connect-src 'none'". The policy is report-only, so the violation has been logged but no further action has been taken.
Connecting to '<URL>' violates the following Content Security Policy directive: "connect-src 'none'". The policy is report-only, so the violation has been logged but no further action has been taken.
Connecting to '<URL>' violates the following Content Security Policy directive: "connect-src 'none'". The policy is report-only, so the violation has been logged but no further action has been taken.
Connecting to '<URL>' violates the following Content Security Policy directive: "connect-src 'none'". The policy is report-only, so the violation has been logged but no further action has been taken.
Connecting to '<URL>' violates the following Content Security Policy directive: "connect-src 'none'". The policy is report-only, so the violation has been logged but no further action has been taken.
Connecting to '<URL>' violates the following Content Security Policy directive: "connect-src 'none'". The policy is report-only, so the violation has been logged but no further action has been taken.
Connecting to '<URL>' violates the following Content Security Policy directive: "connect-src 'none'". The policy is report-only, so the violation has been logged but no further action has been taken.
Connecting to '<URL>' violates the following Content Security Policy directive: "connect-src 'none'". The policy is report-only, so the violation has been logged but no further action has been taken.
Connecting to '<URL>' violates the following Content Security Policy directive: "connect-src 'none'". The policy is report-only, so the violation has been logged but no further action has been taken.
Connecting to '<URL>' violates the following Content Security Policy directive: "connect-src 'none'". The policy is report-only, so the violation has been logged but no further action has been taken.
Connecting to '<URL>' violates the following Content Security Policy directive: "connect-src 'none'". The policy is report-only, so the violation has been logged but no further action has been taken.
Connecting to '<URL>' violates the following Content Security Policy directive: "connect-src 'none'". The policy is report-only, so the violation has been logged but no further action has been taken.
Connecting to '<URL>' violates the following Content Security Policy directive: "connect-src 'none'". The policy is report-only, so the violation has been logged but no further action has been taken.
Connecting to '<URL>' violates the following Content Security Policy directive: "connect-src 'none'". The policy is report-only, so the violation has been logged but no further action has been taken.
Connecting to '<URL>' violates the following Content Security Policy directive: "connect-src 'none'". The policy is report-only, so the violation has been logged but no further action has been taken.
Connecting to '<URL>' violates the following Content Security Policy directive: "connect-src 'none'". The policy is report-only, so the violation has been logged but no further action has been taken.
Connecting to '<URL>' violates the following Content Security Policy directive: "connect-src 'none'". The policy is report-only, so the violation has been logged but no further action has been taken.
Connecting to '<URL>' violates the following Content Security Policy directive: "connect-src 'none'". The policy is report-only, so the violation has been logged but no further action has been taken.
Connecting to '<URL>' violates the following Content Security Policy directive: "connect-src 'none'". The policy is report-only, so the violation has been logged but no further action has been taken.
Connecting to '<URL>' violates the following Content Security Policy directive: "connect-src 'none'". The policy is report-only, so the violation has been logged but no further action has been taken.
Connecting to '<URL>' violates the following Content Security Policy directive: "connect-src 'none'". The policy is report-only, so the violation has been logged but no further action has been taken.
Connecting to '<URL>' violates the following Content Security Policy directive: "connect-src 'none'". The policy is report-only, so the violation has been logged but no further action has been taken.
Connecting to '<URL>' violates the following Content Security Policy directive: "connect-src 'none'". The policy is report-only, so the violation has been logged but no further action has been taken.
Connecting to '<URL>' violates the following Content Security Policy directive: "connect-src 'none'". The policy is report-only, so the violation has been logged but no further action has been taken.
Connecting to '<URL>' violates the following Content Security Policy directive: "connect-src 'none'". The policy is report-only, so the violation has been logged but no further action has been taken.
Connecting to '<URL>' violates the following Content Security Policy directive: "connect-src 'none'". The policy is report-only, so the violation has been logged but no further action has been taken.
Connecting to '<URL>' violates the following Content Security Policy directive: "connect-src 'none'". The policy is report-only, so the violation has been logged but no further action has been taken.
Connecting to '<URL>' violates the following Content Security Policy directive: "connect-src 'none'". The policy is report-only, so the violation has been logged but no further action has been taken.
Connecting to '<URL>' violates the following Content Security Policy directive: "connect-src 'none'". The policy is report-only, so the violation has been logged but no further action has been taken.
Connecting to '<URL>' violates the following Content Security Policy directive: "connect-src 'none'". The policy is report-only, so the violation has been logged but no further action has been taken.
Connecting to '<URL>' violates the following Content Security Policy directive: "connect-src 'none'". The policy is report-only, so the violation has been logged but no further action has been taken.
Connecting to '<URL>' violates the following Content Security Policy directive: "connect-src 'none'". The policy is report-only, so the violation has been logged but no further action has been taken.
Connecting to '<URL>' violates the following Content Security Policy directive: "connect-src 'none'". The policy is report-only, so the violation has been logged but no further action has been taken.
Connecting to '<URL>' violates the following Content Security Policy directive: "connect-src 'none'". The policy is report-only, so the violation has been logged but no further action has been taken.
Connecting to '<URL>' violates the following Content Security Policy directive: "connect-src 'none'". The policy is report-only, so the violation has been logged but no further action has been taken.
Connecting to '<URL>' violates the following Content Security Policy directive: "connect-src 'none'". The policy is report-only, so the violation has been logged but no further action has been taken.
Connecting to '<URL>' violates the following Content Security Policy directive: "connect-src 'none'". The policy is report-only, so the violation has been logged but no further action has been taken.
Connecting to '<URL>' violates the following Content Security Policy directive: "connect-src 'none'". The policy is report-only, so the violation has been logged but no further action has been taken.
Connecting to '<URL>' violates the following Content Security Policy directive: "connect-src 'none'". The policy is report-only, so the violation has been logged but no further action has been taken.
Connecting to '<URL>' violates the following Content Security Policy directive: "connect-src 'none'". The policy is report-only, so the violation has been logged but no further action has been taken.
Connecting to '<URL>' violates the following Content Security Policy directive: "connect-src 'none'". The policy is report-only, so the violation has been logged but no further action has been taken.
Connecting to '<URL>' violates the following Content Security Policy directive: "connect-src 'none'". The policy is report-only, so the violation has been logged but no further action has been taken.
Connecting to '<URL>' violates the following Content Security Policy directive: "connect-src 'none'". The policy is report-only, so the violation has been logged but no further action has been taken.
Connecting to '<URL>' violates the following Content Security Policy directive: "connect-src 'none'". The policy is report-only, so the violation has been logged but no further action has been taken.
Connecting to '<URL>' violates the following Content Security Policy directive: "connect-src 'none'". The policy is report-only, so the violation has been logged but no further action has been taken.
Connecting to '<URL>' violates the following Content Security Policy directive: "connect-src 'none'". The policy is report-only, so the violation has been logged but no further action has been taken.
Connecting to '<URL>' violates the following Content Security Policy directive: "connect-src 'none'". The policy is report-only, so the violation has been logged but no further action has been taken.
Connecting to '<URL>' violates the following Content Security Policy directive: "connect-src 'none'". The policy is report-only, so the violation has been logged but no further action has been taken.
Connecting to '<URL>' violates the following Content Security Policy directive: "connect-src 'none'". The policy is report-only, so the violation has been logged but no further action has been taken.
Connecting to '<URL>' violates the following Content Security Policy directive: "connect-src 'none'". The policy is report-only, so the violation has been logged but no further action has been taken.
Connecting to '<URL>' violates the following Content Security Policy directive: "connect-src 'none'". The policy is report-only, so the violation has been logged but no further action has been taken.
Connecting to '<URL>' violates the following Content Security Policy directive: "connect-src 'none'". The policy is report-only, so the violation has been logged but no further action has been taken.
Connecting to '<URL>' violates the following Content Security Policy directive: "connect-src 'none'". The policy is report-only, so the violation has been logged but no further action has been taken.
Connecting to '<URL>' violates the following Content Security Policy directive: "connect-src 'none'". The policy is report-only, so the violation has been logged but no further action has been taken.
Connecting to '<URL>' violates the following Content Security Policy directive: "connect-src 'none'". The policy is report-only, so the violation has been logged but no further action has been taken.
Connecting to '<URL>' violates the following Content Security Policy directive: "connect-src 'none'". The policy is report-only, so the violation has been logged but no further action has been taken.
Connecting to '<URL>' violates the following Content Security Policy directive: "connect-src 'none'". The policy is report-only, so the violation has been logged but no further action has been taken.
Connecting to '<URL>' violates the following Content Security Policy directive: "connect-src 'none'". The policy is report-only, so the violation has been logged but no further action has been taken.
Connecting to '<URL>' violates the following Content Security Policy directive: "connect-src 'none'". The policy is report-only, so the violation has been logged but no further action has been taken.
Connecting to '<URL>' violates the following Content Security Policy directive: "connect-src 'none'". The policy is report-only, so the violation has been logged but no further action has been taken.
Connecting to '<URL>' violates the following Content Security Policy directive: "connect-src 'none'". The policy is report-only, so the violation has been logged but no further action has been taken.
Connecting to '<URL>' violates the following Content Security Policy directive: "connect-src 'none'". The policy is report-only, so the violation has been logged but no further action has been taken.
Connecting to '<URL>' violates the following Content Security Policy directive: "connect-src 'none'". The policy is report-only, so the violation has been logged but no further action has been taken.
Connecting to '<URL>' violates the following Content Security Policy directive: "connect-src 'none'". The policy is report-only, so the violation has been logged but no further action has been taken.
Connecting to '<URL>' violates the following Content Security Policy directive: "connect-src 'none'". The policy is report-only, so the violation has been logged but no further action has been taken.
Connecting to '<URL>' violates the following Content Security Policy directive: "connect-src 'none'". The policy is report-only, so the violation has been logged but no further action has been taken.
Connecting to '<URL>' violates the following Content Security Policy directive: "connect-src 'none'". The policy is report-only, so the violation has been logged but no further action has been taken.
Connecting to '<URL>' violates the following Content Security Policy directive: "connect-src 'none'". The policy is report-only, so the violation has been logged but no further action has been taken.
Connecting to '<URL>' violates the following Content Security Policy directive: "connect-src 'none'". The policy is report-only, so the violation has been logged but no further action has been taken.
Connecting to '<URL>' violates the following Content Security Policy directive: "connect-src 'none'". The policy is report-only, so the violation has been logged but no further action has been taken.
Connecting to '<URL>' violates the following Content Security Policy directive: "connect-src 'none'". The policy is report-only, so the violation has been logged but no further action has been taken.
Connecting to '<URL>' violates the following Content Security Policy directive: "connect-src 'none'". The policy is report-only, so the violation has been logged but no further action has been taken.
Connecting to '<URL>' violates the following Content Security Policy directive: "connect-src 'none'". The policy is report-only, so the violation has been logged but no further action has been taken.
Connecting to '<URL>' violates the following Content Security Policy directive: "connect-src 'none'". The policy is report-only, so the violation has been logged but no further action has been taken.
Connecting to '<URL>' violates the following Content Security Policy directive: "connect-src 'none'". The policy is report-only, so the violation has been logged but no further action has been taken.
Connecting to '<URL>' violates the following Content Security Policy directive: "connect-src 'none'". The policy is report-only, so the violation has been logged but no further action has been taken.
Connecting to '<URL>' violates the following Content Security Policy directive: "connect-src 'none'". The policy is report-only, so the violation has been logged but no further action has been taken.
Connecting to '<URL>' violates the following Content Security Policy directive: "connect-src 'none'". The policy is report-only, so the violation has been logged but no further action has been taken.
Connecting to '<URL>' violates the following Content Security Policy directive: "connect-src 'none'". The policy is report-only, so the violation has been logged but no further action has been taken.
Connecting to '<URL>' violates the following Content Security Policy directive: "connect-src 'none'". The policy is report-only, so the violation has been logged but no further action has been taken.
Connecting to '<URL>' violates the following Content Security Policy directive: "connect-src 'none'". The policy is report-only, so the violation has been logged but no further action has been taken.
Connecting to '<URL>' violates the following Content Security Policy directive: "connect-src 'none'". The policy is report-only, so the violation has been logged but no further action has been taken.
Connecting to '<URL>' violates the following Content Security Policy directive: "connect-src 'none'". The policy is report-only, so the violation has been logged but no further action has been taken.
Connecting to '<URL>' violates the following Content Security Policy directive: "connect-src 'none'". The policy is report-only, so the violation has been logged but no further action has been taken.
Connecting to '<URL>' violates the following Content Security Policy directive: "connect-src 'none'". The policy is report-only, so the violation has been logged but no further action has been taken.
Connecting to '<URL>' violates the following Content Security Policy directive: "connect-src 'none'". The policy is report-only, so the violation has been logged but no further action has been taken.
Connecting to '<URL>' violates the following Content Security Policy directive: "connect-src 'none'". The policy is report-only, so the violation has been logged but no further action has been taken.
Connecting to '<URL>' violates the following Content Security Policy directive: "connect-src 'none'". The policy is report-only, so the violation has been logged but no further action has been taken.
Connecting to '<URL>' violates the following Content Security Policy directive: "connect-src 'none'". The policy is report-only, so the violation has been logged but no further action has been taken.
Connecting to '<URL>' violates the following Content Security Policy directive: "connect-src 'none'". The policy is report-only, so the violation has been logged but no further action has been taken.
Connecting to '<URL>' violates the following Content Security Policy directive: "connect-src 'none'". The policy is report-only, so the violation has been logged but no further action has been taken.
Connecting to '<URL>' violates the following Content Security Policy directive: "connect-src 'none'". The policy is report-only, so the violation has been logged but no further action has been taken.
Connecting to '<URL>' violates the following Content Security Policy directive: "connect-src 'none'". The policy is report-only, so the violation has been logged but no further action has been taken.
Connecting to '<URL>' violates the following Content Security Policy directive: "connect-src 'none'". The policy is report-only, so the violation has been logged but no further action has been taken.
Connecting to '<URL>' violates the following Content Security Policy directive: "connect-src 'none'". The policy is report-only, so the violation has been logged but no further action has been taken.
Connecting to '<URL>' violates the following Content Security Policy directive: "connect-src 'none'". The policy is report-only, so the violation has been logged but no further action has been taken.
Connecting to '<URL>' violates the following Content Security Policy directive: "connect-src 'none'". The policy is report-only, so the violation has been logged but no further action has been taken.
Connecting to '<URL>' violates the following Content Security Policy directive: "connect-src 'none'". The policy is report-only, so the violation has been logged but no further action has been taken.
Connecting to '<URL>' violates the following Content Security Policy directive: "connect-src 'none'". The policy is report-only, so the violation has been logged but no further action has been taken.
Connecting to '<URL>' violates the following Content Security Policy directive: "connect-src 'none'". The policy is report-only, so the violation has been logged but no further action has been taken.
Connecting to '<URL>' violates the following Content Security Policy directive: "connect-src 'none'". The policy is report-only, so the violation has been logged but no further action has been taken.
Connecting to '<URL>' violates the following Content Security Policy directive: "connect-src 'none'". The policy is report-only, so the violation has been logged but no further action has been taken.
Connecting to '<URL>' violates the following Content Security Policy directive: "connect-src 'none'". The policy is report-only, so the violation has been logged but no further action has been taken.
Connecting to '<URL>' violates the following Content Security Policy directive: "connect-src 'none'". The policy is report-only, so the violation has been logged but no further action has been taken.
Connecting to '<URL>' violates the following Content Security Policy directive: "connect-src 'none'". The policy is report-only, so the violation has been logged but no further action has been taken.
Connecting to '<URL>' violates the following Content Security Policy directive: "connect-src 'none'". The policy is report-only, so the violation has been logged but no further action has been taken.
Connecting to '<URL>' violates the following Content Security Policy directive: "connect-src 'none'". The policy is report-only, so the violation has been logged but no further action has been taken.
Connecting to '<URL>' violates the following Content Security Policy directive: "connect-src 'none'". The policy is report-only, so the violation has been logged but no further action has been taken.
Connecting to '<URL>' violates the following Content Security Policy directive: "connect-src 'none'". The policy is report-only, so the violation has been logged but no further action has been taken.
Connecting to '<URL>' violates the following Content Security Policy directive: "connect-src 'none'". The policy is report-only, so the violation has been logged but no further action has been taken.
Connecting to '<URL>' violates the following Content Security Policy directive: "connect-src 'none'". The policy is report-only, so the violation has been logged but no further action has been taken.
Connecting to '<URL>' violates the following Content Security Policy directive: "connect-src 'none'". The policy is report-only, so the violation has been logged but no further action has been taken.
Connecting to '<URL>' violates the following Content Security Policy directive: "connect-src 'none'". The policy is report-only, so the violation has been logged but no further action has been taken.
Connecting to '<URL>' violates the following Content Security Policy directive: "connect-src 'none'". The policy is report-only, so the violation has been logged but no further action has been taken.
Connecting to '<URL>' violates the following Content Security Policy directive: "connect-src 'none'". The policy is report-only, so the violation has been logged but no further action has been taken.
Connecting to '<URL>' violates the following Content Security Policy directive: "connect-src 'none'". The policy is report-only, so the violation has been logged but no further action has been taken.
Connecting to '<URL>' violates the following Content Security Policy directive: "connect-src 'none'". The policy is report-only, so the violation has been logged but no further action has been taken.
Connecting to '<URL>' violates the following Content Security Policy directive: "connect-src 'none'". The policy is report-only, so the violation has been logged but no further action has been taken.
Connecting to '<URL>' violates the following Content Security Policy directive: "connect-src 'none'". The policy is report-only, so the violation has been logged but no further action has been taken.
Connecting to '<URL>' violates the following Content Security Policy directive: "connect-src 'none'". The policy is report-only, so the violation has been logged but no further action has been taken.
Connecting to '<URL>' violates the following Content Security Policy directive: "connect-src 'none'". The policy is report-only, so the violation has been logged but no further action has been taken.
Connecting to '<URL>' violates the following Content Security Policy directive: "connect-src 'none'". The policy is report-only, so the violation has been logged but no further action has been taken.
Connecting to '<URL>' violates the following Content Security Policy directive: "connect-src 'none'". The policy is report-only, so the violation has been logged but no further action has been taken.
Connecting to '<URL>' violates the following Content Security Policy directive: "connect-src 'none'". The policy is report-only, so the violation has been logged but no further action has been taken.
Connecting to '<URL>' violates the following Content Security Policy directive: "connect-src 'none'". The policy is report-only, so the violation has been logged but no further action has been taken.
Connecting to '<URL>' violates the following Content Security Policy directive: "connect-src 'none'". The policy is report-only, so the violation has been logged but no further action has been taken.
Connecting to '<URL>' violates the following Content Security Policy directive: "connect-src 'none'". The policy is report-only, so the violation has been logged but no further action has been taken.
Connecting to '<URL>' violates the following Content Security Policy directive: "connect-src 'none'". The policy is report-only, so the violation has been logged but no further action has been taken.
Connecting to '<URL>' violates the following Content Security Policy directive: "connect-src 'none'". The policy is report-only, so the violation has been logged but no further action has been taken.
Connecting to '<URL>' violates the following Content Security Policy directive: "connect-src 'none'". The policy is report-only, so the violation has been logged but no further action has been taken.
Connecting to '<URL>' violates the following Content Security Policy directive: "connect-src 'none'". The policy is report-only, so the violation has been logged but no further action has been taken.
Connecting to '<URL>' violates the following Content Security Policy directive: "connect-src 'none'". The policy is report-only, so the violation has been logged but no further action has been taken.
Connecting to '<URL>' violates the following Content Security Policy directive: "connect-src 'none'". The policy is report-only, so the violation has been logged but no further action has been taken.
Connecting to '<URL>' violates the following Content Security Policy directive: "connect-src 'none'". The policy is report-only, so the violation has been logged but no further action has been taken.
Connecting to '<URL>' violates the following Content Security Policy directive: "connect-src 'none'". The policy is report-only, so the violation has been logged but no further action has been taken.
Connecting to '<URL>' violates the following Content Security Policy directive: "connect-src 'none'". The policy is report-only, so the violation has been logged but no further action has been taken.
Connecting to '<URL>' violates the following Content Security Policy directive: "connect-src 'none'". The policy is report-only, so the violation has been logged but no further action has been taken.
Connecting to '<URL>' violates the following Content Security Policy directive: "connect-src 'none'". The policy is report-only, so the violation has been logged but no further action has been taken.
Connecting to '<URL>' violates the following Content Security Policy directive: "connect-src 'none'". The policy is report-only, so the violation has been logged but no further action has been taken.
Connecting to '<URL>' violates the following Content Security Policy directive: "connect-src 'none'". The policy is report-only, so the violation has been logged but no further action has been taken.
Connecting to '<URL>' violates the following Content Security Policy directive: "connect-src 'none'". The policy is report-only, so the violation has been logged but no further action has been taken.
Connecting to '<URL>' violates the following Content Security Policy directive: "connect-src 'none'". The policy is report-only, so the violation has been logged but no further action has been taken.
Connecting to '<URL>' violates the following Content Security Policy directive: "connect-src 'none'". The policy is report-only, so the violation has been logged but no further action has been taken.
Connecting to '<URL>' violates the following Content Security Policy directive: "connect-src 'none'". The policy is report-only, so the violation has been logged but no further action has been taken.
Connecting to '<URL>' violates the following Content Security Policy directive: "connect-src 'none'". The policy is report-only, so the violation has been logged but no further action has been taken.
Connecting to '<URL>' violates the following Content Security Policy directive: "connect-src 'none'". The policy is report-only, so the violation has been logged but no further action has been taken.
Connecting to '<URL>' violates the following Content Security Policy directive: "connect-src 'none'". The policy is report-only, so the violation has been logged but no further action has been taken.
Connecting to '<URL>' violates the following Content Security Policy directive: "connect-src 'none'". The policy is report-only, so the violation has been logged but no further action has been taken.
Connecting to '<URL>' violates the following Content Security Policy directive: "connect-src 'none'". The policy is report-only, so the violation has been logged but no further action has been taken.
Connecting to '<URL>' violates the following Content Security Policy directive: "connect-src 'none'". The policy is report-only, so the violation has been logged but no further action has been taken.
Connecting to '<URL>' violates the following Content Security Policy directive: "connect-src 'none'". The policy is report-only, so the violation has been logged but no further action has been taken.
Connecting to '<URL>' violates the following Content Security Policy directive: "connect-src 'none'". The policy is report-only, so the violation has been logged but no further action has been taken.
Connecting to '<URL>' violates the following Content Security Policy directive: "connect-src 'none'". The policy is report-only, so the violation has been logged but no further action has been taken.
Connecting to '<URL>' violates the following Content Security Policy directive: "connect-src 'none'". The policy is report-only, so the violation has been logged but no further action has been taken.
Connecting to '<URL>' violates the following Content Security Policy directive: "connect-src 'none'". The policy is report-only, so the violation has been logged but no further action has been taken.
Connecting to '<URL>' violates the following Content Security Policy directive: "connect-src 'none'". The policy is report-only, so the violation has been logged but no further action has been taken.
Connecting to '<URL>' violates the following Content Security Policy directive: "connect-src 'none'". The policy is report-only, so the violation has been logged but no further action has been taken.
Connecting to '<URL>' violates the following Content Security Policy directive: "connect-src 'none'". The policy is report-only, so the violation has been logged but no further action has been taken.
Connecting to '<URL>' violates the following Content Security Policy directive: "connect-src 'none'". The policy is report-only, so the violation has been logged but no further action has been taken.
Connecting to '<URL>' violates the following Content Security Policy directive: "connect-src 'none'". The policy is report-only, so the violation has been logged but no further action has been taken.
Connecting to '<URL>' violates the following Content Security Policy directive: "connect-src 'none'". The policy is report-only, so the violation has been logged but no further action has been taken.
Connecting to '<URL>' violates the following Content Security Policy directive: "connect-src 'none'". The policy is report-only, so the violation has been logged but no further action has been taken.
Connecting to '<URL>' violates the following Content Security Policy directive: "connect-src 'none'". The policy is report-only, so the violation has been logged but no further action has been taken.
Connecting to '<URL>' violates the following Content Security Policy directive: "connect-src 'none'". The policy is report-only, so the violation has been logged but no further action has been taken.
Connecting to '<URL>' violates the following Content Security Policy directive: "connect-src 'none'". The policy is report-only, so the violation has been logged but no further action has been taken.
Connecting to '<URL>' violates the following Content Security Policy directive: "connect-src 'none'". The policy is report-only, so the violation has been logged but no further action has been taken.
Connecting to '<URL>' violates the following Content Security Policy directive: "connect-src 'none'". The policy is report-only, so the violation has been logged but no further action has been taken.
Connecting to '<URL>' violates the following Content Security Policy directive: "connect-src 'none'". The policy is report-only, so the violation has been logged but no further action has been taken.
Connecting to '<URL>' violates the following Content Security Policy directive: "connect-src 'none'". The policy is report-only, so the violation has been logged but no further action has been taken.
Connecting to '<URL>' violates the following Content Security Policy directive: "connect-src 'none'". The policy is report-only, so the violation has been logged but no further action has been taken.
Connecting to '<URL>' violates the following Content Security Policy directive: "connect-src 'none'". The policy is report-only, so the violation has been logged but no further action has been taken.
Connecting to '<URL>' violates the following Content Security Policy directive: "connect-src 'none'". The policy is report-only, so the violation has been logged but no further action has been taken.
Connecting to '<URL>' violates the following Content Security Policy directive: "connect-src 'none'". The policy is report-only, so the violation has been logged but no further action has been taken.
Connecting to '<URL>' violates the following Content Security Policy directive: "connect-src 'none'". The policy is report-only, so the violation has been logged but no further action has been taken.
Connecting to '<URL>' violates the following Content Security Policy directive: "connect-src 'none'". The policy is report-only, so the violation has been logged but no further action has been taken.
Connecting to '<URL>' violates the following Content Security Policy directive: "connect-src 'none'". The policy is report-only, so the violation has been logged but no further action has been taken.
Connecting to '<URL>' violates the following Content Security Policy directive: "connect-src 'none'". The policy is report-only, so the violation has been logged but no further action has been taken.
Connecting to '<URL>' violates the following Content Security Policy directive: "connect-src 'none'". The policy is report-only, so the violation has been logged but no further action has been taken.
Connecting to '<URL>' violates the following Content Security Policy directive: "connect-src 'none'". The policy is report-only, so the violation has been logged but no further action has been taken.
Connecting to '<URL>' violates the following Content Security Policy directive: "connect-src 'none'". The policy is report-only, so the violation has been logged but no further action has been taken.
Connecting to '<URL>' violates the following Content Security Policy directive: "connect-src 'none'". The policy is report-only, so the violation has been logged but no further action has been taken.
Connecting to '<URL>' violates the following Content Security Policy directive: "connect-src 'none'". The policy is report-only, so the violation has been logged but no further action has been taken.
Connecting to '<URL>' violates the following Content Security Policy directive: "connect-src 'none'". The policy is report-only, so the violation has been logged but no further action has been taken.
Connecting to '<URL>' violates the following Content Security Policy directive: "connect-src 'none'". The policy is report-only, so the violation has been logged but no further action has been taken.
Connecting to '<URL>' violates the following Content Security Policy directive: "connect-src 'none'". The policy is report-only, so the violation has been logged but no further action has been taken.
Connecting to '<URL>' violates the following Content Security Policy directive: "connect-src 'none'". The policy is report-only, so the violation has been logged but no further action has been taken.
Connecting to '<URL>' violates the following Content Security Policy directive: "connect-src 'none'". The policy is report-only, so the violation has been logged but no further action has been taken.
Connecting to '<URL>' violates the following Content Security Policy directive: "connect-src 'none'". The policy is report-only, so the violation has been logged but no further action has been taken.
Connecting to '<URL>' violates the following Content Security Policy directive: "connect-src 'none'". The policy is report-only, so the violation has been logged but no further action has been taken.
Connecting to '<URL>' violates the following Content Security Policy directive: "connect-src 'none'". The policy is report-only, so the violation has been logged but no further action has been taken.
Connecting to '<URL>' violates the following Content Security Policy directive: "connect-src 'none'". The policy is report-only, so the violation has been logged but no further action has been taken.
Connecting to '<URL>' violates the following Content Security Policy directive: "connect-src 'none'". The policy is report-only, so the violation has been logged but no further action has been taken.
Connecting to '<URL>' violates the following Content Security Policy directive: "connect-src 'none'". The policy is report-only, so the violation has been logged but no further action has been taken.
Connecting to '<URL>' violates the following Content Security Policy directive: "connect-src 'none'". The policy is report-only, so the violation has been logged but no further action has been taken.
Connecting to '<URL>' violates the following Content Security Policy directive: "connect-src 'none'". The policy is report-only, so the violation has been logged but no further action has been taken.
Connecting to '<URL>' violates the following Content Security Policy directive: "connect-src 'none'". The policy is report-only, so the violation has been logged but no further action has been taken.
Connecting to '<URL>' violates the following Content Security Policy directive: "connect-src 'none'". The policy is report-only, so the violation has been logged but no further action has been taken.
Connecting to '<URL>' violates the following Content Security Policy directive: "connect-src 'none'". The policy is report-only, so the violation has been logged but no further action has been taken.
Connecting to '<URL>' violates the following Content Security Policy directive: "connect-src 'none'". The policy is report-only, so the violation has been logged but no further action has been taken.
Connecting to '<URL>' violates the following Content Security Policy directive: "connect-src 'none'". The policy is report-only, so the violation has been logged but no further action has been taken.
Connecting to '<URL>' violates the following Content Security Policy directive: "connect-src 'none'". The policy is report-only, so the violation has been logged but no further action has been taken.
Connecting to '<URL>' violates the following Content Security Policy directive: "connect-src 'none'". The policy is report-only, so the violation has been logged but no further action has been taken.
Connecting to '<URL>' violates the following Content Security Policy directive: "connect-src 'none'". The policy is report-only, so the violation has been logged but no further action has been taken.
Connecting to '<URL>' violates the following Content Security Policy directive: "connect-src 'none'". The policy is report-only, so the violation has been logged but no further action has been taken.
Connecting to '<URL>' violates the following Content Security Policy directive: "connect-src 'none'". The policy is report-only, so the violation has been logged but no further action has been taken.
Connecting to '<URL>' violates the following Content Security Policy directive: "connect-src 'none'". The policy is report-only, so the violation has been logged but no further action has been taken.
Connecting to '<URL>' violates the following Content Security Policy directive: "connect-src 'none'". The policy is report-only, so the violation has been logged but no further action has been taken.
Connecting to '<URL>' violates the following Content Security Policy directive: "connect-src 'none'". The policy is report-only, so the violation has been logged but no further action has been taken.
Connecting to '<URL>' violates the following Content Security Policy directive: "connect-src 'none'". The policy is report-only, so the violation has been logged but no further action has been taken.
Connecting to '<URL>' violates the following Content Security Policy directive: "connect-src 'none'". The policy is report-only, so the violation has been logged but no further action has been taken.
Connecting to '<URL>' violates the following Content Security Policy directive: "connect-src 'none'". The policy is report-only, so the violation has been logged but no further action has been taken.
Connecting to '<URL>' violates the following Content Security Policy directive: "connect-src 'none'". The policy is report-only, so the violation has been logged but no further action has been taken.
Connecting to '<URL>' violates the following Content Security Policy directive: "connect-src 'none'". The policy is report-only, so the violation has been logged but no further action has been taken.
Connecting to '<URL>' violates the following Content Security Policy directive: "connect-src 'none'". The policy is report-only, so the violation has been logged but no further action has been taken.
Connecting to '<URL>' violates the following Content Security Policy directive: "connect-src 'none'". The policy is report-only, so the violation has been logged but no further action has been taken.
Connecting to '<URL>' violates the following Content Security Policy directive: "connect-src 'none'". The policy is report-only, so the violation has been logged but no further action has been taken.
Connecting to '<URL>' violates the following Content Security Policy directive: "connect-src 'none'". The policy is report-only, so the violation has been logged but no further action has been taken.
Connecting to '<URL>' violates the following Content Security Policy directive: "connect-src 'none'". The policy is report-only, so the violation has been logged but no further action has been taken.
Connecting to '<URL>' violates the following Content Security Policy directive: "connect-src 'none'". The policy is report-only, so the violation has been logged but no further action has been taken.
Connecting to '<URL>' violates the following Content Security Policy directive: "connect-src 'none'". The policy is report-only, so the violation has been logged but no further action has been taken.
Connecting to '<URL>' violates the following Content Security Policy directive: "connect-src 'none'". The policy is report-only, so the violation has been logged but no further action has been taken.
Connecting to '<URL>' violates the following Content Security Policy directive: "connect-src 'none'". The policy is report-only, so the violation has been logged but no further action has been taken.
Connecting to '<URL>' violates the following Content Security Policy directive: "connect-src 'none'". The policy is report-only, so the violation has been logged but no further action has been taken.
Connecting to '<URL>' violates the following Content Security Policy directive: "connect-src 'none'". The policy is report-only, so the violation has been logged but no further action has been taken.
Connecting to '<URL>' violates the following Content Security Policy directive: "connect-src 'none'". The policy is report-only, so the violation has been logged but no further action has been taken.
Connecting to '<URL>' violates the following Content Security Policy directive: "connect-src 'none'". The policy is report-only, so the violation has been logged but no further action has been taken.
Connecting to '<URL>' violates the following Content Security Policy directive: "connect-src 'none'". The policy is report-only, so the violation has been logged but no further action has been taken.
Connecting to '<URL>' violates the following Content Security Policy directive: "connect-src 'none'". The policy is report-only, so the violation has been logged but no further action has been taken.
Connecting to '<URL>' violates the following Content Security Policy directive: "connect-src 'none'". The policy is report-only, so the violation has been logged but no further action has been taken.
Connecting to '<URL>' violates the following Content Security Policy directive: "connect-src 'none'". The policy is report-only, so the violation has been logged but no further action has been taken.
Connecting to '<URL>' violates the following Content Security Policy directive: "connect-src 'none'". The policy is report-only, so the violation has been logged but no further action has been taken.
Connecting to '<URL>' violates the following Content Security Policy directive: "connect-src 'none'". The policy is report-only, so the violation has been logged but no further action has been taken.
Connecting to '<URL>' violates the following Content Security Policy directive: "connect-src 'none'". The policy is report-only, so the violation has been logged but no further action has been taken.
Connecting to '<URL>' violates the following Content Security Policy directive: "connect-src 'none'". The policy is report-only, so the violation has been logged but no further action has been taken.
Connecting to '<URL>' violates the following Content Security Policy directive: "connect-src 'none'". The policy is report-only, so the violation has been logged but no further action has been taken.
Connecting to '<URL>' violates the following Content Security Policy directive: "connect-src 'none'". The policy is report-only, so the violation has been logged but no further action has been taken.
Connecting to '<URL>' violates the following Content Security Policy directive: "connect-src 'none'". The policy is report-only, so the violation has been logged but no further action has been taken.
Connecting to '<URL>' violates the following Content Security Policy directive: "connect-src 'none'". The policy is report-only, so the violation has been logged but no further action has been taken.
Connecting to '<URL>' violates the following Content Security Policy directive: "connect-src 'none'". The policy is report-only, so the violation has been logged but no further action has been taken.
Connecting to '<URL>' violates the following Content Security Policy directive: "connect-src 'none'". The policy is report-only, so the violation has been logged but no further action has been taken.
Connecting to '<URL>' violates the following Content Security Policy directive: "connect-src 'none'". The policy is report-only, so the violation has been logged but no further action has been taken.
Connecting to '<URL>' violates the following Content Security Policy directive: "connect-src 'none'". The policy is report-only, so the violation has been logged but no further action has been taken.
Connecting to '<URL>' violates the following Content Security Policy directive: "connect-src 'none'". The policy is report-only, so the violation has been logged but no further action has been taken.
Connecting to '<URL>' violates the following Content Security Policy directive: "connect-src 'none'". The policy is report-only, so the violation has been logged but no further action has been taken.
Connecting to '<URL>' violates the following Content Security Policy directive: "connect-src 'none'". The policy is report-only, so the violation has been logged but no further action has been taken.
Connecting to '<URL>' violates the following Content Security Policy directive: "connect-src 'none'". The policy is report-only, so the violation has been logged but no further action has been taken.
Connecting to '<URL>' violates the following Content Security Policy directive: "connect-src 'none'". The policy is report-only, so the violation has been logged but no further action has been taken.
Connecting to '<URL>' violates the following Content Security Policy directive: "connect-src 'none'". The policy is report-only, so the violation has been logged but no further action has been taken.
Connecting to '<URL>' violates the following Content Security Policy directive: "connect-src 'none'". The policy is report-only, so the violation has been logged but no further action has been taken.
Connecting to '<URL>' violates the following Content Security Policy directive: "connect-src 'none'". The policy is report-only, so the violation has been logged but no further action has been taken.
Connecting to '<URL>' violates the following Content Security Policy directive: "connect-src 'none'". The policy is report-only, so the violation has been logged but no further action has been taken.
Connecting to '<URL>' violates the following Content Security Policy directive: "connect-src 'none'". The policy is report-only, so the violation has been logged but no further action has been taken.
Connecting to '<URL>' violates the following Content Security Policy directive: "connect-src 'none'". The policy is report-only, so the violation has been logged but no further action has been taken.
Connecting to '<URL>' violates the following Content Security Policy directive: "connect-src 'none'". The policy is report-only, so the violation has been logged but no further action has been taken.
Connecting to '<URL>' violates the following Content Security Policy directive: "connect-src 'none'". The policy is report-only, so the violation has been logged but no further action has been taken.
Connecting to '<URL>' violates the following Content Security Policy directive: "connect-src 'none'". The policy is report-only, so the violation has been logged but no further action has been taken.
Connecting to '<URL>' violates the following Content Security Policy directive: "connect-src 'none'". The policy is report-only, so the violation has been logged but no further action has been taken.
Connecting to '<URL>' violates the following Content Security Policy directive: "connect-src 'none'". The policy is report-only, so the violation has been logged but no further action has been taken.
Connecting to '<URL>' violates the following Content Security Policy directive: "connect-src 'none'". The policy is report-only, so the violation has been logged but no further action has been taken.
Connecting to '<URL>' violates the following Content Security Policy directive: "connect-src 'none'". The policy is report-only, so the violation has been logged but no further action has been taken.
Connecting to '<URL>' violates the following Content Security Policy directive: "connect-src 'none'". The policy is report-only, so the violation has been logged but no further action has been taken.
Connecting to '<URL>' violates the following Content Security Policy directive: "connect-src 'none'". The policy is report-only, so the violation has been logged but no further action has been taken.
Connecting to '<URL>' violates the following Content Security Policy directive: "connect-src 'none'". The policy is report-only, so the violation has been logged but no further action has been taken.
Connecting to '<URL>' violates the following Content Security Policy directive: "connect-src 'none'". The policy is report-only, so the violation has been logged but no further action has been taken.
Connecting to '<URL>' violates the following Content Security Policy directive: "connect-src 'none'". The policy is report-only, so the violation has been logged but no further action has been taken.
Connecting to '<URL>' violates the following Content Security Policy directive: "connect-src 'none'". The policy is report-only, so the violation has been logged but no further action has been taken.
Connecting to '<URL>' violates the following Content Security Policy directive: "connect-src 'none'". The policy is report-only, so the violation has been logged but no further action has been taken.
Connecting to '<URL>' violates the following Content Security Policy directive: "connect-src 'none'". The policy is report-only, so the violation has been logged but no further action has been taken.
Connecting to '<URL>' violates the following Content Security Policy directive: "connect-src 'none'". The policy is report-only, so the violation has been logged but no further action has been taken.
Connecting to '<URL>' violates the following Content Security Policy directive: "connect-src 'none'". The policy is report-only, so the violation has been logged but no further action has been taken.
Connecting to '<URL>' violates the following Content Security Policy directive: "connect-src 'none'". The policy is report-only, so the violation has been logged but no further action has been taken.
Connecting to '<URL>' violates the following Content Security Policy directive: "connect-src 'none'". The policy is report-only, so the violation has been logged but no further action has been taken.
Connecting to '<URL>' violates the following Content Security Policy directive: "connect-src 'none'". The policy is report-only, so the violation has been logged but no further action has been taken.
Connecting to '<URL>' violates the following Content Security Policy directive: "connect-src 'none'". The policy is report-only, so the violation has been logged but no further action has been taken.
Connecting to '<URL>' violates the following Content Security Policy directive: "connect-src 'none'". The policy is report-only, so the violation has been logged but no further action has been taken.
Connecting to '<URL>' violates the following Content Security Policy directive: "connect-src 'none'". The policy is report-only, so the violation has been logged but no further action has been taken.
Connecting to '<URL>' violates the following Content Security Policy directive: "connect-src 'none'". The policy is report-only, so the violation has been logged but no further action has been taken.
Connecting to '<URL>' violates the following Content Security Policy directive: "connect-src 'none'". The policy is report-only, so the violation has been logged but no further action has been taken.
Connecting to '<URL>' violates the following Content Security Policy directive: "connect-src 'none'". The policy is report-only, so the violation has been logged but no further action has been taken.
Connecting to '<URL>' violates the following Content Security Policy directive: "connect-src 'none'". The policy is report-only, so the violation has been logged but no further action has been taken.
Connecting to '<URL>' violates the following Content Security Policy directive: "connect-src 'none'". The policy is report-only, so the violation has been logged but no further action has been taken.
Connecting to '<URL>' violates the following Content Security Policy directive: "connect-src 'none'". The policy is report-only, so the violation has been logged but no further action has been taken.
Connecting to '<URL>' violates the following Content Security Policy directive: "connect-src 'none'". The policy is report-only, so the violation has been logged but no further action has been taken.
Connecting to '<URL>' violates the following Content Security Policy directive: "connect-src 'none'". The policy is report-only, so the violation has been logged but no further action has been taken.
Connecting to '<URL>' violates the following Content Security Policy directive: "connect-src 'none'". The policy is report-only, so the violation has been logged but no further action has been taken.
Connecting to '<URL>' violates the following Content Security Policy directive: "connect-src 'none'". The policy is report-only, so the violation has been logged but no further action has been taken.
Connecting to '<URL>' violates the following Content Security Policy directive: "connect-src 'none'". The policy is report-only, so the violation has been logged but no further action has been taken.
Connecting to '<URL>' violates the following Content Security Policy directive: "connect-src 'none'". The policy is report-only, so the violation has been logged but no further action has been taken.
Connecting to '<URL>' violates the following Content Security Policy directive: "connect-src 'none'". The policy is report-only, so the violation has been logged but no further action has been taken.
Connecting to '<URL>' violates the following Content Security Policy directive: "connect-src 'none'". The policy is report-only, so the violation has been logged but no further action has been taken.
Connecting to '<URL>' violates the following Content Security Policy directive: "connect-src 'none'". The policy is report-only, so the violation has been logged but no further action has been taken.
Connecting to '<URL>' violates the following Content Security Policy directive: "connect-src 'none'". The policy is report-only, so the violation has been logged but no further action has been taken.
Connecting to '<URL>' violates the following Content Security Policy directive: "connect-src 'none'". The policy is report-only, so the violation has been logged but no further action has been taken.
Connecting to '<URL>' violates the following Content Security Policy directive: "connect-src 'none'". The policy is report-only, so the violation has been logged but no further action has been taken.
Connecting to '<URL>' violates the following Content Security Policy directive: "connect-src 'none'". The policy is report-only, so the violation has been logged but no further action has been taken.
Connecting to '<URL>' violates the following Content Security Policy directive: "connect-src 'none'". The policy is report-only, so the violation has been logged but no further action has been taken.
Connecting to '<URL>' violates the following Content Security Policy directive: "connect-src 'none'". The policy is report-only, so the violation has been logged but no further action has been taken.
Connecting to '<URL>' violates the following Content Security Policy directive: "connect-src 'none'". The policy is report-only, so the violation has been logged but no further action has been taken.
Connecting to '<URL>' violates the following Content Security Policy directive: "connect-src 'none'". The policy is report-only, so the violation has been logged but no further action has been taken.
Connecting to '<URL>' violates the following Content Security Policy directive: "connect-src 'none'". The policy is report-only, so the violation has been logged but no further action has been taken.
Connecting to '<URL>' violates the following Content Security Policy directive: "connect-src 'none'". The policy is report-only, so the violation has been logged but no further action has been taken.
Connecting to '<URL>' violates the following Content Security Policy directive: "connect-src 'none'". The policy is report-only, so the violation has been logged but no further action has been taken.
Connecting to '<URL>' violates the following Content Security Policy directive: "connect-src 'none'". The policy is report-only, so the violation has been logged but no further action has been taken.
Connecting to '<URL>' violates the following Content Security Policy directive: "connect-src 'none'". The policy is report-only, so the violation has been logged but no further action has been taken.
Connecting to '<URL>' violates the following Content Security Policy directive: "connect-src 'none'". The policy is report-only, so the violation has been logged but no further action has been taken.
Connecting to '<URL>' violates the following Content Security Policy directive: "connect-src 'none'". The policy is report-only, so the violation has been logged but no further action has been taken.
Connecting to '<URL>' violates the following Content Security Policy directive: "connect-src 'none'". The policy is report-only, so the violation has been logged but no further action has been taken.
Connecting to '<URL>' violates the following Content Security Policy directive: "connect-src 'none'". The policy is report-only, so the violation has been logged but no further action has been taken.
Connecting to '<URL>' violates the following Content Security Policy directive: "connect-src 'none'". The policy is report-only, so the violation has been logged but no further action has been taken.
Connecting to '<URL>' violates the following Content Security Policy directive: "connect-src 'none'". The policy is report-only, so the violation has been logged but no further action has been taken.
Connecting to '<URL>' violates the following Content Security Policy directive: "connect-src 'none'". The policy is report-only, so the violation has been logged but no further action has been taken.
Connecting to '<URL>' violates the following Content Security Policy directive: "connect-src 'none'". The policy is report-only, so the violation has been logged but no further action has been taken.
Connecting to '<URL>' violates the following Content Security Policy directive: "connect-src 'none'". The policy is report-only, so the violation has been logged but no further action has been taken.
Connecting to '<URL>' violates the following Content Security Policy directive: "connect-src 'none'". The policy is report-only, so the violation has been logged but no further action has been taken.
Connecting to '<URL>' violates the following Content Security Policy directive: "connect-src 'none'". The policy is report-only, so the violation has been logged but no further action has been taken.
Connecting to '<URL>' violates the following Content Security Policy directive: "connect-src 'none'". The policy is report-only, so the violation has been logged but no further action has been taken.
Connecting to '<URL>' violates the following Content Security Policy directive: "connect-src 'none'". The policy is report-only, so the violation has been logged but no further action has been taken.
Connecting to '<URL>' violates the following Content Security Policy directive: "connect-src 'none'". The policy is report-only, so the violation has been logged but no further action has been taken.
Connecting to '<URL>' violates the following Content Security Policy directive: "connect-src 'none'". The policy is report-only, so the violation has been logged but no further action has been taken.
Connecting to '<URL>' violates the following Content Security Policy directive: "connect-src 'none'". The policy is report-only, so the violation has been logged but no further action has been taken.
Connecting to '<URL>' violates the following Content Security Policy directive: "connect-src 'none'". The policy is report-only, so the violation has been logged but no further action has been taken.
Connecting to '<URL>' violates the following Content Security Policy directive: "connect-src 'none'". The policy is report-only, so the violation has been logged but no further action has been taken.
Connecting to '<URL>' violates the following Content Security Policy directive: "connect-src 'none'". The policy is report-only, so the violation has been logged but no further action has been taken.
Connecting to '<URL>' violates the following Content Security Policy directive: "connect-src 'none'". The policy is report-only, so the violation has been logged but no further action has been taken.
Connecting to '<URL>' violates the following Content Security Policy directive: "connect-src 'none'". The policy is report-only, so the violation has been logged but no further action has been taken.
Connecting to '<URL>' violates the following Content Security Policy directive: "connect-src 'none'". The policy is report-only, so the violation has been logged but no further action has been taken.
Connecting to '<URL>' violates the following Content Security Policy directive: "connect-src 'none'". The policy is report-only, so the violation has been logged but no further action has been taken.
Connecting to '<URL>' violates the following Content Security Policy directive: "connect-src 'none'". The policy is report-only, so the violation has been logged but no further action has been taken.
Connecting to '<URL>' violates the following Content Security Policy directive: "connect-src 'none'". The policy is report-only, so the violation has been logged but no further action has been taken.
Connecting to '<URL>' violates the following Content Security Policy directive: "connect-src 'none'". The policy is report-only, so the violation has been logged but no further action has been taken.
Connecting to '<URL>' violates the following Content Security Policy directive: "connect-src 'none'". The policy is report-only, so the violation has been logged but no further action has been taken.
Connecting to '<URL>' violates the following Content Security Policy directive: "connect-src 'none'". The policy is report-only, so the violation has been logged but no further action has been taken.
Connecting to '<URL>' violates the following Content Security Policy directive: "connect-src 'none'". The policy is report-only, so the violation has been logged but no further action has been taken.
Connecting to '<URL>' violates the following Content Security Policy directive: "connect-src 'none'". The policy is report-only, so the violation has been logged but no further action has been taken.
Connecting to '<URL>' violates the following Content Security Policy directive: "connect-src 'none'". The policy is report-only, so the violation has been logged but no further action has been taken.
Connecting to '<URL>' violates the following Content Security Policy directive: "connect-src 'none'". The policy is report-only, so the violation has been logged but no further action has been taken.
Connecting to '<URL>' violates the following Content Security Policy directive: "connect-src 'none'". The policy is report-only, so the violation has been logged but no further action has been taken.
Connecting to '<URL>' violates the following Content Security Policy directive: "connect-src 'none'". The policy is report-only, so the violation has been logged but no further action has been taken.
Connecting to '<URL>' violates the following Content Security Policy directive: "connect-src 'none'". The policy is report-only, so the violation has been logged but no further action has been taken.
Connecting to '<URL>' violates the following Content Security Policy directive: "connect-src 'none'". The policy is report-only, so the violation has been logged but no further action has been taken.
Connecting to '<URL>' violates the following Content Security Policy directive: "connect-src 'none'". The policy is report-only, so the violation has been logged but no further action has been taken.
Connecting to '<URL>' violates the following Content Security Policy directive: "connect-src 'none'". The policy is report-only, so the violation has been logged but no further action has been taken.
Connecting to '<URL>' violates the following Content Security Policy directive: "connect-src 'none'". The policy is report-only, so the violation has been logged but no further action has been taken.
Connecting to '<URL>' violates the following Content Security Policy directive: "connect-src 'none'". The policy is report-only, so the violation has been logged but no further action has been taken.
Connecting to '<URL>' violates the following Content Security Policy directive: "connect-src 'none'". The policy is report-only, so the violation has been logged but no further action has been taken.
Connecting to '<URL>' violates the following Content Security Policy directive: "connect-src 'none'". The policy is report-only, so the violation has been logged but no further action has been taken.
Connecting to '<URL>' violates the following Content Security Policy directive: "connect-src 'none'". The policy is report-only, so the violation has been logged but no further action has been taken.
Connecting to '<URL>' violates the following Content Security Policy directive: "connect-src 'none'". The policy is report-only, so the violation has been logged but no further action has been taken.
Connecting to '<URL>' violates the following Content Security Policy directive: "connect-src 'none'". The policy is report-only, so the violation has been logged but no further action has been taken.
Connecting to '<URL>' violates the following Content Security Policy directive: "connect-src 'none'". The policy is report-only, so the violation has been logged but no further action has been taken.
Connecting to '<URL>' violates the following Content Security Policy directive: "connect-src 'none'". The policy is report-only, so the violation has been logged but no further action has been taken.
Connecting to '<URL>' violates the following Content Security Policy directive: "connect-src 'none'". The policy is report-only, so the violation has been logged but no further action has been taken.
Connecting to '<URL>' violates the following Content Security Policy directive: "connect-src 'none'". The policy is report-only, so the violation has been logged but no further action has been taken.
Connecting to '<URL>' violates the following Content Security Policy directive: "connect-src 'none'". The policy is report-only, so the violation has been logged but no further action has been taken.
Connecting to '<URL>' violates the following Content Security Policy directive: "connect-src 'none'". The policy is report-only, so the violation has been logged but no further action has been taken.
Connecting to '<URL>' violates the following Content Security Policy directive: "connect-src 'none'". The policy is report-only, so the violation has been logged but no further action has been taken.
Connecting to '<URL>' violates the following Content Security Policy directive: "connect-src 'none'". The policy is report-only, so the violation has been logged but no further action has been taken.
Connecting to '<URL>' violates the following Content Security Policy directive: "connect-src 'none'". The policy is report-only, so the violation has been logged but no further action has been taken.
Connecting to '<URL>' violates the following Content Security Policy directive: "connect-src 'none'". The policy is report-only, so the violation has been logged but no further action has been taken.
Connecting to '<URL>' violates the following Content Security Policy directive: "connect-src 'none'". The policy is report-only, so the violation has been logged but no further action has been taken.
Connecting to '<URL>' violates the following Content Security Policy directive: "connect-src 'none'". The policy is report-only, so the violation has been logged but no further action has been taken.
Connecting to '<URL>' violates the following Content Security Policy directive: "connect-src 'none'". The policy is report-only, so the violation has been logged but no further action has been taken.
Connecting to '<URL>' violates the following Content Security Policy directive: "connect-src 'none'". The policy is report-only, so the violation has been logged but no further action has been taken.
Connecting to '<URL>' violates the following Content Security Policy directive: "connect-src 'none'". The policy is report-only, so the violation has been logged but no further action has been taken.
Connecting to '<URL>' violates the following Content Security Policy directive: "connect-src 'none'". The policy is report-only, so the violation has been logged but no further action has been taken.
Connecting to '<URL>' violates the following Content Security Policy directive: "connect-src 'none'". The policy is report-only, so the violation has been logged but no further action has been taken.
Connecting to '<URL>' violates the following Content Security Policy directive: "connect-src 'none'". The policy is report-only, so the violation has been logged but no further action has been taken.
Connecting to '<URL>' violates the following Content Security Policy directive: "connect-src 'none'". The policy is report-only, so the violation has been logged but no further action has been taken.
Connecting to '<URL>' violates the following Content Security Policy directive: "connect-src 'none'". The policy is report-only, so the violation has been logged but no further action has been taken.
Connecting to '<URL>' violates the following Content Security Policy directive: "connect-src 'none'". The policy is report-only, so the violation has been logged but no further action has been taken.
Connecting to '<URL>' violates the following Content Security Policy directive: "connect-src 'none'". The policy is report-only, so the violation has been logged but no further action has been taken.
Connecting to '<URL>' violates the following Content Security Policy directive: "connect-src 'none'". The policy is report-only, so the violation has been logged but no further action has been taken.
Connecting to '<URL>' violates the following Content Security Policy directive: "connect-src 'none'". The policy is report-only, so the violation has been logged but no further action has been taken.
Connecting to '<URL>' violates the following Content Security Policy directive: "connect-src 'none'". The policy is report-only, so the violation has been logged but no further action has been taken.
Connecting to '<URL>' violates the following Content Security Policy directive: "connect-src 'none'". The policy is report-only, so the violation has been logged but no further action has been taken.
Connecting to '<URL>' violates the following Content Security Policy directive: "connect-src 'none'". The policy is report-only, so the violation has been logged but no further action has been taken.
Connecting to '<URL>' violates the following Content Security Policy directive: "connect-src 'none'". The policy is report-only, so the violation has been logged but no further action has been taken.
Connecting to '<URL>' violates the following Content Security Policy directive: "connect-src 'none'". The policy is report-only, so the violation has been logged but no further action has been taken.
Connecting to '<URL>' violates the following Content Security Policy directive: "connect-src 'none'". The policy is report-only, so the violation has been logged but no further action has been taken.
Connecting to '<URL>' violates the following Content Security Policy directive: "connect-src 'none'". The policy is report-only, so the violation has been logged but no further action has been taken.
Connecting to '<URL>' violates the following Content Security Policy directive: "connect-src 'none'". The policy is report-only, so the violation has been logged but no further action has been taken.
Connecting to '<URL>' violates the following Content Security Policy directive: "connect-src 'none'". The policy is report-only, so the violation has been logged but no further action has been taken.
Connecting to '<URL>' violates the following Content Security Policy directive: "connect-src 'none'". The policy is report-only, so the violation has been logged but no further action has been taken.
Connecting to '<URL>' violates the following Content Security Policy directive: "connect-src 'none'". The policy is report-only, so the violation has been logged but no further action has been taken.
Connecting to '<URL>' violates the following Content Security Policy directive: "connect-src 'none'". The policy is report-only, so the violation has been logged but no further action has been taken.
Connecting to '<URL>' violates the following Content Security Policy directive: "connect-src 'none'". The policy is report-only, so the violation has been logged but no further action has been taken.
Connecting to '<URL>' violates the following Content Security Policy directive: "connect-src 'none'". The policy is report-only, so the violation has been logged but no further action has been taken.
Connecting to '<URL>' violates the following Content Security Policy directive: "connect-src 'none'". The policy is report-only, so the violation has been logged but no further action has been taken.
Connecting to '<URL>' violates the following Content Security Policy directive: "connect-src 'none'". The policy is report-only, so the violation has been logged but no further action has been taken.
Connecting to '<URL>' violates the following Content Security Policy directive: "connect-src 'none'". The policy is report-only, so the violation has been logged but no further action has been taken.
Connecting to '<URL>' violates the following Content Security Policy directive: "connect-src 'none'". The policy is report-only, so the violation has been logged but no further action has been taken.
Connecting to '<URL>' violates the following Content Security Policy directive: "connect-src 'none'". The policy is report-only, so the violation has been logged but no further action has been taken.
Connecting to '<URL>' violates the following Content Security Policy directive: "connect-src 'none'". The policy is report-only, so the violation has been logged but no further action has been taken.
Connecting to '<URL>' violates the following Content Security Policy directive: "connect-src 'none'". The policy is report-only, so the violation has been logged but no further action has been taken.
Connecting to '<URL>' violates the following Content Security Policy directive: "connect-src 'none'". The policy is report-only, so the violation has been logged but no further action has been taken.
Connecting to '<URL>' violates the following Content Security Policy directive: "connect-src 'none'". The policy is report-only, so the violation has been logged but no further action has been taken.
Connecting to '<URL>' violates the following Content Security Policy directive: "connect-src 'none'". The policy is report-only, so the violation has been logged but no further action has been taken.
Connecting to '<URL>' violates the following Content Security Policy directive: "connect-src 'none'". The policy is report-only, so the violation has been logged but no further action has been taken.
Connecting to '<URL>' violates the following Content Security Policy directive: "connect-src 'none'". The policy is report-only, so the violation has been logged but no further action has been taken.
Connecting to '<URL>' violates the following Content Security Policy directive: "connect-src 'none'". The policy is report-only, so the violation has been logged but no further action has been taken.
Connecting to '<URL>' violates the following Content Security Policy directive: "connect-src 'none'". The policy is report-only, so the violation has been logged but no further action has been taken.
Connecting to '<URL>' violates the following Content Security Policy directive: "connect-src 'none'". The policy is report-only, so the violation has been logged but no further action has been taken.
Connecting to '<URL>' violates the following Content Security Policy directive: "connect-src 'none'". The policy is report-only, so the violation has been logged but no further action has been taken.
Connecting to '<URL>' violates the following Content Security Policy directive: "connect-src 'none'". The policy is report-only, so the violation has been logged but no further action has been taken.
Connecting to '<URL>' violates the following Content Security Policy directive: "connect-src 'none'". The policy is report-only, so the violation has been logged but no further action has been taken.
Connecting to '<URL>' violates the following Content Security Policy directive: "connect-src 'none'". The policy is report-only, so the violation has been logged but no further action has been taken.
Connecting to '<URL>' violates the following Content Security Policy directive: "connect-src 'none'". The policy is report-only, so the violation has been logged but no further action has been taken.
Connecting to '<URL>' violates the following Content Security Policy directive: "connect-src 'none'". The policy is report-only, so the violation has been logged but no further action has been taken.
Connecting to '<URL>' violates the following Content Security Policy directive: "connect-src 'none'". The policy is report-only, so the violation has been logged but no further action has been taken.
Connecting to '<URL>' violates the following Content Security Policy directive: "connect-src 'none'". The policy is report-only, so the violation has been logged but no further action has been taken.
Connecting to '<URL>' violates the following Content Security Policy directive: "connect-src 'none'". The policy is report-only, so the violation has been logged but no further action has been taken.
Connecting to '<URL>' violates the following Content Security Policy directive: "connect-src 'none'". The policy is report-only, so the violation has been logged but no further action has been taken.
Connecting to '<URL>' violates the following Content Security Policy directive: "connect-src 'none'". The policy is report-only, so the violation has been logged but no further action has been taken.
Connecting to '<URL>' violates the following Content Security Policy directive: "connect-src 'none'". The policy is report-only, so the violation has been logged but no further action has been taken.
Connecting to '<URL>' violates the following Content Security Policy directive: "connect-src 'none'". The policy is report-only, so the violation has been logged but no further action has been taken.
Connecting to '<URL>' violates the following Content Security Policy directive: "connect-src 'none'". The policy is report-only, so the violation has been logged but no further action has been taken.
Connecting to '<URL>' violates the following Content Security Policy directive: "connect-src 'none'". The policy is report-only, so the violation has been logged but no further action has been taken.
Connecting to '<URL>' violates the following Content Security Policy directive: "connect-src 'none'". The policy is report-only, so the violation has been logged but no further action has been taken.
Connecting to '<URL>' violates the following Content Security Policy directive: "connect-src 'none'". The policy is report-only, so the violation has been logged but no further action has been taken.
Connecting to '<URL>' violates the following Content Security Policy directive: "connect-src 'none'". The policy is report-only, so the violation has been logged but no further action has been taken.
Connecting to '<URL>' violates the following Content Security Policy directive: "connect-src 'none'". The policy is report-only, so the violation has been logged but no further action has been taken.
Connecting to '<URL>' violates the following Content Security Policy directive: "connect-src 'none'". The policy is report-only, so the violation has been logged but no further action has been taken.
Connecting to '<URL>' violates the following Content Security Policy directive: "connect-src 'none'". The policy is report-only, so the violation has been logged but no further action has been taken.
Connecting to '<URL>' violates the following Content Security Policy directive: "connect-src 'none'". The policy is report-only, so the violation has been logged but no further action has been taken.
Connecting to '<URL>' violates the following Content Security Policy directive: "connect-src 'none'". The policy is report-only, so the violation has been logged but no further action has been taken.
Connecting to '<URL>' violates the following Content Security Policy directive: "connect-src 'none'". The policy is report-only, so the violation has been logged but no further action has been taken.
Connecting to '<URL>' violates the following Content Security Policy directive: "connect-src 'none'". The policy is report-only, so the violation has been logged but no further action has been taken.
Connecting to '<URL>' violates the following Content Security Policy directive: "connect-src 'none'". The policy is report-only, so the violation has been logged but no further action has been taken.
Connecting to '<URL>' violates the following Content Security Policy directive: "connect-src 'none'". The policy is report-only, so the violation has been logged but no further action has been taken.
Connecting to '<URL>' violates the following Content Security Policy directive: "connect-src 'none'". The policy is report-only, so the violation has been logged but no further action has been taken.
Connecting to '<URL>' violates the following Content Security Policy directive: "connect-src 'none'". The policy is report-only, so the violation has been logged but no further action has been taken.
Connecting to '<URL>' violates the following Content Security Policy directive: "connect-src 'none'". The policy is report-only, so the violation has been logged but no further action has been taken.
Connecting to '<URL>' violates the following Content Security Policy directive: "connect-src 'none'". The policy is report-only, so the violation has been logged but no further action has been taken.
Connecting to '<URL>' violates the following Content Security Policy directive: "connect-src 'none'". The policy is report-only, so the violation has been logged but no further action has been taken.
Connecting to '<URL>' violates the following Content Security Policy directive: "connect-src 'none'". The policy is report-only, so the violation has been logged but no further action has been taken.
Connecting to '<URL>' violates the following Content Security Policy directive: "connect-src 'none'". The policy is report-only, so the violation has been logged but no further action has been taken.
Connecting to '<URL>' violates the following Content Security Policy directive: "connect-src 'none'". The policy is report-only, so the violation has been logged but no further action has been taken.
Connecting to '<URL>' violates the following Content Security Policy directive: "connect-src 'none'". The policy is report-only, so the violation has been logged but no further action has been taken.
Connecting to '<URL>' violates the following Content Security Policy directive: "connect-src 'none'". The policy is report-only, so the violation has been logged but no further action has been taken.
Connecting to '<URL>' violates the following Content Security Policy directive: "connect-src 'none'". The policy is report-only, so the violation has been logged but no further action has been taken.
Connecting to '<URL>' violates the following Content Security Policy directive: "connect-src 'none'". The policy is report-only, so the violation has been logged but no further action has been taken.
Connecting to '<URL>' violates the following Content Security Policy directive: "connect-src 'none'". The policy is report-only, so the violation has been logged but no further action has been taken.
Connecting to '<URL>' violates the following Content Security Policy directive: "connect-src 'none'". The policy is report-only, so the violation has been logged but no further action has been taken.
Connecting to '<URL>' violates the following Content Security Policy directive: "connect-src 'none'". The policy is report-only, so the violation has been logged but no further action has been taken.
Connecting to '<URL>' violates the following Content Security Policy directive: "connect-src 'none'". The policy is report-only, so the violation has been logged but no further action has been taken.
Connecting to '<URL>' violates the following Content Security Policy directive: "connect-src 'none'". The policy is report-only, so the violation has been logged but no further action has been taken.
Connecting to '<URL>' violates the following Content Security Policy directive: "connect-src 'none'". The policy is report-only, so the violation has been logged but no further action has been taken.
Connecting to '<URL>' violates the following Content Security Policy directive: "connect-src 'none'". The policy is report-only, so the violation has been logged but no further action has been taken.
Connecting to '<URL>' violates the following Content Security Policy directive: "connect-src 'none'". The policy is report-only, so the violation has been logged but no further action has been taken.
Connecting to '<URL>' violates the following Content Security Policy directive: "connect-src 'none'". The policy is report-only, so the violation has been logged but no further action has been taken.
Connecting to '<URL>' violates the following Content Security Policy directive: "connect-src 'none'". The policy is report-only, so the violation has been logged but no further action has been taken.
Connecting to '<URL>' violates the following Content Security Policy directive: "connect-src 'none'". The policy is report-only, so the violation has been logged but no further action has been taken.
Connecting to '<URL>' violates the following Content Security Policy directive: "connect-src 'none'". The policy is report-only, so the violation has been logged but no further action has been taken.
Connecting to '<URL>' violates the following Content Security Policy directive: "connect-src 'none'". The policy is report-only, so the violation has been logged but no further action has been taken.
Connecting to '<URL>' violates the following Content Security Policy directive: "connect-src 'none'". The policy is report-only, so the violation has been logged but no further action has been taken.
Connecting to '<URL>' violates the following Content Security Policy directive: "connect-src 'none'". The policy is report-only, so the violation has been logged but no further action has been taken.
Connecting to '<URL>' violates the following Content Security Policy directive: "connect-src 'none'". The policy is report-only, so the violation has been logged but no further action has been taken.
Connecting to '<URL>' violates the following Content Security Policy directive: "connect-src 'none'". The policy is report-only, so the violation has been logged but no further action has been taken.
Connecting to '<URL>' violates the following Content Security Policy directive: "connect-src 'none'". The policy is report-only, so the violation has been logged but no further action has been taken.
Connecting to '<URL>' violates the following Content Security Policy directive: "connect-src 'none'". The policy is report-only, so the violation has been logged but no further action has been taken.
Connecting to '<URL>' violates the following Content Security Policy directive: "connect-src 'none'". The policy is report-only, so the violation has been logged but no further action has been taken.
Connecting to '<URL>' violates the following Content Security Policy directive: "connect-src 'none'". The policy is report-only, so the violation has been logged but no further action has been taken.
Connecting to '<URL>' violates the following Content Security Policy directive: "connect-src 'none'". The policy is report-only, so the violation has been logged but no further action has been taken.
Connecting to '<URL>' violates the following Content Security Policy directive: "connect-src 'none'". The policy is report-only, so the violation has been logged but no further action has been taken.
Connecting to '<URL>' violates the following Content Security Policy directive: "connect-src 'none'". The policy is report-only, so the violation has been logged but no further action has been taken.
Connecting to '<URL>' violates the following Content Security Policy directive: "connect-src 'none'". The policy is report-only, so the violation has been logged but no further action has been taken.
Connecting to '<URL>' violates the following Content Security Policy directive: "connect-src 'none'". The policy is report-only, so the violation has been logged but no further action has been taken.
Connecting to '<URL>' violates the following Content Security Policy directive: "connect-src 'none'". The policy is report-only, so the violation has been logged but no further action has been taken.
Connecting to '<URL>' violates the following Content Security Policy directive: "connect-src 'none'". The policy is report-only, so the violation has been logged but no further action has been taken.
Connecting to '<URL>' violates the following Content Security Policy directive: "connect-src 'none'". The policy is report-only, so the violation has been logged but no further action has been taken.
Connecting to '<URL>' violates the following Content Security Policy directive: "connect-src 'none'". The policy is report-only, so the violation has been logged but no further action has been taken.
Connecting to '<URL>' violates the following Content Security Policy directive: "connect-src 'none'". The policy is report-only, so the violation has been logged but no further action has been taken.
Connecting to '<URL>' violates the following Content Security Policy directive: "connect-src 'none'". The policy is report-only, so the violation has been logged but no further action has been taken.
Connecting to '<URL>' violates the following Content Security Policy directive: "connect-src 'none'". The policy is report-only, so the violation has been logged but no further action has been taken.
Connecting to '<URL>' violates the following Content Security Policy directive: "connect-src 'none'". The policy is report-only, so the violation has been logged but no further action has been taken.
Connecting to '<URL>' violates the following Content Security Policy directive: "connect-src 'none'". The policy is report-only, so the violation has been logged but no further action has been taken.
Connecting to '<URL>' violates the following Content Security Policy directive: "connect-src 'none'". The policy is report-only, so the violation has been logged but no further action has been taken.
Connecting to '<URL>' violates the following Content Security Policy directive: "connect-src 'none'". The policy is report-only, so the violation has been logged but no further action has been taken.
Connecting to '<URL>' violates the following Content Security Policy directive: "connect-src 'none'". The policy is report-only, so the violation has been logged but no further action has been taken.
Connecting to '<URL>' violates the following Content Security Policy directive: "connect-src 'none'". The policy is report-only, so the violation has been logged but no further action has been taken.
Connecting to '<URL>' violates the following Content Security Policy directive: "connect-src 'none'". The policy is report-only, so the violation has been logged but no further action has been taken.
Connecting to '<URL>' violates the following Content Security Policy directive: "connect-src 'none'". The policy is report-only, so the violation has been logged but no further action has been taken.
Connecting to '<URL>' violates the following Content Security Policy directive: "connect-src 'none'". The policy is report-only, so the violation has been logged but no further action has been taken.
Connecting to '<URL>' violates the following Content Security Policy directive: "connect-src 'none'". The policy is report-only, so the violation has been logged but no further action has been taken.
Connecting to '<URL>' violates the following Content Security Policy directive: "connect-src 'none'". The policy is report-only, so the violation has been logged but no further action has been taken.
Connecting to '<URL>' violates the following Content Security Policy directive: "connect-src 'none'". The policy is report-only, so the violation has been logged but no further action has been taken.
Connecting to '<URL>' violates the following Content Security Policy directive: "connect-src 'none'". The policy is report-only, so the violation has been logged but no further action has been taken.
Connecting to '<URL>' violates the following Content Security Policy directive: "connect-src 'none'". The policy is report-only, so the violation has been logged but no further action has been taken.
Connecting to '<URL>' violates the following Content Security Policy directive: "connect-src 'none'". The policy is report-only, so the violation has been logged but no further action has been taken.
Connecting to '<URL>' violates the following Content Security Policy directive: "connect-src 'none'". The policy is report-only, so the violation has been logged but no further action has been taken.
Connecting to '<URL>' violates the following Content Security Policy directive: "connect-src 'none'". The policy is report-only, so the violation has been logged but no further action has been taken.
Connecting to '<URL>' violates the following Content Security Policy directive: "connect-src 'none'". The policy is report-only, so the violation has been logged but no further action has been taken.
Connecting to '<URL>' violates the following Content Security Policy directive: "connect-src 'none'". The policy is report-only, so the violation has been logged but no further action has been taken.
Connecting to '<URL>' violates the following Content Security Policy directive: "connect-src 'none'". The policy is report-only, so the violation has been logged but no further action has been taken.
Connecting to '<URL>' violates the following Content Security Policy directive: "connect-src 'none'". The policy is report-only, so the violation has been logged but no further action has been taken.
Connecting to '<URL>' violates the following Content Security Policy directive: "connect-src 'none'". The policy is report-only, so the violation has been logged but no further action has been taken.
Connecting to '<URL>' violates the following Content Security Policy directive: "connect-src 'none'". The policy is report-only, so the violation has been logged but no further action has been taken.
Connecting to '<URL>' violates the following Content Security Policy directive: "connect-src 'none'". The policy is report-only, so the violation has been logged but no further action has been taken.
Connecting to '<URL>' violates the following Content Security Policy directive: "connect-src 'none'". The policy is report-only, so the violation has been logged but no further action has been taken.
Connecting to '<URL>' violates the following Content Security Policy directive: "connect-src 'none'". The policy is report-only, so the violation has been logged but no further action has been taken.
Connecting to '<URL>' violates the following Content Security Policy directive: "connect-src 'none'". The policy is report-only, so the violation has been logged but no further action has been taken.
Connecting to '<URL>' violates the following Content Security Policy directive: "connect-src 'none'". The policy is report-only, so the violation has been logged but no further action has been taken.
Connecting to '<URL>' violates the following Content Security Policy directive: "connect-src 'none'". The policy is report-only, so the violation has been logged but no further action has been taken.
Connecting to '<URL>' violates the following Content Security Policy directive: "connect-src 'none'". The policy is report-only, so the violation has been logged but no further action has been taken.
Connecting to '<URL>' violates the following Content Security Policy directive: "connect-src 'none'". The policy is report-only, so the violation has been logged but no further action has been taken.
Connecting to '<URL>' violates the following Content Security Policy directive: "connect-src 'none'". The policy is report-only, so the violation has been logged but no further action has been taken.
Connecting to '<URL>' violates the following Content Security Policy directive: "connect-src 'none'". The policy is report-only, so the violation has been logged but no further action has been taken.
Connecting to '<URL>' violates the following Content Security Policy directive: "connect-src 'none'". The policy is report-only, so the violation has been logged but no further action has been taken.
Connecting to '<URL>' violates the following Content Security Policy directive: "connect-src 'none'". The policy is report-only, so the violation has been logged but no further action has been taken.
Connecting to '<URL>' violates the following Content Security Policy directive: "connect-src 'none'". The policy is report-only, so the violation has been logged but no further action has been taken.
Connecting to '<URL>' violates the following Content Security Policy directive: "connect-src 'none'". The policy is report-only, so the violation has been logged but no further action has been taken.
Connecting to '<URL>' violates the following Content Security Policy directive: "connect-src 'none'". The policy is report-only, so the violation has been logged but no further action has been taken.
Connecting to '<URL>' violates the following Content Security Policy directive: "connect-src 'none'". The policy is report-only, so the violation has been logged but no further action has been taken.
Connecting to '<URL>' violates the following Content Security Policy directive: "connect-src 'none'". The policy is report-only, so the violation has been logged but no further action has been taken.
Connecting to '<URL>' violates the following Content Security Policy directive: "connect-src 'none'". The policy is report-only, so the violation has been logged but no further action has been taken.
Connecting to '<URL>' violates the following Content Security Policy directive: "connect-src 'none'". The policy is report-only, so the violation has been logged but no further action has been taken.
Connecting to '<URL>' violates the following Content Security Policy directive: "connect-src 'none'". The policy is report-only, so the violation has been logged but no further action has been taken.
Connecting to '<URL>' violates the following Content Security Policy directive: "connect-src 'none'". The policy is report-only, so the violation has been logged but no further action has been taken.
Connecting to '<URL>' violates the following Content Security Policy directive: "connect-src 'none'". The policy is report-only, so the violation has been logged but no further action has been taken.
Connecting to '<URL>' violates the following Content Security Policy directive: "connect-src 'none'". The policy is report-only, so the violation has been logged but no further action has been taken.
Connecting to '<URL>' violates the following Content Security Policy directive: "connect-src 'none'". The policy is report-only, so the violation has been logged but no further action has been taken.
Connecting to '<URL>' violates the following Content Security Policy directive: "connect-src 'none'". The policy is report-only, so the violation has been logged but no further action has been taken.
Connecting to '<URL>' violates the following Content Security Policy directive: "connect-src 'none'". The policy is report-only, so the violation has been logged but no further action has been taken.
Connecting to '<URL>' violates the following Content Security Policy directive: "connect-src 'none'". The policy is report-only, so the violation has been logged but no further action has been taken.
Connecting to '<URL>' violates the following Content Security Policy directive: "connect-src 'none'". The policy is report-only, so the violation has been logged but no further action has been taken.
Connecting to '<URL>' violates the following Content Security Policy directive: "connect-src 'none'". The policy is report-only, so the violation has been logged but no further action has been taken.
Connecting to '<URL>' violates the following Content Security Policy directive: "connect-src 'none'". The policy is report-only, so the violation has been logged but no further action has been taken.
Connecting to '<URL>' violates the following Content Security Policy directive: "connect-src 'none'". The policy is report-only, so the violation has been logged but no further action has been taken.
Connecting to '<URL>' violates the following Content Security Policy directive: "connect-src 'none'". The policy is report-only, so the violation has been logged but no further action has been taken.
Connecting to '<URL>' violates the following Content Security Policy directive: "connect-src 'none'". The policy is report-only, so the violation has been logged but no further action has been taken.
Connecting to '<URL>' violates the following Content Security Policy directive: "connect-src 'none'". The policy is report-only, so the violation has been logged but no further action has been taken.
Connecting to '<URL>' violates the following Content Security Policy directive: "connect-src 'none'". The policy is report-only, so the violation has been logged but no further action has been taken.
Connecting to '<URL>' violates the following Content Security Policy directive: "connect-src 'none'". The policy is report-only, so the violation has been logged but no further action has been taken.
Connecting to '<URL>' violates the following Content Security Policy directive: "connect-src 'none'". The policy is report-only, so the violation has been logged but no further action has been taken.
Connecting to '<URL>' violates the following Content Security Policy directive: "connect-src 'none'". The policy is report-only, so the violation has been logged but no further action has been taken.
Connecting to '<URL>' violates the following Content Security Policy directive: "connect-src 'none'". The policy is report-only, so the violation has been logged but no further action has been taken.
Connecting to '<URL>' violates the following Content Security Policy directive: "connect-src 'none'". The policy is report-only, so the violation has been logged but no further action has been taken.
Connecting to '<URL>' violates the following Content Security Policy directive: "connect-src 'none'". The policy is report-only, so the violation has been logged but no further action has been taken.
Connecting to '<URL>' violates the following Content Security Policy directive: "connect-src 'none'". The policy is report-only, so the violation has been logged but no further action has been taken.
Connecting to '<URL>' violates the following Content Security Policy directive: "connect-src 'none'". The policy is report-only, so the violation has been logged but no further action has been taken.
Connecting to '<URL>' violates the following Content Security Policy directive: "connect-src 'none'". The policy is report-only, so the violation has been logged but no further action has been taken.
Connecting to '<URL>' violates the following Content Security Policy directive: "connect-src 'none'". The policy is report-only, so the violation has been logged but no further action has been taken.
Connecting to '<URL>' violates the following Content Security Policy directive: "connect-src 'none'". The policy is report-only, so the violation has been logged but no further action has been taken.
Connecting to '<URL>' violates the following Content Security Policy directive: "connect-src 'none'". The policy is report-only, so the violation has been logged but no further action has been taken.
Connecting to '<URL>' violates the following Content Security Policy directive: "connect-src 'none'". The policy is report-only, so the violation has been logged but no further action has been taken.
Connecting to '<URL>' violates the following Content Security Policy directive: "connect-src 'none'". The policy is report-only, so the violation has been logged but no further action has been taken.
Connecting to '<URL>' violates the following Content Security Policy directive: "connect-src 'none'". The policy is report-only, so the violation has been logged but no further action has been taken.
Connecting to '<URL>' violates the following Content Security Policy directive: "connect-src 'none'". The policy is report-only, so the violation has been logged but no further action has been taken.
Connecting to '<URL>' violates the following Content Security Policy directive: "connect-src 'none'". The policy is report-only, so the violation has been logged but no further action has been taken.
Connecting to '<URL>' violates the following Content Security Policy directive: "connect-src 'none'". The policy is report-only, so the violation has been logged but no further action has been taken.
Connecting to '<URL>' violates the following Content Security Policy directive: "connect-src 'none'". The policy is report-only, so the violation has been logged but no further action has been taken.
Connecting to '<URL>' violates the following Content Security Policy directive: "connect-src 'none'". The policy is report-only, so the violation has been logged but no further action has been taken.
Connecting to '<URL>' violates the following Content Security Policy directive: "connect-src 'none'". The policy is report-only, so the violation has been logged but no further action has been taken.
Connecting to '<URL>' violates the following Content Security Policy directive: "connect-src 'none'". The policy is report-only, so the violation has been logged but no further action has been taken.
Connecting to '<URL>' violates the following Content Security Policy directive: "connect-src 'none'". The policy is report-only, so the violation has been logged but no further action has been taken.
Connecting to '<URL>' violates the following Content Security Policy directive: "connect-src 'none'". The policy is report-only, so the violation has been logged but no further action has been taken.
Connecting to '<URL>' violates the following Content Security Policy directive: "connect-src 'none'". The policy is report-only, so the violation has been logged but no further action has been taken.
Connecting to '<URL>' violates the following Content Security Policy directive: "connect-src 'none'". The policy is report-only, so the violation has been logged but no further action has been taken.
Connecting to '<URL>' violates the following Content Security Policy directive: "connect-src 'none'". The policy is report-only, so the violation has been logged but no further action has been taken.
Connecting to '<URL>' violates the following Content Security Policy directive: "connect-src 'none'". The policy is report-only, so the violation has been logged but no further action has been taken.
Connecting to '<URL>' violates the following Content Security Policy directive: "connect-src 'none'". The policy is report-only, so the violation has been logged but no further action has been taken.
Connecting to '<URL>' violates the following Content Security Policy directive: "connect-src 'none'". The policy is report-only, so the violation has been logged but no further action has been taken.
Connecting to '<URL>' violates the following Content Security Policy directive: "connect-src 'none'". The policy is report-only, so the violation has been logged but no further action has been taken.
Connecting to '<URL>' violates the following Content Security Policy directive: "connect-src 'none'". The policy is report-only, so the violation has been logged but no further action has been taken.
Connecting to '<URL>' violates the following Content Security Policy directive: "connect-src 'none'". The policy is report-only, so the violation has been logged but no further action has been taken.
Connecting to '<URL>' violates the following Content Security Policy directive: "connect-src 'none'". The policy is report-only, so the violation has been logged but no further action has been taken.
Connecting to '<URL>' violates the following Content Security Policy directive: "connect-src 'none'". The policy is report-only, so the violation has been logged but no further action has been taken.
Connecting to '<URL>' violates the following Content Security Policy directive: "connect-src 'none'". The policy is report-only, so the violation has been logged but no further action has been taken.
Connecting to '<URL>' violates the following Content Security Policy directive: "connect-src 'none'". The policy is report-only, so the violation has been logged but no further action has been taken.
Connecting to '<URL>' violates the following Content Security Policy directive: "connect-src 'none'". The policy is report-only, so the violation has been logged but no further action has been taken.
Connecting to '<URL>' violates the following Content Security Policy directive: "connect-src 'none'". The policy is report-only, so the violation has been logged but no further action has been taken.
Connecting to '<URL>' violates the following Content Security Policy directive: "connect-src 'none'". The policy is report-only, so the violation has been logged but no further action has been taken.
Connecting to '<URL>' violates the following Content Security Policy directive: "connect-src 'none'". The policy is report-only, so the violation has been logged but no further action has been taken.
Connecting to '<URL>' violates the following Content Security Policy directive: "connect-src 'none'". The policy is report-only, so the violation has been logged but no further action has been taken.
Connecting to '<URL>' violates the following Content Security Policy directive: "connect-src 'none'". The policy is report-only, so the violation has been logged but no further action has been taken.
Connecting to '<URL>' violates the following Content Security Policy directive: "connect-src 'none'". The policy is report-only, so the violation has been logged but no further action has been taken.
Connecting to '<URL>' violates the following Content Security Policy directive: "connect-src 'none'". The policy is report-only, so the violation has been logged but no further action has been taken.
Connecting to '<URL>' violates the following Content Security Policy directive: "connect-src 'none'". The policy is report-only, so the violation has been logged but no further action has been taken.
Connecting to '<URL>' violates the following Content Security Policy directive: "connect-src 'none'". The policy is report-only, so the violation has been logged but no further action has been taken.
Connecting to '<URL>' violates the following Content Security Policy directive: "connect-src 'none'". The policy is report-only, so the violation has been logged but no further action has been taken.
Connecting to '<URL>' violates the following Content Security Policy directive: "connect-src 'none'". The policy is report-only, so the violation has been logged but no further action has been taken.
Connecting to '<URL>' violates the following Content Security Policy directive: "connect-src 'none'". The policy is report-only, so the violation has been logged but no further action has been taken.
Connecting to '<URL>' violates the following Content Security Policy directive: "connect-src 'none'". The policy is report-only, so the violation has been logged but no further action has been taken.
Connecting to '<URL>' violates the following Content Security Policy directive: "connect-src 'none'". The policy is report-only, so the violation has been logged but no further action has been taken.
Connecting to '<URL>' violates the following Content Security Policy directive: "connect-src 'none'". The policy is report-only, so the violation has been logged but no further action has been taken.
Connecting to '<URL>' violates the following Content Security Policy directive: "connect-src 'none'". The policy is report-only, so the violation has been logged but no further action has been taken.
Connecting to '<URL>' violates the following Content Security Policy directive: "connect-src 'none'". The policy is report-only, so the violation has been logged but no further action has been taken.
Connecting to '<URL>' violates the following Content Security Policy directive: "connect-src 'none'". The policy is report-only, so the violation has been logged but no further action has been taken.
Connecting to '<URL>' violates the following Content Security Policy directive: "connect-src 'none'". The policy is report-only, so the violation has been logged but no further action has been taken.
Connecting to '<URL>' violates the following Content Security Policy directive: "connect-src 'none'". The policy is report-only, so the violation has been logged but no further action has been taken.
Connecting to '<URL>' violates the following Content Security Policy directive: "connect-src 'none'". The policy is report-only, so the violation has been logged but no further action has been taken.
Connecting to '<URL>' violates the following Content Security Policy directive: "connect-src 'none'". The policy is report-only, so the violation has been logged but no further action has been taken.
Connecting to '<URL>' violates the following Content Security Policy directive: "connect-src 'none'". The policy is report-only, so the violation has been logged but no further action has been taken.
Connecting to '<URL>' violates the following Content Security Policy directive: "connect-src 'none'". The policy is report-only, so the violation has been logged but no further action has been taken.
Connecting to '<URL>' violates the following Content Security Policy directive: "connect-src 'none'". The policy is report-only, so the violation has been logged but no further action has been taken.
Connecting to '<URL>' violates the following Content Security Policy directive: "connect-src 'none'". The policy is report-only, so the violation has been logged but no further action has been taken.
Connecting to '<URL>' violates the following Content Security Policy directive: "connect-src 'none'". The policy is report-only, so the violation has been logged but no further action has been taken.
Connecting to '<URL>' violates the following Content Security Policy directive: "connect-src 'none'". The policy is report-only, so the violation has been logged but no further action has been taken.
Connecting to '<URL>' violates the following Content Security Policy directive: "connect-src 'none'". The policy is report-only, so the violation has been logged but no further action has been taken.
Connecting to '<URL>' violates the following Content Security Policy directive: "connect-src 'none'". The policy is report-only, so the violation has been logged but no further action has been taken.
Connecting to '<URL>' violates the following Content Security Policy directive: "connect-src 'none'". The policy is report-only, so the violation has been logged but no further action has been taken.
Connecting to '<URL>' violates the following Content Security Policy directive: "connect-src 'none'". The policy is report-only, so the violation has been logged but no further action has been taken.
Connecting to '<URL>' violates the following Content Security Policy directive: "connect-src 'none'". The policy is report-only, so the violation has been logged but no further action has been taken.
Connecting to '<URL>' violates the following Content Security Policy directive: "connect-src 'none'". The policy is report-only, so the violation has been logged but no further action has been taken.
Connecting to '<URL>' violates the following Content Security Policy directive: "connect-src 'none'". The policy is report-only, so the violation has been logged but no further action has been taken.
Connecting to '<URL>' violates the following Content Security Policy directive: "connect-src 'none'". The policy is report-only, so the violation has been logged but no further action has been taken.
Connecting to '<URL>' violates the following Content Security Policy directive: "connect-src 'none'". The policy is report-only, so the violation has been logged but no further action has been taken.
Connecting to '<URL>' violates the following Content Security Policy directive: "connect-src 'none'". The policy is report-only, so the violation has been logged but no further action has been taken.
Connecting to '<URL>' violates the following Content Security Policy directive: "connect-src 'none'". The policy is report-only, so the violation has been logged but no further action has been taken.
Connecting to '<URL>' violates the following Content Security Policy directive: "connect-src 'none'". The policy is report-only, so the violation has been logged but no further action has been taken.
Connecting to '<URL>' violates the following Content Security Policy directive: "connect-src 'none'". The policy is report-only, so the violation has been logged but no further action has been taken.
Connecting to '<URL>' violates the following Content Security Policy directive: "connect-src 'none'". The policy is report-only, so the violation has been logged but no further action has been taken.
Connecting to '<URL>' violates the following Content Security Policy directive: "connect-src 'none'". The policy is report-only, so the violation has been logged but no further action has been taken.
Connecting to '<URL>' violates the following Content Security Policy directive: "connect-src 'none'". The policy is report-only, so the violation has been logged but no further action has been taken.
Connecting to '<URL>' violates the following Content Security Policy directive: "connect-src 'none'". The policy is report-only, so the violation has been logged but no further action has been taken.
Connecting to '<URL>' violates the following Content Security Policy directive: "connect-src 'none'". The policy is report-only, so the violation has been logged but no further action has been taken.
Connecting to '<URL>' violates the following Content Security Policy directive: "connect-src 'none'". The policy is report-only, so the violation has been logged but no further action has been taken.
Connecting to '<URL>' violates the following Content Security Policy directive: "connect-src 'none'". The policy is report-only, so the violation has been logged but no further action has been taken.
Connecting to '<URL>' violates the following Content Security Policy directive: "connect-src 'none'". The policy is report-only, so the violation has been logged but no further action has been taken.
Connecting to '<URL>' violates the following Content Security Policy directive: "connect-src 'none'". The policy is report-only, so the violation has been logged but no further action has been taken.
Connecting to '<URL>' violates the following Content Security Policy directive: "connect-src 'none'". The policy is report-only, so the violation has been logged but no further action has been taken.
Connecting to '<URL>' violates the following Content Security Policy directive: "connect-src 'none'". The policy is report-only, so the violation has been logged but no further action has been taken.
Connecting to '<URL>' violates the following Content Security Policy directive: "connect-src 'none'". The policy is report-only, so the violation has been logged but no further action has been taken.
Connecting to '<URL>' violates the following Content Security Policy directive: "connect-src 'none'". The policy is report-only, so the violation has been logged but no further action has been taken.
Connecting to '<URL>' violates the following Content Security Policy directive: "connect-src 'none'". The policy is report-only, so the violation has been logged but no further action has been taken.
Connecting to '<URL>' violates the following Content Security Policy directive: "connect-src 'none'". The policy is report-only, so the violation has been logged but no further action has been taken.
Connecting to '<URL>' violates the following Content Security Policy directive: "connect-src 'none'". The policy is report-only, so the violation has been logged but no further action has been taken.
Connecting to '<URL>' violates the following Content Security Policy directive: "connect-src 'none'". The policy is report-only, so the violation has been logged but no further action has been taken.
Connecting to '<URL>' violates the following Content Security Policy directive: "connect-src 'none'". The policy is report-only, so the violation has been logged but no further action has been taken.
Connecting to '<URL>' violates the following Content Security Policy directive: "connect-src 'none'". The policy is report-only, so the violation has been logged but no further action has been taken.
Connecting to '<URL>' violates the following Content Security Policy directive: "connect-src 'none'". The policy is report-only, so the violation has been logged but no further action has been taken.
Connecting to '<URL>' violates the following Content Security Policy directive: "connect-src 'none'". The policy is report-only, so the violation has been logged but no further action has been taken.
Connecting to '<URL>' violates the following Content Security Policy directive: "connect-src 'none'". The policy is report-only, so the violation has been logged but no further action has been taken.
Connecting to '<URL>' violates the following Content Security Policy directive: "connect-src 'none'". The policy is report-only, so the violation has been logged but no further action has been taken.
Connecting to '<URL>' violates the following Content Security Policy directive: "connect-src 'none'". The policy is report-only, so the violation has been logged but no further action has been taken.
Connecting to '<URL>' violates the following Content Security Policy directive: "connect-src 'none'". The policy is report-only, so the violation has been logged but no further action has been taken.
Connecting to '<URL>' violates the following Content Security Policy directive: "connect-src 'none'". The policy is report-only, so the violation has been logged but no further action has been taken.
Connecting to '<URL>' violates the following Content Security Policy directive: "connect-src 'none'". The policy is report-only, so the violation has been logged but no further action has been taken.
Connecting to '<URL>' violates the following Content Security Policy directive: "connect-src 'none'". The policy is report-only, so the violation has been logged but no further action has been taken.
Connecting to '<URL>' violates the following Content Security Policy directive: "connect-src 'none'". The policy is report-only, so the violation has been logged but no further action has been taken.
Connecting to '<URL>' violates the following Content Security Policy directive: "connect-src 'none'". The policy is report-only, so the violation has been logged but no further action has been taken.
Connecting to '<URL>' violates the following Content Security Policy directive: "connect-src 'none'". The policy is report-only, so the violation has been logged but no further action has been taken.
Connecting to '<URL>' violates the following Content Security Policy directive: "connect-src 'none'". The policy is report-only, so the violation has been logged but no further action has been taken.
Connecting to '<URL>' violates the following Content Security Policy directive: "connect-src 'none'". The policy is report-only, so the violation has been logged but no further action has been taken.
Connecting to '<URL>' violates the following Content Security Policy directive: "connect-src 'none'". The policy is report-only, so the violation has been logged but no further action has been taken.
Connecting to '<URL>' violates the following Content Security Policy directive: "connect-src 'none'". The policy is report-only, so the violation has been logged but no further action has been taken.
Connecting to '<URL>' violates the following Content Security Policy directive: "connect-src 'none'". The policy is report-only, so the violation has been logged but no further action has been taken.
Connecting to '<URL>' violates the following Content Security Policy directive: "connect-src 'none'". The policy is report-only, so the violation has been logged but no further action has been taken.
Connecting to '<URL>' violates the following Content Security Policy directive: "connect-src 'none'". The policy is report-only, so the violation has been logged but no further action has been taken.
Connecting to '<URL>' violates the following Content Security Policy directive: "connect-src 'none'". The policy is report-only, so the violation has been logged but no further action has been taken.
Connecting to '<URL>' violates the following Content Security Policy directive: "connect-src 'none'". The policy is report-only, so the violation has been logged but no further action has been taken.
Connecting to '<URL>' violates the following Content Security Policy directive: "connect-src 'none'". The policy is report-only, so the violation has been logged but no further action has been taken.
Connecting to '<URL>' violates the following Content Security Policy directive: "connect-src 'none'". The policy is report-only, so the violation has been logged but no further action has been taken.
Connecting to '<URL>' violates the following Content Security Policy directive: "connect-src 'none'". The policy is report-only, so the violation has been logged but no further action has been taken.
Connecting to '<URL>' violates the following Content Security Policy directive: "connect-src 'none'". The policy is report-only, so the violation has been logged but no further action has been taken.
Connecting to '<URL>' violates the following Content Security Policy directive: "connect-src 'none'". The policy is report-only, so the violation has been logged but no further action has been taken.
Connecting to '<URL>' violates the following Content Security Policy directive: "connect-src 'none'". The policy is report-only, so the violation has been logged but no further action has been taken.
Connecting to '<URL>' violates the following Content Security Policy directive: "connect-src 'none'". The policy is report-only, so the violation has been logged but no further action has been taken.
Connecting to '<URL>' violates the following Content Security Policy directive: "connect-src 'none'". The policy is report-only, so the violation has been logged but no further action has been taken.
Connecting to '<URL>' violates the following Content Security Policy directive: "connect-src 'none'". The policy is report-only, so the violation has been logged but no further action has been taken.
Connecting to '<URL>' violates the following Content Security Policy directive: "connect-src 'none'". The policy is report-only, so the violation has been logged but no further action has been taken.
Connecting to '<URL>' violates the following Content Security Policy directive: "connect-src 'none'". The policy is report-only, so the violation has been logged but no further action has been taken.
Connecting to '<URL>' violates the following Content Security Policy directive: "connect-src 'none'". The policy is report-only, so the violation has been logged but no further action has been taken.
Connecting to '<URL>' violates the following Content Security Policy directive: "connect-src 'none'". The policy is report-only, so the violation has been logged but no further action has been taken.
Connecting to '<URL>' violates the following Content Security Policy directive: "connect-src 'none'". The policy is report-only, so the violation has been logged but no further action has been taken.
Connecting to '<URL>' violates the following Content Security Policy directive: "connect-src 'none'". The policy is report-only, so the violation has been logged but no further action has been taken.
Connecting to '<URL>' violates the following Content Security Policy directive: "connect-src 'none'". The policy is report-only, so the violation has been logged but no further action has been taken.
Connecting to '<URL>' violates the following Content Security Policy directive: "connect-src 'none'". The policy is report-only, so the violation has been logged but no further action has been taken.
Connecting to '<URL>' violates the following Content Security Policy directive: "connect-src 'none'". The policy is report-only, so the violation has been logged but no further action has been taken.
Connecting to '<URL>' violates the following Content Security Policy directive: "connect-src 'none'". The policy is report-only, so the violation has been logged but no further action has been taken.
Connecting to '<URL>' violates the following Content Security Policy directive: "connect-src 'none'". The policy is report-only, so the violation has been logged but no further action has been taken.
Connecting to '<URL>' violates the following Content Security Policy directive: "connect-src 'none'". The policy is report-only, so the violation has been logged but no further action has been taken.
Connecting to '<URL>' violates the following Content Security Policy directive: "connect-src 'none'". The policy is report-only, so the violation has been logged but no further action has been taken.
Connecting to '<URL>' violates the following Content Security Policy directive: "connect-src 'none'". The policy is report-only, so the violation has been logged but no further action has been taken.
Connecting to '<URL>' violates the following Content Security Policy directive: "connect-src 'none'". The policy is report-only, so the violation has been logged but no further action has been taken.
Connecting to '<URL>' violates the following Content Security Policy directive: "connect-src 'none'". The policy is report-only, so the violation has been logged but no further action has been taken.
Connecting to '<URL>' violates the following Content Security Policy directive: "connect-src 'none'". The policy is report-only, so the violation has been logged but no further action has been taken.
Connecting to '<URL>' violates the following Content Security Policy directive: "connect-src 'none'". The policy is report-only, so the violation has been logged but no further action has been taken.
Connecting to '<URL>' violates the following Content Security Policy directive: "connect-src 'none'". The policy is report-only, so the violation has been logged but no further action has been taken.
Connecting to '<URL>' violates the following Content Security Policy directive: "connect-src 'none'". The policy is report-only, so the violation has been logged but no further action has been taken.
Connecting to '<URL>' violates the following Content Security Policy directive: "connect-src 'none'". The policy is report-only, so the violation has been logged but no further action has been taken.
Connecting to '<URL>' violates the following Content Security Policy directive: "connect-src 'none'". The policy is report-only, so the violation has been logged but no further action has been taken.
Connecting to '<URL>' violates the following Content Security Policy directive: "connect-src 'none'". The policy is report-only, so the violation has been logged but no further action has been taken.
Connecting to '<URL>' violates the following Content Security Policy directive: "connect-src 'none'". The policy is report-only, so the violation has been logged but no further action has been taken.
Connecting to '<URL>' violates the following Content Security Policy directive: "connect-src 'none'". The policy is report-only, so the violation has been logged but no further action has been taken.
Connecting to '<URL>' violates the following Content Security Policy directive: "connect-src 'none'". The policy is report-only, so the violation has been logged but no further action has been taken.
Connecting to '<URL>' violates the following Content Security Policy directive: "connect-src 'none'". The policy is report-only, so the violation has been logged but no further action has been taken.
Connecting to '<URL>' violates the following Content Security Policy directive: "connect-src 'none'". The policy is report-only, so the violation has been logged but no further action has been taken.
Connecting to '<URL>' violates the following Content Security Policy directive: "connect-src 'none'". The policy is report-only, so the violation has been logged but no further action has been taken.
Connecting to '<URL>' violates the following Content Security Policy directive: "connect-src 'none'". The policy is report-only, so the violation has been logged but no further action has been taken.
Connecting to '<URL>' violates the following Content Security Policy directive: "connect-src 'none'". The policy is report-only, so the violation has been logged but no further action has been taken.
Connecting to '<URL>' violates the following Content Security Policy directive: "connect-src 'none'". The policy is report-only, so the violation has been logged but no further action has been taken.
Connecting to '<URL>' violates the following Content Security Policy directive: "connect-src 'none'". The policy is report-only, so the violation has been logged but no further action has been taken.
Connecting to '<URL>' violates the following Content Security Policy directive: "connect-src 'none'". The policy is report-only, so the violation has been logged but no further action has been taken.
Connecting to '<URL>' violates the following Content Security Policy directive: "connect-src 'none'". The policy is report-only, so the violation has been logged but no further action has been taken.
Connecting to '<URL>' violates the following Content Security Policy directive: "connect-src 'none'". The policy is report-only, so the violation has been logged but no further action has been taken.
Connecting to '<URL>' violates the following Content Security Policy directive: "connect-src 'none'". The policy is report-only, so the violation has been logged but no further action has been taken.
Connecting to '<URL>' violates the following Content Security Policy directive: "connect-src 'none'". The policy is report-only, so the violation has been logged but no further action has been taken.
Connecting to '<URL>' violates the following Content Security Policy directive: "connect-src 'none'". The policy is report-only, so the violation has been logged but no further action has been taken.
Connecting to '<URL>' violates the following Content Security Policy directive: "connect-src 'none'". The policy is report-only, so the violation has been logged but no further action has been taken.
Connecting to '<URL>' violates the following Content Security Policy directive: "connect-src 'none'". The policy is report-only, so the violation has been logged but no further action has been taken.
Connecting to '<URL>' violates the following Content Security Policy directive: "connect-src 'none'". The policy is report-only, so the violation has been logged but no further action has been taken.
Connecting to '<URL>' violates the following Content Security Policy directive: "connect-src 'none'". The policy is report-only, so the violation has been logged but no further action has been taken.
Connecting to '<URL>' violates the following Content Security Policy directive: "connect-src 'none'". The policy is report-only, so the violation has been logged but no further action has been taken.
Connecting to '<URL>' violates the following Content Security Policy directive: "connect-src 'none'". The policy is report-only, so the violation has been logged but no further action has been taken.
Connecting to '<URL>' violates the following Content Security Policy directive: "connect-src 'none'". The policy is report-only, so the violation has been logged but no further action has been taken.
Connecting to '<URL>' violates the following Content Security Policy directive: "connect-src 'none'". The policy is report-only, so the violation has been logged but no further action has been taken.
Connecting to '<URL>' violates the following Content Security Policy directive: "connect-src 'none'". The policy is report-only, so the violation has been logged but no further action has been taken.
Connecting to '<URL>' violates the following Content Security Policy directive: "connect-src 'none'". The policy is report-only, so the violation has been logged but no further action has been taken.
Connecting to '<URL>' violates the following Content Security Policy directive: "connect-src 'none'". The policy is report-only, so the violation has been logged but no further action has been taken.
Connecting to '<URL>' violates the following Content Security Policy directive: "connect-src 'none'". The policy is report-only, so the violation has been logged but no further action has been taken.
Connecting to '<URL>' violates the following Content Security Policy directive: "connect-src 'none'". The policy is report-only, so the violation has been logged but no further action has been taken.
Connecting to '<URL>' violates the following Content Security Policy directive: "connect-src 'none'". The policy is report-only, so the violation has been logged but no further action has been taken.
Connecting to '<URL>' violates the following Content Security Policy directive: "connect-src 'none'". The policy is report-only, so the violation has been logged but no further action has been taken.
Connecting to '<URL>' violates the following Content Security Policy directive: "connect-src 'none'". The policy is report-only, so the violation has been logged but no further action has been taken.
Connecting to '<URL>' violates the following Content Security Policy directive: "connect-src 'none'". The policy is report-only, so the violation has been logged but no further action has been taken.
Connecting to '<URL>' violates the following Content Security Policy directive: "connect-src 'none'". The policy is report-only, so the violation has been logged but no further action has been taken.
Connecting to '<URL>' violates the following Content Security Policy directive: "connect-src 'none'". The policy is report-only, so the violation has been logged but no further action has been taken.
Connecting to '<URL>' violates the following Content Security Policy directive: "connect-src 'none'". The policy is report-only, so the violation has been logged but no further action has been taken.
Connecting to '<URL>' violates the following Content Security Policy directive: "connect-src 'none'". The policy is report-only, so the violation has been logged but no further action has been taken.
Connecting to '<URL>' violates the following Content Security Policy directive: "connect-src 'none'". The policy is report-only, so the violation has been logged but no further action has been taken.
Connecting to '<URL>' violates the following Content Security Policy directive: "connect-src 'none'". The policy is report-only, so the violation has been logged but no further action has been taken.
Connecting to '<URL>' violates the following Content Security Policy directive: "connect-src 'none'". The policy is report-only, so the violation has been logged but no further action has been taken.
Connecting to '<URL>' violates the following Content Security Policy directive: "connect-src 'none'". The policy is report-only, so the violation has been logged but no further action has been taken.
Connecting to '<URL>' violates the following Content Security Policy directive: "connect-src 'none'". The policy is report-only, so the violation has been logged but no further action has been taken.
Connecting to '<URL>' violates the following Content Security Policy directive: "connect-src 'none'". The policy is report-only, so the violation has been logged but no further action has been taken.
Connecting to '<URL>' violates the following Content Security Policy directive: "connect-src 'none'". The policy is report-only, so the violation has been logged but no further action has been taken.
Connecting to '<URL>' violates the following Content Security Policy directive: "connect-src 'none'". The policy is report-only, so the violation has been logged but no further action has been taken.
Connecting to '<URL>' violates the following Content Security Policy directive: "connect-src 'none'". The policy is report-only, so the violation has been logged but no further action has been taken.
Connecting to '<URL>' violates the following Content Security Policy directive: "connect-src 'none'". The policy is report-only, so the violation has been logged but no further action has been taken.
Connecting to '<URL>' violates the following Content Security Policy directive: "connect-src 'none'". The policy is report-only, so the violation has been logged but no further action has been taken.
Connecting to '<URL>' violates the following Content Security Policy directive: "connect-src 'none'". The policy is report-only, so the violation has been logged but no further action has been taken.
Connecting to '<URL>' violates the following Content Security Policy directive: "connect-src 'none'". The policy is report-only, so the violation has been logged but no further action has been taken.
Connecting to '<URL>' violates the following Content Security Policy directive: "connect-src 'none'". The policy is report-only, so the violation has been logged but no further action has been taken.
Connecting to '<URL>' violates the following Content Security Policy directive: "connect-src 'none'". The policy is report-only, so the violation has been logged but no further action has been taken.
Connecting to '<URL>' violates the following Content Security Policy directive: "connect-src 'none'". The policy is report-only, so the violation has been logged but no further action has been taken.
Connecting to '<URL>' violates the following Content Security Policy directive: "connect-src 'none'". The policy is report-only, so the violation has been logged but no further action has been taken.
Connecting to '<URL>' violates the following Content Security Policy directive: "connect-src 'none'". The policy is report-only, so the violation has been logged but no further action has been taken.
Connecting to '<URL>' violates the following Content Security Policy directive: "connect-src 'none'". The policy is report-only, so the violation has been logged but no further action has been taken.
Connecting to '<URL>' violates the following Content Security Policy directive: "connect-src 'none'". The policy is report-only, so the violation has been logged but no further action has been taken.
Connecting to '<URL>' violates the following Content Security Policy directive: "connect-src 'none'". The policy is report-only, so the violation has been logged but no further action has been taken.
Connecting to '<URL>' violates the following Content Security Policy directive: "connect-src 'none'". The policy is report-only, so the violation has been logged but no further action has been taken.
Connecting to '<URL>' violates the following Content Security Policy directive: "connect-src 'none'". The policy is report-only, so the violation has been logged but no further action has been taken.
Connecting to '<URL>' violates the following Content Security Policy directive: "connect-src 'none'". The policy is report-only, so the violation has been logged but no further action has been taken.
Connecting to '<URL>' violates the following Content Security Policy directive: "connect-src 'none'". The policy is report-only, so the violation has been logged but no further action has been taken.
Connecting to '<URL>' violates the following Content Security Policy directive: "connect-src 'none'". The policy is report-only, so the violation has been logged but no further action has been taken.
Connecting to '<URL>' violates the following Content Security Policy directive: "connect-src 'none'". The policy is report-only, so the violation has been logged but no further action has been taken.
Connecting to '<URL>' violates the following Content Security Policy directive: "connect-src 'none'". The policy is report-only, so the violation has been logged but no further action has been taken.
Connecting to '<URL>' violates the following Content Security Policy directive: "connect-src 'none'". The policy is report-only, so the violation has been logged but no further action has been taken.
Connecting to '<URL>' violates the following Content Security Policy directive: "connect-src 'none'". The policy is report-only, so the violation has been logged but no further action has been taken.
Connecting to '<URL>' violates the following Content Security Policy directive: "connect-src 'none'". The policy is report-only, so the violation has been logged but no further action has been taken.
Connecting to '<URL>' violates the following Content Security Policy directive: "connect-src 'none'". The policy is report-only, so the violation has been logged but no further action has been taken.
Connecting to '<URL>' violates the following Content Security Policy directive: "connect-src 'none'". The policy is report-only, so the violation has been logged but no further action has been taken.
Connecting to '<URL>' violates the following Content Security Policy directive: "connect-src 'none'". The policy is report-only, so the violation has been logged but no further action has been taken.
Connecting to '<URL>' violates the following Content Security Policy directive: "connect-src 'none'". The policy is report-only, so the violation has been logged but no further action has been taken.
Connecting to '<URL>' violates the following Content Security Policy directive: "connect-src 'none'". The policy is report-only, so the violation has been logged but no further action has been taken.
Connecting to '<URL>' violates the following Content Security Policy directive: "connect-src 'none'". The policy is report-only, so the violation has been logged but no further action has been taken.
Connecting to '<URL>' violates the following Content Security Policy directive: "connect-src 'none'". The policy is report-only, so the violation has been logged but no further action has been taken.
Connecting to '<URL>' violates the following Content Security Policy directive: "connect-src 'none'". The policy is report-only, so the violation has been logged but no further action has been taken.
Connecting to '<URL>' violates the following Content Security Policy directive: "connect-src 'none'". The policy is report-only, so the violation has been logged but no further action has been taken.
Connecting to '<URL>' violates the following Content Security Policy directive: "connect-src 'none'". The policy is report-only, so the violation has been logged but no further action has been taken.
Connecting to '<URL>' violates the following Content Security Policy directive: "connect-src 'none'". The policy is report-only, so the violation has been logged but no further action has been taken.
Connecting to '<URL>' violates the following Content Security Policy directive: "connect-src 'none'". The policy is report-only, so the violation has been logged but no further action has been taken.
Connecting to '<URL>' violates the following Content Security Policy directive: "connect-src 'none'". The policy is report-only, so the violation has been logged but no further action has been taken.
Connecting to '<URL>' violates the following Content Security Policy directive: "connect-src 'none'". The policy is report-only, so the violation has been logged but no further action has been taken.
Connecting to '<URL>' violates the following Content Security Policy directive: "connect-src 'none'". The policy is report-only, so the violation has been logged but no further action has been taken.
Connecting to '<URL>' violates the following Content Security Policy directive: "connect-src 'none'". The policy is report-only, so the violation has been logged but no further action has been taken.
Connecting to '<URL>' violates the following Content Security Policy directive: "connect-src 'none'". The policy is report-only, so the violation has been logged but no further action has been taken.
Connecting to '<URL>' violates the following Content Security Policy directive: "connect-src 'none'". The policy is report-only, so the violation has been logged but no further action has been taken.
Connecting to '<URL>' violates the following Content Security Policy directive: "connect-src 'none'". The policy is report-only, so the violation has been logged but no further action has been taken.
Connecting to '<URL>' violates the following Content Security Policy directive: "connect-src 'none'". The policy is report-only, so the violation has been logged but no further action has been taken.
Connecting to '<URL>' violates the following Content Security Policy directive: "connect-src 'none'". The policy is report-only, so the violation has been logged but no further action has been taken.
Connecting to '<URL>' violates the following Content Security Policy directive: "connect-src 'none'". The policy is report-only, so the violation has been logged but no further action has been taken.
Connecting to '<URL>' violates the following Content Security Policy directive: "connect-src 'none'". The policy is report-only, so the violation has been logged but no further action has been taken.
Connecting to '<URL>' violates the following Content Security Policy directive: "connect-src 'none'". The policy is report-only, so the violation has been logged but no further action has been taken.
Connecting to '<URL>' violates the following Content Security Policy directive: "connect-src 'none'". The policy is report-only, so the violation has been logged but no further action has been taken.
Connecting to '<URL>' violates the following Content Security Policy directive: "connect-src 'none'". The policy is report-only, so the violation has been logged but no further action has been taken.
Connecting to '<URL>' violates the following Content Security Policy directive: "connect-src 'none'". The policy is report-only, so the violation has been logged but no further action has been taken.
Connecting to '<URL>' violates the following Content Security Policy directive: "connect-src 'none'". The policy is report-only, so the violation has been logged but no further action has been taken.
Connecting to '<URL>' violates the following Content Security Policy directive: "connect-src 'none'". The policy is report-only, so the violation has been logged but no further action has been taken.
Connecting to '<URL>' violates the following Content Security Policy directive: "connect-src 'none'". The policy is report-only, so the violation has been logged but no further action has been taken.
Connecting to '<URL>' violates the following Content Security Policy directive: "connect-src 'none'". The policy is report-only, so the violation has been logged but no further action has been taken.
Connecting to '<URL>' violates the following Content Security Policy directive: "connect-src 'none'". The policy is report-only, so the violation has been logged but no further action has been taken.
Connecting to '<URL>' violates the following Content Security Policy directive: "connect-src 'none'". The policy is report-only, so the violation has been logged but no further action has been taken.
Connecting to '<URL>' violates the following Content Security Policy directive: "connect-src 'none'". The policy is report-only, so the violation has been logged but no further action has been taken.
Connecting to '<URL>' violates the following Content Security Policy directive: "connect-src 'none'". The policy is report-only, so the violation has been logged but no further action has been taken.
Connecting to '<URL>' violates the following Content Security Policy directive: "connect-src 'none'". The policy is report-only, so the violation has been logged but no further action has been taken.
Connecting to '<URL>' violates the following Content Security Policy directive: "connect-src 'none'". The policy is report-only, so the violation has been logged but no further action has been taken.
Connecting to '<URL>' violates the following Content Security Policy directive: "connect-src 'none'". The policy is report-only, so the violation has been logged but no further action has been taken.
Connecting to '<URL>' violates the following Content Security Policy directive: "connect-src 'none'". The policy is report-only, so the violation has been logged but no further action has been taken.
Connecting to '<URL>' violates the following Content Security Policy directive: "connect-src 'none'". The policy is report-only, so the violation has been logged but no further action has been taken.
Connecting to '<URL>' violates the following Content Security Policy directive: "connect-src 'none'". The policy is report-only, so the violation has been logged but no further action has been taken.
Connecting to '<URL>' violates the following Content Security Policy directive: "connect-src 'none'". The policy is report-only, so the violation has been logged but no further action has been taken.
Connecting to '<URL>' violates the following Content Security Policy directive: "connect-src 'none'". The policy is report-only, so the violation has been logged but no further action has been taken.
Connecting to '<URL>' violates the following Content Security Policy directive: "connect-src 'none'". The policy is report-only, so the violation has been logged but no further action has been taken.
Connecting to '<URL>' violates the following Content Security Policy directive: "connect-src 'none'". The policy is report-only, so the violation has been logged but no further action has been taken.
Connecting to '<URL>' violates the following Content Security Policy directive: "connect-src 'none'". The policy is report-only, so the violation has been logged but no further action has been taken.
Connecting to '<URL>' violates the following Content Security Policy directive: "connect-src 'none'". The policy is report-only, so the violation has been logged but no further action has been taken.
Connecting to '<URL>' violates the following Content Security Policy directive: "connect-src 'none'". The policy is report-only, so the violation has been logged but no further action has been taken.
Connecting to '<URL>' violates the following Content Security Policy directive: "connect-src 'none'". The policy is report-only, so the violation has been logged but no further action has been taken.
Connecting to '<URL>' violates the following Content Security Policy directive: "connect-src 'none'". The policy is report-only, so the violation has been logged but no further action has been taken.
Connecting to '<URL>' violates the following Content Security Policy directive: "connect-src 'none'". The policy is report-only, so the violation has been logged but no further action has been taken.
Connecting to '<URL>' violates the following Content Security Policy directive: "connect-src 'none'". The policy is report-only, so the violation has been logged but no further action has been taken.
Connecting to '<URL>' violates the following Content Security Policy directive: "connect-src 'none'". The policy is report-only, so the violation has been logged but no further action has been taken.
Connecting to '<URL>' violates the following Content Security Policy directive: "connect-src 'none'". The policy is report-only, so the violation has been logged but no further action has been taken.
Connecting to '<URL>' violates the following Content Security Policy directive: "connect-src 'none'". The policy is report-only, so the violation has been logged but no further action has been taken.
Connecting to '<URL>' violates the following Content Security Policy directive: "connect-src 'none'". The policy is report-only, so the violation has been logged but no further action has been taken.
Connecting to '<URL>' violates the following Content Security Policy directive: "connect-src 'none'". The policy is report-only, so the violation has been logged but no further action has been taken.
Connecting to '<URL>' violates the following Content Security Policy directive: "connect-src 'none'". The policy is report-only, so the violation has been logged but no further action has been taken.
Connecting to '<URL>' violates the following Content Security Policy directive: "connect-src 'none'". The policy is report-only, so the violation has been logged but no further action has been taken.
Connecting to '<URL>' violates the following Content Security Policy directive: "connect-src 'none'". The policy is report-only, so the violation has been logged but no further action has been taken.
Connecting to '<URL>' violates the following Content Security Policy directive: "connect-src 'none'". The policy is report-only, so the violation has been logged but no further action has been taken.
Connecting to '<URL>' violates the following Content Security Policy directive: "connect-src 'none'". The policy is report-only, so the violation has been logged but no further action has been taken.
Connecting to '<URL>' violates the following Content Security Policy directive: "connect-src 'none'". The policy is report-only, so the violation has been logged but no further action has been taken.
Connecting to '<URL>' violates the following Content Security Policy directive: "connect-src 'none'". The policy is report-only, so the violation has been logged but no further action has been taken.
Connecting to '<URL>' violates the following Content Security Policy directive: "connect-src 'none'". The policy is report-only, so the violation has been logged but no further action has been taken.
Connecting to '<URL>' violates the following Content Security Policy directive: "connect-src 'none'". The policy is report-only, so the violation has been logged but no further action has been taken.
Connecting to '<URL>' violates the following Content Security Policy directive: "connect-src 'none'". The policy is report-only, so the violation has been logged but no further action has been taken.
Connecting to '<URL>' violates the following Content Security Policy directive: "connect-src 'none'". The policy is report-only, so the violation has been logged but no further action has been taken.
Connecting to '<URL>' violates the following Content Security Policy directive: "connect-src 'none'". The policy is report-only, so the violation has been logged but no further action has been taken.
Connecting to '<URL>' violates the following Content Security Policy directive: "connect-src 'none'". The policy is report-only, so the violation has been logged but no further action has been taken.
Connecting to '<URL>' violates the following Content Security Policy directive: "connect-src 'none'". The policy is report-only, so the violation has been logged but no further action has been taken.
Connecting to '<URL>' violates the following Content Security Policy directive: "connect-src 'none'". The policy is report-only, so the violation has been logged but no further action has been taken.
Connecting to '<URL>' violates the following Content Security Policy directive: "connect-src 'none'". The policy is report-only, so the violation has been logged but no further action has been taken.
Connecting to '<URL>' violates the following Content Security Policy directive: "connect-src 'none'". The policy is report-only, so the violation has been logged but no further action has been taken.
Connecting to '<URL>' violates the following Content Security Policy directive: "connect-src 'none'". The policy is report-only, so the violation has been logged but no further action has been taken.
Connecting to '<URL>' violates the following Content Security Policy directive: "connect-src 'none'". The policy is report-only, so the violation has been logged but no further action has been taken.
Connecting to '<URL>' violates the following Content Security Policy directive: "connect-src 'none'". The policy is report-only, so the violation has been logged but no further action has been taken.
Connecting to '<URL>' violates the following Content Security Policy directive: "connect-src 'none'". The policy is report-only, so the violation has been logged but no further action has been taken.
Connecting to '<URL>' violates the following Content Security Policy directive: "connect-src 'none'". The policy is report-only, so the violation has been logged but no further action has been taken.
Connecting to '<URL>' violates the following Content Security Policy directive: "connect-src 'none'". The policy is report-only, so the violation has been logged but no further action has been taken.
Connecting to '<URL>' violates the following Content Security Policy directive: "connect-src 'none'". The policy is report-only, so the violation has been logged but no further action has been taken.
Connecting to '<URL>' violates the following Content Security Policy directive: "connect-src 'none'". The policy is report-only, so the violation has been logged but no further action has been taken.
Connecting to '<URL>' violates the following Content Security Policy directive: "connect-src 'none'". The policy is report-only, so the violation has been logged but no further action has been taken.
Connecting to '<URL>' violates the following Content Security Policy directive: "connect-src 'none'". The policy is report-only, so the violation has been logged but no further action has been taken.
Connecting to '<URL>' violates the following Content Security Policy directive: "connect-src 'none'". The policy is report-only, so the violation has been logged but no further action has been taken.
Connecting to '<URL>' violates the following Content Security Policy directive: "connect-src 'none'". The policy is report-only, so the violation has been logged but no further action has been taken.
Connecting to '<URL>' violates the following Content Security Policy directive: "connect-src 'none'". The policy is report-only, so the violation has been logged but no further action has been taken.
Connecting to '<URL>' violates the following Content Security Policy directive: "connect-src 'none'". The policy is report-only, so the violation has been logged but no further action has been taken.
Connecting to '<URL>' violates the following Content Security Policy directive: "connect-src 'none'". The policy is report-only, so the violation has been logged but no further action has been taken.
Connecting to '<URL>' violates the following Content Security Policy directive: "connect-src 'none'". The policy is report-only, so the violation has been logged but no further action has been taken.
Connecting to '<URL>' violates the following Content Security Policy directive: "connect-src 'none'". The policy is report-only, so the violation has been logged but no further action has been taken.
Connecting to '<URL>' violates the following Content Security Policy directive: "connect-src 'none'". The policy is report-only, so the violation has been logged but no further action has been taken.
Connecting to '<URL>' violates the following Content Security Policy directive: "connect-src 'none'". The policy is report-only, so the violation has been logged but no further action has been taken.
Connecting to '<URL>' violates the following Content Security Policy directive: "connect-src 'none'". The policy is report-only, so the violation has been logged but no further action has been taken.
Connecting to '<URL>' violates the following Content Security Policy directive: "connect-src 'none'". The policy is report-only, so the violation has been logged but no further action has been taken.
Connecting to '<URL>' violates the following Content Security Policy directive: "connect-src 'none'". The policy is report-only, so the violation has been logged but no further action has been taken.
Connecting to '<URL>' violates the following Content Security Policy directive: "connect-src 'none'". The policy is report-only, so the violation has been logged but no further action has been taken.
Connecting to '<URL>' violates the following Content Security Policy directive: "connect-src 'none'". The policy is report-only, so the violation has been logged but no further action has been taken.
Connecting to '<URL>' violates the following Content Security Policy directive: "connect-src 'none'". The policy is report-only, so the violation has been logged but no further action has been taken.
Connecting to '<URL>' violates the following Content Security Policy directive: "connect-src 'none'". The policy is report-only, so the violation has been logged but no further action has been taken.
Connecting to '<URL>' violates the following Content Security Policy directive: "connect-src 'none'". The policy is report-only, so the violation has been logged but no further action has been taken.
Connecting to '<URL>' violates the following Content Security Policy directive: "connect-src 'none'". The policy is report-only, so the violation has been logged but no further action has been taken.
Connecting to '<URL>' violates the following Content Security Policy directive: "connect-src 'none'". The policy is report-only, so the violation has been logged but no further action has been taken.
Connecting to '<URL>' violates the following Content Security Policy directive: "connect-src 'none'". The policy is report-only, so the violation has been logged but no further action has been taken.
Connecting to '<URL>' violates the following Content Security Policy directive: "connect-src 'none'". The policy is report-only, so the violation has been logged but no further action has been taken.
Connecting to '<URL>' violates the following Content Security Policy directive: "connect-src 'none'". The policy is report-only, so the violation has been logged but no further action has been taken.
Connecting to '<URL>' violates the following Content Security Policy directive: "connect-src 'none'". The policy is report-only, so the violation has been logged but no further action has been taken.
Connecting to '<URL>' violates the following Content Security Policy directive: "connect-src 'none'". The policy is report-only, so the violation has been logged but no further action has been taken.
Connecting to '<URL>' violates the following Content Security Policy directive: "connect-src 'none'". The policy is report-only, so the violation has been logged but no further action has been taken.
Connecting to '<URL>' violates the following Content Security Policy directive: "connect-src 'none'". The policy is report-only, so the violation has been logged but no further action has been taken.
Connecting to '<URL>' violates the following Content Security Policy directive: "connect-src 'none'". The policy is report-only, so the violation has been logged but no further action has been taken.
Connecting to '<URL>' violates the following Content Security Policy directive: "connect-src 'none'". The policy is report-only, so the violation has been logged but no further action has been taken.
Connecting to '<URL>' violates the following Content Security Policy directive: "connect-src 'none'". The policy is report-only, so the violation has been logged but no further action has been taken.
Connecting to '<URL>' violates the following Content Security Policy directive: "connect-src 'none'". The policy is report-only, so the violation has been logged but no further action has been taken.
Connecting to '<URL>' violates the following Content Security Policy directive: "connect-src 'none'". The policy is report-only, so the violation has been logged but no further action has been taken.
Connecting to '<URL>' violates the following Content Security Policy directive: "connect-src 'none'". The policy is report-only, so the violation has been logged but no further action has been taken.
Connecting to '<URL>' violates the following Content Security Policy directive: "connect-src 'none'". The policy is report-only, so the violation has been logged but no further action has been taken.
Connecting to '<URL>' violates the following Content Security Policy directive: "connect-src 'none'". The policy is report-only, so the violation has been logged but no further action has been taken.
Connecting to '<URL>' violates the following Content Security Policy directive: "connect-src 'none'". The policy is report-only, so the violation has been logged but no further action has been taken.
Connecting to '<URL>' violates the following Content Security Policy directive: "connect-src 'none'". The policy is report-only, so the violation has been logged but no further action has been taken.
Connecting to '<URL>' violates the following Content Security Policy directive: "connect-src 'none'". The policy is report-only, so the violation has been logged but no further action has been taken.
Connecting to '<URL>' violates the following Content Security Policy directive: "connect-src 'none'". The policy is report-only, so the violation has been logged but no further action has been taken.
Connecting to '<URL>' violates the following Content Security Policy directive: "connect-src 'none'". The policy is report-only, so the violation has been logged but no further action has been taken.
Connecting to '<URL>' violates the following Content Security Policy directive: "connect-src 'none'". The policy is report-only, so the violation has been logged but no further action has been taken.
Connecting to '<URL>' violates the following Content Security Policy directive: "connect-src 'none'". The policy is report-only, so the violation has been logged but no further action has been taken.
Connecting to '<URL>' violates the following Content Security Policy directive: "connect-src 'none'". The policy is report-only, so the violation has been logged but no further action has been taken.
Connecting to '<URL>' violates the following Content Security Policy directive: "connect-src 'none'". The policy is report-only, so the violation has been logged but no further action has been taken.
Connecting to '<URL>' violates the following Content Security Policy directive: "connect-src 'none'". The policy is report-only, so the violation has been logged but no further action has been taken.
Connecting to '<URL>' violates the following Content Security Policy directive: "connect-src 'none'". The policy is report-only, so the violation has been logged but no further action has been taken.
Connecting to '<URL>' violates the following Content Security Policy directive: "connect-src 'none'". The policy is report-only, so the violation has been logged but no further action has been taken.
Connecting to '<URL>' violates the following Content Security Policy directive: "connect-src 'none'". The policy is report-only, so the violation has been logged but no further action has been taken.
Connecting to '<URL>' violates the following Content Security Policy directive: "connect-src 'none'". The policy is report-only, so the violation has been logged but no further action has been taken.
Connecting to '<URL>' violates the following Content Security Policy directive: "connect-src 'none'". The policy is report-only, so the violation has been logged but no further action has been taken.
Connecting to '<URL>' violates the following Content Security Policy directive: "connect-src 'none'". The policy is report-only, so the violation has been logged but no further action has been taken.
Connecting to '<URL>' violates the following Content Security Policy directive: "connect-src 'none'". The policy is report-only, so the violation has been logged but no further action has been taken.
Connecting to '<URL>' violates the following Content Security Policy directive: "connect-src 'none'". The policy is report-only, so the violation has been logged but no further action has been taken.
Connecting to '<URL>' violates the following Content Security Policy directive: "connect-src 'none'". The policy is report-only, so the violation has been logged but no further action has been taken.
Connecting to '<URL>' violates the following Content Security Policy directive: "connect-src 'none'". The policy is report-only, so the violation has been logged but no further action has been taken.
Connecting to '<URL>' violates the following Content Security Policy directive: "connect-src 'none'". The policy is report-only, so the violation has been logged but no further action has been taken.
Connecting to '<URL>' violates the following Content Security Policy directive: "connect-src 'none'". The policy is report-only, so the violation has been logged but no further action has been taken.
Connecting to '<URL>' violates the following Content Security Policy directive: "connect-src 'none'". The policy is report-only, so the violation has been logged but no further action has been taken.
Connecting to '<URL>' violates the following Content Security Policy directive: "connect-src 'none'". The policy is report-only, so the violation has been logged but no further action has been taken.
Connecting to '<URL>' violates the following Content Security Policy directive: "connect-src 'none'". The policy is report-only, so the violation has been logged but no further action has been taken.
Connecting to '<URL>' violates the following Content Security Policy directive: "connect-src 'none'". The policy is report-only, so the violation has been logged but no further action has been taken.
Connecting to '<URL>' violates the following Content Security Policy directive: "connect-src 'none'". The policy is report-only, so the violation has been logged but no further action has been taken.
Connecting to '<URL>' violates the following Content Security Policy directive: "connect-src 'none'". The policy is report-only, so the violation has been logged but no further action has been taken.
Connecting to '<URL>' violates the following Content Security Policy directive: "connect-src 'none'". The policy is report-only, so the violation has been logged but no further action has been taken.
Connecting to '<URL>' violates the following Content Security Policy directive: "connect-src 'none'". The policy is report-only, so the violation has been logged but no further action has been taken.
Connecting to '<URL>' violates the following Content Security Policy directive: "connect-src 'none'". The policy is report-only, so the violation has been logged but no further action has been taken.
Connecting to '<URL>' violates the following Content Security Policy directive: "connect-src 'none'". The policy is report-only, so the violation has been logged but no further action has been taken.
Connecting to '<URL>' violates the following Content Security Policy directive: "connect-src 'none'". The policy is report-only, so the violation has been logged but no further action has been taken.
Connecting to '<URL>' violates the following Content Security Policy directive: "connect-src 'none'". The policy is report-only, so the violation has been logged but no further action has been taken.
Connecting to '<URL>' violates the following Content Security Policy directive: "connect-src 'none'". The policy is report-only, so the violation has been logged but no further action has been taken.
Connecting to '<URL>' violates the following Content Security Policy directive: "connect-src 'none'". The policy is report-only, so the violation has been logged but no further action has been taken.
Connecting to '<URL>' violates the following Content Security Policy directive: "connect-src 'none'". The policy is report-only, so the violation has been logged but no further action has been taken.
Connecting to '<URL>' violates the following Content Security Policy directive: "connect-src 'none'". The policy is report-only, so the violation has been logged but no further action has been taken.
Connecting to '<URL>' violates the following Content Security Policy directive: "connect-src 'none'". The policy is report-only, so the violation has been logged but no further action has been taken.
Connecting to '<URL>' violates the following Content Security Policy directive: "connect-src 'none'". The policy is report-only, so the violation has been logged but no further action has been taken.
Connecting to '<URL>' violates the following Content Security Policy directive: "connect-src 'none'". The policy is report-only, so the violation has been logged but no further action has been taken.
Connecting to '<URL>' violates the following Content Security Policy directive: "connect-src 'none'". The policy is report-only, so the violation has been logged but no further action has been taken.
Connecting to '<URL>' violates the following Content Security Policy directive: "connect-src 'none'". The policy is report-only, so the violation has been logged but no further action has been taken.
Connecting to '<URL>' violates the following Content Security Policy directive: "connect-src 'none'". The policy is report-only, so the violation has been logged but no further action has been taken.
Connecting to '<URL>' violates the following Content Security Policy directive: "connect-src 'none'". The policy is report-only, so the violation has been logged but no further action has been taken.
Connecting to '<URL>' violates the following Content Security Policy directive: "connect-src 'none'". The policy is report-only, so the violation has been logged but no further action has been taken.
Connecting to '<URL>' violates the following Content Security Policy directive: "connect-src 'none'". The policy is report-only, so the violation has been logged but no further action has been taken.
Connecting to '<URL>' violates the following Content Security Policy directive: "connect-src 'none'". The policy is report-only, so the violation has been logged but no further action has been taken.
Connecting to '<URL>' violates the following Content Security Policy directive: "connect-src 'none'". The policy is report-only, so the violation has been logged but no further action has been taken.
Connecting to '<URL>' violates the following Content Security Policy directive: "connect-src 'none'". The policy is report-only, so the violation has been logged but no further action has been taken.
Connecting to '<URL>' violates the following Content Security Policy directive: "connect-src 'none'". The policy is report-only, so the violation has been logged but no further action has been taken.
Connecting to '<URL>' violates the following Content Security Policy directive: "connect-src 'none'". The policy is report-only, so the violation has been logged but no further action has been taken.
Connecting to '<URL>' violates the following Content Security Policy directive: "connect-src 'none'". The policy is report-only, so the violation has been logged but no further action has been taken.
Connecting to '<URL>' violates the following Content Security Policy directive: "connect-src 'none'". The policy is report-only, so the violation has been logged but no further action has been taken.
Connecting to '<URL>' violates the following Content Security Policy directive: "connect-src 'none'". The policy is report-only, so the violation has been logged but no further action has been taken.
Connecting to '<URL>' violates the following Content Security Policy directive: "connect-src 'none'". The policy is report-only, so the violation has been logged but no further action has been taken.
Connecting to '<URL>' violates the following Content Security Policy directive: "connect-src 'none'". The policy is report-only, so the violation has been logged but no further action has been taken.
Connecting to '<URL>' violates the following Content Security Policy directive: "connect-src 'none'". The policy is report-only, so the violation has been logged but no further action has been taken.
Connecting to '<URL>' violates the following Content Security Policy directive: "connect-src 'none'". The policy is report-only, so the violation has been logged but no further action has been taken.
Connecting to '<URL>' violates the following Content Security Policy directive: "connect-src 'none'". The policy is report-only, so the violation has been logged but no further action has been taken.
Connecting to '<URL>' violates the following Content Security Policy directive: "connect-src 'none'". The policy is report-only, so the violation has been logged but no further action has been taken.
Connecting to '<URL>' violates the following Content Security Policy directive: "connect-src 'none'". The policy is report-only, so the violation has been logged but no further action has been taken.
Connecting to '<URL>' violates the following Content Security Policy directive: "connect-src 'none'". The policy is report-only, so the violation has been logged but no further action has been taken.
Connecting to '<URL>' violates the following Content Security Policy directive: "connect-src 'none'". The policy is report-only, so the violation has been logged but no further action has been taken.
Connecting to '<URL>' violates the following Content Security Policy directive: "connect-src 'none'". The policy is report-only, so the violation has been logged but no further action has been taken.
Connecting to '<URL>' violates the following Content Security Policy directive: "connect-src 'none'". The policy is report-only, so the violation has been logged but no further action has been taken.
Connecting to '<URL>' violates the following Content Security Policy directive: "connect-src 'none'". The policy is report-only, so the violation has been logged but no further action has been taken.
Connecting to '<URL>' violates the following Content Security Policy directive: "connect-src 'none'". The policy is report-only, so the violation has been logged but no further action has been taken.
Connecting to '<URL>' violates the following Content Security Policy directive: "connect-src 'none'". The policy is report-only, so the violation has been logged but no further action has been taken.
Connecting to '<URL>' violates the following Content Security Policy directive: "connect-src 'none'". The policy is report-only, so the violation has been logged but no further action has been taken.
Connecting to '<URL>' violates the following Content Security Policy directive: "connect-src 'none'". The policy is report-only, so the violation has been logged but no further action has been taken.
Connecting to '<URL>' violates the following Content Security Policy directive: "connect-src 'none'". The policy is report-only, so the violation has been logged but no further action has been taken.
Connecting to '<URL>' violates the following Content Security Policy directive: "connect-src 'none'". The policy is report-only, so the violation has been logged but no further action has been taken.
Connecting to '<URL>' violates the following Content Security Policy directive: "connect-src 'none'". The policy is report-only, so the violation has been logged but no further action has been taken.
Connecting to '<URL>' violates the following Content Security Policy directive: "connect-src 'none'". The policy is report-only, so the violation has been logged but no further action has been taken.
Connecting to '<URL>' violates the following Content Security Policy directive: "connect-src 'none'". The policy is report-only, so the violation has been logged but no further action has been taken.
Connecting to '<URL>' violates the following Content Security Policy directive: "connect-src 'none'". The policy is report-only, so the violation has been logged but no further action has been taken.
Connecting to '<URL>' violates the following Content Security Policy directive: "connect-src 'none'". The policy is report-only, so the violation has been logged but no further action has been taken.
Connecting to '<URL>' violates the following Content Security Policy directive: "connect-src 'none'". The policy is report-only, so the violation has been logged but no further action has been taken.
Connecting to '<URL>' violates the following Content Security Policy directive: "connect-src 'none'". The policy is report-only, so the violation has been logged but no further action has been taken.
Connecting to '<URL>' violates the following Content Security Policy directive: "connect-src 'none'". The policy is report-only, so the violation has been logged but no further action has been taken.
Connecting to '<URL>' violates the following Content Security Policy directive: "connect-src 'none'". The policy is report-only, so the violation has been logged but no further action has been taken.
Connecting to '<URL>' violates the following Content Security Policy directive: "connect-src 'none'". The policy is report-only, so the violation has been logged but no further action has been taken.
Connecting to '<URL>' violates the following Content Security Policy directive: "connect-src 'none'". The policy is report-only, so the violation has been logged but no further action has been taken.
Connecting to '<URL>' violates the following Content Security Policy directive: "connect-src 'none'". The policy is report-only, so the violation has been logged but no further action has been taken.
Connecting to '<URL>' violates the following Content Security Policy directive: "connect-src 'none'". The policy is report-only, so the violation has been logged but no further action has been taken.
Connecting to '<URL>' violates the following Content Security Policy directive: "connect-src 'none'". The policy is report-only, so the violation has been logged but no further action has been taken.
Connecting to '<URL>' violates the following Content Security Policy directive: "connect-src 'none'". The policy is report-only, so the violation has been logged but no further action has been taken.
Connecting to '<URL>' violates the following Content Security Policy directive: "connect-src 'none'". The policy is report-only, so the violation has been logged but no further action has been taken.
Connecting to '<URL>' violates the following Content Security Policy directive: "connect-src 'none'". The policy is report-only, so the violation has been logged but no further action has been taken.
Connecting to '<URL>' violates the following Content Security Policy directive: "connect-src 'none'". The policy is report-only, so the violation has been logged but no further action has been taken.
Connecting to '<URL>' violates the following Content Security Policy directive: "connect-src 'none'". The policy is report-only, so the violation has been logged but no further action has been taken.
Connecting to '<URL>' violates the following Content Security Policy directive: "connect-src 'none'". The policy is report-only, so the violation has been logged but no further action has been taken.
Connecting to '<URL>' violates the following Content Security Policy directive: "connect-src 'none'". The policy is report-only, so the violation has been logged but no further action has been taken.
Connecting to '<URL>' violates the following Content Security Policy directive: "connect-src 'none'". The policy is report-only, so the violation has been logged but no further action has been taken.
Connecting to '<URL>' violates the following Content Security Policy directive: "connect-src 'none'". The policy is report-only, so the violation has been logged but no further action has been taken.
Connecting to '<URL>' violates the following Content Security Policy directive: "connect-src 'none'". The policy is report-only, so the violation has been logged but no further action has been taken.
Connecting to '<URL>' violates the following Content Security Policy directive: "connect-src 'none'". The policy is report-only, so the violation has been logged but no further action has been taken.
Connecting to '<URL>' violates the following Content Security Policy directive: "connect-src 'none'". The policy is report-only, so the violation has been logged but no further action has been taken.
Connecting to '<URL>' violates the following Content Security Policy directive: "connect-src 'none'". The policy is report-only, so the violation has been logged but no further action has been taken.
Connecting to '<URL>' violates the following Content Security Policy directive: "connect-src 'none'". The policy is report-only, so the violation has been logged but no further action has been taken.
Connecting to '<URL>' violates the following Content Security Policy directive: "connect-src 'none'". The policy is report-only, so the violation has been logged but no further action has been taken.
Connecting to '<URL>' violates the following Content Security Policy directive: "connect-src 'none'". The policy is report-only, so the violation has been logged but no further action has been taken.
Connecting to '<URL>' violates the following Content Security Policy directive: "connect-src 'none'". The policy is report-only, so the violation has been logged but no further action has been taken.
Connecting to '<URL>' violates the following Content Security Policy directive: "connect-src 'none'". The policy is report-only, so the violation has been logged but no further action has been taken.
Connecting to '<URL>' violates the following Content Security Policy directive: "connect-src 'none'". The policy is report-only, so the violation has been logged but no further action has been taken.
Connecting to '<URL>' violates the following Content Security Policy directive: "connect-src 'none'". The policy is report-only, so the violation has been logged but no further action has been taken.
Connecting to '<URL>' violates the following Content Security Policy directive: "connect-src 'none'". The policy is report-only, so the violation has been logged but no further action has been taken.
Connecting to '<URL>' violates the following Content Security Policy directive: "connect-src 'none'". The policy is report-only, so the violation has been logged but no further action has been taken.
Connecting to '<URL>' violates the following Content Security Policy directive: "connect-src 'none'". The policy is report-only, so the violation has been logged but no further action has been taken.
Connecting to '<URL>' violates the following Content Security Policy directive: "connect-src 'none'". The policy is report-only, so the violation has been logged but no further action has been taken.
Connecting to '<URL>' violates the following Content Security Policy directive: "connect-src 'none'". The policy is report-only, so the violation has been logged but no further action has been taken.
Connecting to '<URL>' violates the following Content Security Policy directive: "connect-src 'none'". The policy is report-only, so the violation has been logged but no further action has been taken.
Connecting to '<URL>' violates the following Content Security Policy directive: "connect-src 'none'". The policy is report-only, so the violation has been logged but no further action has been taken.
Connecting to '<URL>' violates the following Content Security Policy directive: "connect-src 'none'". The policy is report-only, so the violation has been logged but no further action has been taken.
Connecting to '<URL>' violates the following Content Security Policy directive: "connect-src 'none'". The policy is report-only, so the violation has been logged but no further action has been taken.
Connecting to '<URL>' violates the following Content Security Policy directive: "connect-src 'none'". The policy is report-only, so the violation has been logged but no further action has been taken.
Connecting to '<URL>' violates the following Content Security Policy directive: "connect-src 'none'". The policy is report-only, so the violation has been logged but no further action has been taken.
Connecting to '<URL>' violates the following Content Security Policy directive: "connect-src 'none'". The policy is report-only, so the violation has been logged but no further action has been taken.
Connecting to '<URL>' violates the following Content Security Policy directive: "connect-src 'none'". The policy is report-only, so the violation has been logged but no further action has been taken.
Connecting to '<URL>' violates the following Content Security Policy directive: "connect-src 'none'". The policy is report-only, so the violation has been logged but no further action has been taken.
Connecting to '<URL>' violates the following Content Security Policy directive: "connect-src 'none'". The policy is report-only, so the violation has been logged but no further action has been taken.
Connecting to '<URL>' violates the following Content Security Policy directive: "connect-src 'none'". The policy is report-only, so the violation has been logged but no further action has been taken.
Connecting to '<URL>' violates the following Content Security Policy directive: "connect-src 'none'". The policy is report-only, so the violation has been logged but no further action has been taken.
Connecting to '<URL>' violates the following Content Security Policy directive: "connect-src 'none'". The policy is report-only, so the violation has been logged but no further action has been taken.
Connecting to '<URL>' violates the following Content Security Policy directive: "connect-src 'none'". The policy is report-only, so the violation has been logged but no further action has been taken.
Connecting to '<URL>' violates the following Content Security Policy directive: "connect-src 'none'". The policy is report-only, so the violation has been logged but no further action has been taken.
Connecting to '<URL>' violates the following Content Security Policy directive: "connect-src 'none'". The policy is report-only, so the violation has been logged but no further action has been taken.
Connecting to '<URL>' violates the following Content Security Policy directive: "connect-src 'none'". The policy is report-only, so the violation has been logged but no further action has been taken.
Connecting to '<URL>' violates the following Content Security Policy directive: "connect-src 'none'". The policy is report-only, so the violation has been logged but no further action has been taken.
Connecting to '<URL>' violates the following Content Security Policy directive: "connect-src 'none'". The policy is report-only, so the violation has been logged but no further action has been taken.
Connecting to '<URL>' violates the following Content Security Policy directive: "connect-src 'none'". The policy is report-only, so the violation has been logged but no further action has been taken.
Connecting to '<URL>' violates the following Content Security Policy directive: "connect-src 'none'". The policy is report-only, so the violation has been logged but no further action has been taken.
Connecting to '<URL>' violates the following Content Security Policy directive: "connect-src 'none'". The policy is report-only, so the violation has been logged but no further action has been taken.
Connecting to '<URL>' violates the following Content Security Policy directive: "connect-src 'none'". The policy is report-only, so the violation has been logged but no further action has been taken.
Connecting to '<URL>' violates the following Content Security Policy directive: "connect-src 'none'". The policy is report-only, so the violation has been logged but no further action has been taken.
Connecting to '<URL>' violates the following Content Security Policy directive: "connect-src 'none'". The policy is report-only, so the violation has been logged but no further action has been taken.
Connecting to '<URL>' violates the following Content Security Policy directive: "connect-src 'none'". The policy is report-only, so the violation has been logged but no further action has been taken.
Connecting to '<URL>' violates the following Content Security Policy directive: "connect-src 'none'". The policy is report-only, so the violation has been logged but no further action has been taken.
Connecting to '<URL>' violates the following Content Security Policy directive: "connect-src 'none'". The policy is report-only, so the violation has been logged but no further action has been taken.
Connecting to '<URL>' violates the following Content Security Policy directive: "connect-src 'none'". The policy is report-only, so the violation has been logged but no further action has been taken.
Connecting to '<URL>' violates the following Content Security Policy directive: "connect-src 'none'". The policy is report-only, so the violation has been logged but no further action has been taken.
Connecting to '<URL>' violates the following Content Security Policy directive: "connect-src 'none'". The policy is report-only, so the violation has been logged but no further action has been taken.
Connecting to '<URL>' violates the following Content Security Policy directive: "connect-src 'none'". The policy is report-only, so the violation has been logged but no further action has been taken.
Connecting to '<URL>' violates the following Content Security Policy directive: "connect-src 'none'". The policy is report-only, so the violation has been logged but no further action has been taken.
Connecting to '<URL>' violates the following Content Security Policy directive: "connect-src 'none'". The policy is report-only, so the violation has been logged but no further action has been taken.
Connecting to '<URL>' violates the following Content Security Policy directive: "connect-src 'none'". The policy is report-only, so the violation has been logged but no further action has been taken.
Connecting to '<URL>' violates the following Content Security Policy directive: "connect-src 'none'". The policy is report-only, so the violation has been logged but no further action has been taken.
Connecting to '<URL>' violates the following Content Security Policy directive: "connect-src 'none'". The policy is report-only, so the violation has been logged but no further action has been taken.
Connecting to '<URL>' violates the following Content Security Policy directive: "connect-src 'none'". The policy is report-only, so the violation has been logged but no further action has been taken.
Connecting to '<URL>' violates the following Content Security Policy directive: "connect-src 'none'". The policy is report-only, so the violation has been logged but no further action has been taken.
Connecting to '<URL>' violates the following Content Security Policy directive: "connect-src 'none'". The policy is report-only, so the violation has been logged but no further action has been taken.
Connecting to '<URL>' violates the following Content Security Policy directive: "connect-src 'none'". The policy is report-only, so the violation has been logged but no further action has been taken.
Connecting to '<URL>' violates the following Content Security Policy directive: "connect-src 'none'". The policy is report-only, so the violation has been logged but no further action has been taken.
Connecting to '<URL>' violates the following Content Security Policy directive: "connect-src 'none'". The policy is report-only, so the violation has been logged but no further action has been taken.
Connecting to '<URL>' violates the following Content Security Policy directive: "connect-src 'none'". The policy is report-only, so the violation has been logged but no further action has been taken.
Connecting to '<URL>' violates the following Content Security Policy directive: "connect-src 'none'". The policy is report-only, so the violation has been logged but no further action has been taken.
Connecting to '<URL>' violates the following Content Security Policy directive: "connect-src 'none'". The policy is report-only, so the violation has been logged but no further action has been taken.
Connecting to '<URL>' violates the following Content Security Policy directive: "connect-src 'none'". The policy is report-only, so the violation has been logged but no further action has been taken.
Connecting to '<URL>' violates the following Content Security Policy directive: "connect-src 'none'". The policy is report-only, so the violation has been logged but no further action has been taken.
Connecting to '<URL>' violates the following Content Security Policy directive: "connect-src 'none'". The policy is report-only, so the violation has been logged but no further action has been taken.
Connecting to '<URL>' violates the following Content Security Policy directive: "connect-src 'none'". The policy is report-only, so the violation has been logged but no further action has been taken.
Connecting to '<URL>' violates the following Content Security Policy directive: "connect-src 'none'". The policy is report-only, so the violation has been logged but no further action has been taken.
Connecting to '<URL>' violates the following Content Security Policy directive: "connect-src 'none'". The policy is report-only, so the violation has been logged but no further action has been taken.
Connecting to '<URL>' violates the following Content Security Policy directive: "connect-src 'none'". The policy is report-only, so the violation has been logged but no further action has been taken.
Connecting to '<URL>' violates the following Content Security Policy directive: "connect-src 'none'". The policy is report-only, so the violation has been logged but no further action has been taken.
Connecting to '<URL>' violates the following Content Security Policy directive: "connect-src 'none'". The policy is report-only, so the violation has been logged but no further action has been taken.
Connecting to '<URL>' violates the following Content Security Policy directive: "connect-src 'none'". The policy is report-only, so the violation has been logged but no further action has been taken.
Connecting to '<URL>' violates the following Content Security Policy directive: "connect-src 'none'". The policy is report-only, so the violation has been logged but no further action has been taken.
Connecting to '<URL>' violates the following Content Security Policy directive: "connect-src 'none'". The policy is report-only, so the violation has been logged but no further action has been taken.
Connecting to '<URL>' violates the following Content Security Policy directive: "connect-src 'none'". The policy is report-only, so the violation has been logged but no further action has been taken.
Connecting to '<URL>' violates the following Content Security Policy directive: "connect-src 'none'". The policy is report-only, so the violation has been logged but no further action has been taken.
Connecting to '<URL>' violates the following Content Security Policy directive: "connect-src 'none'". The policy is report-only, so the violation has been logged but no further action has been taken.
Connecting to '<URL>' violates the following Content Security Policy directive: "connect-src 'none'". The policy is report-only, so the violation has been logged but no further action has been taken.
Connecting to '<URL>' violates the following Content Security Policy directive: "connect-src 'none'". The policy is report-only, so the violation has been logged but no further action has been taken.
Connecting to '<URL>' violates the following Content Security Policy directive: "connect-src 'none'". The policy is report-only, so the violation has been logged but no further action has been taken.
Connecting to '<URL>' violates the following Content Security Policy directive: "connect-src 'none'". The policy is report-only, so the violation has been logged but no further action has been taken.
Connecting to '<URL>' violates the following Content Security Policy directive: "connect-src 'none'". The policy is report-only, so the violation has been logged but no further action has been taken.
Connecting to '<URL>' violates the following Content Security Policy directive: "connect-src 'none'". The policy is report-only, so the violation has been logged but no further action has been taken.
Connecting to '<URL>' violates the following Content Security Policy directive: "connect-src 'none'". The policy is report-only, so the violation has been logged but no further action has been taken.
Connecting to '<URL>' violates the following Content Security Policy directive: "connect-src 'none'". The policy is report-only, so the violation has been logged but no further action has been taken.
Connecting to '<URL>' violates the following Content Security Policy directive: "connect-src 'none'". The policy is report-only, so the violation has been logged but no further action has been taken.
Connecting to '<URL>' violates the following Content Security Policy directive: "connect-src 'none'". The policy is report-only, so the violation has been logged but no further action has been taken.
Connecting to '<URL>' violates the following Content Security Policy directive: "connect-src 'none'". The policy is report-only, so the violation has been logged but no further action has been taken.
Connecting to '<URL>' violates the following Content Security Policy directive: "connect-src 'none'". The policy is report-only, so the violation has been logged but no further action has been taken.
Connecting to '<URL>' violates the following Content Security Policy directive: "connect-src 'none'". The policy is report-only, so the violation has been logged but no further action has been taken.
Connecting to '<URL>' violates the following Content Security Policy directive: "connect-src 'none'". The policy is report-only, so the violation has been logged but no further action has been taken.
Connecting to '<URL>' violates the following Content Security Policy directive: "connect-src 'none'". The policy is report-only, so the violation has been logged but no further action has been taken.
Connecting to '<URL>' violates the following Content Security Policy directive: "connect-src 'none'". The policy is report-only, so the violation has been logged but no further action has been taken.
Connecting to '<URL>' violates the following Content Security Policy directive: "connect-src 'none'". The policy is report-only, so the violation has been logged but no further action has been taken.
Connecting to '<URL>' violates the following Content Security Policy directive: "connect-src 'none'". The policy is report-only, so the violation has been logged but no further action has been taken.
Connecting to '<URL>' violates the following Content Security Policy directive: "connect-src 'none'". The policy is report-only, so the violation has been logged but no further action has been taken.
Connecting to '<URL>' violates the following Content Security Policy directive: "connect-src 'none'". The policy is report-only, so the violation has been logged but no further action has been taken.
Connecting to '<URL>' violates the following Content Security Policy directive: "connect-src 'none'". The policy is report-only, so the violation has been logged but no further action has been taken.
Connecting to '<URL>' violates the following Content Security Policy directive: "connect-src 'none'". The policy is report-only, so the violation has been logged but no further action has been taken.
Connecting to '<URL>' violates the following Content Security Policy directive: "connect-src 'none'". The policy is report-only, so the violation has been logged but no further action has been taken.
Connecting to '<URL>' violates the following Content Security Policy directive: "connect-src 'none'". The policy is report-only, so the violation has been logged but no further action has been taken.
Connecting to '<URL>' violates the following Content Security Policy directive: "connect-src 'none'". The policy is report-only, so the violation has been logged but no further action has been taken.
Connecting to '<URL>' violates the following Content Security Policy directive: "connect-src 'none'". The policy is report-only, so the violation has been logged but no further action has been taken.
Connecting to '<URL>' violates the following Content Security Policy directive: "connect-src 'none'". The policy is report-only, so the violation has been logged but no further action has been taken.
Connecting to '<URL>' violates the following Content Security Policy directive: "connect-src 'none'". The policy is report-only, so the violation has been logged but no further action has been taken.
Connecting to '<URL>' violates the following Content Security Policy directive: "connect-src 'none'". The policy is report-only, so the violation has been logged but no further action has been taken.
Connecting to '<URL>' violates the following Content Security Policy directive: "connect-src 'none'". The policy is report-only, so the violation has been logged but no further action has been taken.
Connecting to '<URL>' violates the following Content Security Policy directive: "connect-src 'none'". The policy is report-only, so the violation has been logged but no further action has been taken.
Connecting to '<URL>' violates the following Content Security Policy directive: "connect-src 'none'". The policy is report-only, so the violation has been logged but no further action has been taken.
Connecting to '<URL>' violates the following Content Security Policy directive: "connect-src 'none'". The policy is report-only, so the violation has been logged but no further action has been taken.
Connecting to '<URL>' violates the following Content Security Policy directive: "connect-src 'none'". The policy is report-only, so the violation has been logged but no further action has been taken.
Connecting to '<URL>' violates the following Content Security Policy directive: "connect-src 'none'". The policy is report-only, so the violation has been logged but no further action has been taken.
Connecting to '<URL>' violates the following Content Security Policy directive: "connect-src 'none'". The policy is report-only, so the violation has been logged but no further action has been taken.
Connecting to '<URL>' violates the following Content Security Policy directive: "connect-src 'none'". The policy is report-only, so the violation has been logged but no further action has been taken.
Connecting to '<URL>' violates the following Content Security Policy directive: "connect-src 'none'". The policy is report-only, so the violation has been logged but no further action has been taken.
Connecting to '<URL>' violates the following Content Security Policy directive: "connect-src 'none'". The policy is report-only, so the violation has been logged but no further action has been taken.
Connecting to '<URL>' violates the following Content Security Policy directive: "connect-src 'none'". The policy is report-only, so the violation has been logged but no further action has been taken.
Connecting to '<URL>' violates the following Content Security Policy directive: "connect-src 'none'". The policy is report-only, so the violation has been logged but no further action has been taken.
Connecting to '<URL>' violates the following Content Security Policy directive: "connect-src 'none'". The policy is report-only, so the violation has been logged but no further action has been taken.
Connecting to '<URL>' violates the following Content Security Policy directive: "connect-src 'none'". The policy is report-only, so the violation has been logged but no further action has been taken.
Connecting to '<URL>' violates the following Content Security Policy directive: "connect-src 'none'". The policy is report-only, so the violation has been logged but no further action has been taken.
Connecting to '<URL>' violates the following Content Security Policy directive: "connect-src 'none'". The policy is report-only, so the violation has been logged but no further action has been taken.
Connecting to '<URL>' violates the following Content Security Policy directive: "connect-src 'none'". The policy is report-only, so the violation has been logged but no further action has been taken.
Connecting to '<URL>' violates the following Content Security Policy directive: "connect-src 'none'". The policy is report-only, so the violation has been logged but no further action has been taken.
Connecting to '<URL>' violates the following Content Security Policy directive: "connect-src 'none'". The policy is report-only, so the violation has been logged but no further action has been taken.
Connecting to '<URL>' violates the following Content Security Policy directive: "connect-src 'none'". The policy is report-only, so the violation has been logged but no further action has been taken.
Connecting to '<URL>' violates the following Content Security Policy directive: "connect-src 'none'". The policy is report-only, so the violation has been logged but no further action has been taken.
Connecting to '<URL>' violates the following Content Security Policy directive: "connect-src 'none'". The policy is report-only, so the violation has been logged but no further action has been taken.
Connecting to '<URL>' violates the following Content Security Policy directive: "connect-src 'none'". The policy is report-only, so the violation has been logged but no further action has been taken.
Connecting to '<URL>' violates the following Content Security Policy directive: "connect-src 'none'". The policy is report-only, so the violation has been logged but no further action has been taken.
Connecting to '<URL>' violates the following Content Security Policy directive: "connect-src 'none'". The policy is report-only, so the violation has been logged but no further action has been taken.
Connecting to '<URL>' violates the following Content Security Policy directive: "connect-src 'none'". The policy is report-only, so the violation has been logged but no further action has been taken.
Connecting to '<URL>' violates the following Content Security Policy directive: "connect-src 'none'". The policy is report-only, so the violation has been logged but no further action has been taken.
Connecting to '<URL>' violates the following Content Security Policy directive: "connect-src 'none'". The policy is report-only, so the violation has been logged but no further action has been taken.
Connecting to '<URL>' violates the following Content Security Policy directive: "connect-src 'none'". The policy is report-only, so the violation has been logged but no further action has been taken.
Connecting to '<URL>' violates the following Content Security Policy directive: "connect-src 'none'". The policy is report-only, so the violation has been logged but no further action has been taken.
Connecting to '<URL>' violates the following Content Security Policy directive: "connect-src 'none'". The policy is report-only, so the violation has been logged but no further action has been taken.
Connecting to '<URL>' violates the following Content Security Policy directive: "connect-src 'none'". The policy is report-only, so the violation has been logged but no further action has been taken.
Connecting to '<URL>' violates the following Content Security Policy directive: "connect-src 'none'". The policy is report-only, so the violation has been logged but no further action has been taken.
Connecting to '<URL>' violates the following Content Security Policy directive: "connect-src 'none'". The policy is report-only, so the violation has been logged but no further action has been taken.
Connecting to '<URL>' violates the following Content Security Policy directive: "connect-src 'none'". The policy is report-only, so the violation has been logged but no further action has been taken.
Connecting to '<URL>' violates the following Content Security Policy directive: "connect-src 'none'". The policy is report-only, so the violation has been logged but no further action has been taken.
Connecting to '<URL>' violates the following Content Security Policy directive: "connect-src 'none'". The policy is report-only, so the violation has been logged but no further action has been taken.
Connecting to '<URL>' violates the following Content Security Policy directive: "connect-src 'none'". The policy is report-only, so the violation has been logged but no further action has been taken.
Connecting to '<URL>' violates the following Content Security Policy directive: "connect-src 'none'". The policy is report-only, so the violation has been logged but no further action has been taken.
Connecting to '<URL>' violates the following Content Security Policy directive: "connect-src 'none'". The policy is report-only, so the violation has been logged but no further action has been taken.
Connecting to '<URL>' violates the following Content Security Policy directive: "connect-src 'none'". The policy is report-only, so the violation has been logged but no further action has been taken.
Connecting to '<URL>' violates the following Content Security Policy directive: "connect-src 'none'". The policy is report-only, so the violation has been logged but no further action has been taken.
Connecting to '<URL>' violates the following Content Security Policy directive: "connect-src 'none'". The policy is report-only, so the violation has been logged but no further action has been taken.
Connecting to '<URL>' violates the following Content Security Policy directive: "connect-src 'none'". The policy is report-only, so the violation has been logged but no further action has been taken.
Connecting to '<URL>' violates the following Content Security Policy directive: "connect-src 'none'". The policy is report-only, so the violation has been logged but no further action has been taken.
Connecting to '<URL>' violates the following Content Security Policy directive: "connect-src 'none'". The policy is report-only, so the violation has been logged but no further action has been taken.
Connecting to '<URL>' violates the following Content Security Policy directive: "connect-src 'none'". The policy is report-only, so the violation has been logged but no further action has been taken.
Connecting to '<URL>' violates the following Content Security Policy directive: "connect-src 'none'". The policy is report-only, so the violation has been logged but no further action has been taken.
Connecting to '<URL>' violates the following Content Security Policy directive: "connect-src 'none'". The policy is report-only, so the violation has been logged but no further action has been taken.
Connecting to '<URL>' violates the following Content Security Policy directive: "connect-src 'none'". The policy is report-only, so the violation has been logged but no further action has been taken.
Connecting to '<URL>' violates the following Content Security Policy directive: "connect-src 'none'". The policy is report-only, so the violation has been logged but no further action has been taken.
Connecting to '<URL>' violates the following Content Security Policy directive: "connect-src 'none'". The policy is report-only, so the violation has been logged but no further action has been taken.
Connecting to '<URL>' violates the following Content Security Policy directive: "connect-src 'none'". The policy is report-only, so the violation has been logged but no further action has been taken.
Connecting to '<URL>' violates the following Content Security Policy directive: "connect-src 'none'". The policy is report-only, so the violation has been logged but no further action has been taken.
Connecting to '<URL>' violates the following Content Security Policy directive: "connect-src 'none'". The policy is report-only, so the violation has been logged but no further action has been taken.
Connecting to '<URL>' violates the following Content Security Policy directive: "connect-src 'none'". The policy is report-only, so the violation has been logged but no further action has been taken.
Connecting to '<URL>' violates the following Content Security Policy directive: "connect-src 'none'". The policy is report-only, so the violation has been logged but no further action has been taken.
Connecting to '<URL>' violates the following Content Security Policy directive: "connect-src 'none'". The policy is report-only, so the violation has been logged but no further action has been taken.
Connecting to '<URL>' violates the following Content Security Policy directive: "connect-src 'none'". The policy is report-only, so the violation has been logged but no further action has been taken.
Connecting to '<URL>' violates the following Content Security Policy directive: "connect-src 'none'". The policy is report-only, so the violation has been logged but no further action has been taken.
Connecting to '<URL>' violates the following Content Security Policy directive: "connect-src 'none'". The policy is report-only, so the violation has been logged but no further action has been taken.
Connecting to '<URL>' violates the following Content Security Policy directive: "connect-src 'none'". The policy is report-only, so the violation has been logged but no further action has been taken.
Connecting to '<URL>' violates the following Content Security Policy directive: "connect-src 'none'". The policy is report-only, so the violation has been logged but no further action has been taken.
Connecting to '<URL>' violates the following Content Security Policy directive: "connect-src 'none'". The policy is report-only, so the violation has been logged but no further action has been taken.
Connecting to '<URL>' violates the following Content Security Policy directive: "connect-src 'none'". The policy is report-only, so the violation has been logged but no further action has been taken.
Connecting to '<URL>' violates the following Content Security Policy directive: "connect-src 'none'". The policy is report-only, so the violation has been logged but no further action has been taken.
Connecting to '<URL>' violates the following Content Security Policy directive: "connect-src 'none'". The policy is report-only, so the violation has been logged but no further action has been taken.
Connecting to '<URL>' violates the following Content Security Policy directive: "connect-src 'none'". The policy is report-only, so the violation has been logged but no further action has been taken.
Connecting to '<URL>' violates the following Content Security Policy directive: "connect-src 'none'". The policy is report-only, so the violation has been logged but no further action has been taken.
Connecting to '<URL>' violates the following Content Security Policy directive: "connect-src 'none'". The policy is report-only, so the violation has been logged but no further action has been taken.
Connecting to '<URL>' violates the following Content Security Policy directive: "connect-src 'none'". The policy is report-only, so the violation has been logged but no further action has been taken.
Connecting to '<URL>' violates the following Content Security Policy directive: "connect-src 'none'". The policy is report-only, so the violation has been logged but no further action has been taken.
Connecting to '<URL>' violates the following Content Security Policy directive: "connect-src 'none'". The policy is report-only, so the violation has been logged but no further action has been taken.
Connecting to '<URL>' violates the following Content Security Policy directive: "connect-src 'none'". The policy is report-only, so the violation has been logged but no further action has been taken.
Connecting to '<URL>' violates the following Content Security Policy directive: "connect-src 'none'". The policy is report-only, so the violation has been logged but no further action has been taken.
Connecting to '<URL>' violates the following Content Security Policy directive: "connect-src 'none'". The policy is report-only, so the violation has been logged but no further action has been taken.
Connecting to '<URL>' violates the following Content Security Policy directive: "connect-src 'none'". The policy is report-only, so the violation has been logged but no further action has been taken.
Connecting to '<URL>' violates the following Content Security Policy directive: "connect-src 'none'". The policy is report-only, so the violation has been logged but no further action has been taken.
Connecting to '<URL>' violates the following Content Security Policy directive: "connect-src 'none'". The policy is report-only, so the violation has been logged but no further action has been taken.
Connecting to '<URL>' violates the following Content Security Policy directive: "connect-src 'none'". The policy is report-only, so the violation has been logged but no further action has been taken.
Connecting to '<URL>' violates the following Content Security Policy directive: "connect-src 'none'". The policy is report-only, so the violation has been logged but no further action has been taken.
Connecting to '<URL>' violates the following Content Security Policy directive: "connect-src 'none'". The policy is report-only, so the violation has been logged but no further action has been taken.
Connecting to '<URL>' violates the following Content Security Policy directive: "connect-src 'none'". The policy is report-only, so the violation has been logged but no further action has been taken.
Connecting to '<URL>' violates the following Content Security Policy directive: "connect-src 'none'". The policy is report-only, so the violation has been logged but no further action has been taken.
Connecting to '<URL>' violates the following Content Security Policy directive: "connect-src 'none'". The policy is report-only, so the violation has been logged but no further action has been taken.
Connecting to '<URL>' violates the following Content Security Policy directive: "connect-src 'none'". The policy is report-only, so the violation has been logged but no further action has been taken.
Connecting to '<URL>' violates the following Content Security Policy directive: "connect-src 'none'". The policy is report-only, so the violation has been logged but no further action has been taken.
Connecting to '<URL>' violates the following Content Security Policy directive: "connect-src 'none'". The policy is report-only, so the violation has been logged but no further action has been taken.
Connecting to '<URL>' violates the following Content Security Policy directive: "connect-src 'none'". The policy is report-only, so the violation has been logged but no further action has been taken.
Connecting to '<URL>' violates the following Content Security Policy directive: "connect-src 'none'". The policy is report-only, so the violation has been logged but no further action has been taken.
Connecting to '<URL>' violates the following Content Security Policy directive: "connect-src 'none'". The policy is report-only, so the violation has been logged but no further action has been taken.
Connecting to '<URL>' violates the following Content Security Policy directive: "connect-src 'none'". The policy is report-only, so the violation has been logged but no further action has been taken.
Connecting to '<URL>' violates the following Content Security Policy directive: "connect-src 'none'". The policy is report-only, so the violation has been logged but no further action has been taken.
Connecting to '<URL>' violates the following Content Security Policy directive: "connect-src 'none'". The policy is report-only, so the violation has been logged but no further action has been taken.
Connecting to '<URL>' violates the following Content Security Policy directive: "connect-src 'none'". The policy is report-only, so the violation has been logged but no further action has been taken.
Connecting to '<URL>' violates the following Content Security Policy directive: "connect-src 'none'". The policy is report-only, so the violation has been logged but no further action has been taken.
Connecting to '<URL>' violates the following Content Security Policy directive: "connect-src 'none'". The policy is report-only, so the violation has been logged but no further action has been taken.
Connecting to '<URL>' violates the following Content Security Policy directive: "connect-src 'none'". The policy is report-only, so the violation has been logged but no further action has been taken.
Connecting to '<URL>' violates the following Content Security Policy directive: "connect-src 'none'". The policy is report-only, so the violation has been logged but no further action has been taken.
Connecting to '<URL>' violates the following Content Security Policy directive: "connect-src 'none'". The policy is report-only, so the violation has been logged but no further action has been taken.
Connecting to '<URL>' violates the following Content Security Policy directive: "connect-src 'none'". The policy is report-only, so the violation has been logged but no further action has been taken.
Connecting to '<URL>' violates the following Content Security Policy directive: "connect-src 'none'". The policy is report-only, so the violation has been logged but no further action has been taken.
Connecting to '<URL>' violates the following Content Security Policy directive: "connect-src 'none'". The policy is report-only, so the violation has been logged but no further action has been taken.
Connecting to '<URL>' violates the following Content Security Policy directive: "connect-src 'none'". The policy is report-only, so the violation has been logged but no further action has been taken.
Connecting to '<URL>' violates the following Content Security Policy directive: "connect-src 'none'". The policy is report-only, so the violation has been logged but no further action has been taken.
Connecting to '<URL>' violates the following Content Security Policy directive: "connect-src 'none'". The policy is report-only, so the violation has been logged but no further action has been taken.
Connecting to '<URL>' violates the following Content Security Policy directive: "connect-src 'none'". The policy is report-only, so the violation has been logged but no further action has been taken.
Connecting to '<URL>' violates the following Content Security Policy directive: "connect-src 'none'". The policy is report-only, so the violation has been logged but no further action has been taken.
Connecting to '<URL>' violates the following Content Security Policy directive: "connect-src 'none'". The policy is report-only, so the violation has been logged but no further action has been taken.
Connecting to '<URL>' violates the following Content Security Policy directive: "connect-src 'none'". The policy is report-only, so the violation has been logged but no further action has been taken.
Connecting to '<URL>' violates the following Content Security Policy directive: "connect-src 'none'". The policy is report-only, so the violation has been logged but no further action has been taken.
Connecting to '<URL>' violates the following Content Security Policy directive: "connect-src 'none'". The policy is report-only, so the violation has been logged but no further action has been taken.
Connecting to '<URL>' violates the following Content Security Policy directive: "connect-src 'none'". The policy is report-only, so the violation has been logged but no further action has been taken.
Connecting to '<URL>' violates the following Content Security Policy directive: "connect-src 'none'". The policy is report-only, so the violation has been logged but no further action has been taken.
Connecting to '<URL>' violates the following Content Security Policy directive: "connect-src 'none'". The policy is report-only, so the violation has been logged but no further action has been taken.
Connecting to '<URL>' violates the following Content Security Policy directive: "connect-src 'none'". The policy is report-only, so the violation has been logged but no further action has been taken.
Connecting to '<URL>' violates the following Content Security Policy directive: "connect-src 'none'". The policy is report-only, so the violation has been logged but no further action has been taken.
Connecting to '<URL>' violates the following Content Security Policy directive: "connect-src 'none'". The policy is report-only, so the violation has been logged but no further action has been taken.
Connecting to '<URL>' violates the following Content Security Policy directive: "connect-src 'none'". The policy is report-only, so the violation has been logged but no further action has been taken.
Connecting to '<URL>' violates the following Content Security Policy directive: "connect-src 'none'". The policy is report-only, so the violation has been logged but no further action has been taken.
Connecting to '<URL>' violates the following Content Security Policy directive: "connect-src 'none'". The policy is report-only, so the violation has been logged but no further action has been taken.
Connecting to '<URL>' violates the following Content Security Policy directive: "connect-src 'none'". The policy is report-only, so the violation has been logged but no further action has been taken.
Connecting to '<URL>' violates the following Content Security Policy directive: "connect-src 'none'". The policy is report-only, so the violation has been logged but no further action has been taken.
Connecting to '<URL>' violates the following Content Security Policy directive: "connect-src 'none'". The policy is report-only, so the violation has been logged but no further action has been taken.
Connecting to '<URL>' violates the following Content Security Policy directive: "connect-src 'none'". The policy is report-only, so the violation has been logged but no further action has been taken.
Connecting to '<URL>' violates the following Content Security Policy directive: "connect-src 'none'". The policy is report-only, so the violation has been logged but no further action has been taken.
Connecting to '<URL>' violates the following Content Security Policy directive: "connect-src 'none'". The policy is report-only, so the violation has been logged but no further action has been taken.
Connecting to '<URL>' violates the following Content Security Policy directive: "connect-src 'none'". The policy is report-only, so the violation has been logged but no further action has been taken.
Connecting to '<URL>' violates the following Content Security Policy directive: "connect-src 'none'". The policy is report-only, so the violation has been logged but no further action has been taken.
Connecting to '<URL>' violates the following Content Security Policy directive: "connect-src 'none'". The policy is report-only, so the violation has been logged but no further action has been taken.
Connecting to '<URL>' violates the following Content Security Policy directive: "connect-src 'none'". The policy is report-only, so the violation has been logged but no further action has been taken.
Connecting to '<URL>' violates the following Content Security Policy directive: "connect-src 'none'". The policy is report-only, so the violation has been logged but no further action has been taken.
Connecting to '<URL>' violates the following Content Security Policy directive: "connect-src 'none'". The policy is report-only, so the violation has been logged but no further action has been taken.
Connecting to '<URL>' violates the following Content Security Policy directive: "connect-src 'none'". The policy is report-only, so the violation has been logged but no further action has been taken.
Connecting to '<URL>' violates the following Content Security Policy directive: "connect-src 'none'". The policy is report-only, so the violation has been logged but no further action has been taken.
Connecting to '<URL>' violates the following Content Security Policy directive: "connect-src 'none'". The policy is report-only, so the violation has been logged but no further action has been taken.
Connecting to '<URL>' violates the following Content Security Policy directive: "connect-src 'none'". The policy is report-only, so the violation has been logged but no further action has been taken.
Connecting to '<URL>' violates the following Content Security Policy directive: "connect-src 'none'". The policy is report-only, so the violation has been logged but no further action has been taken.
Connecting to '<URL>' violates the following Content Security Policy directive: "connect-src 'none'". The policy is report-only, so the violation has been logged but no further action has been taken.
Connecting to '<URL>' violates the following Content Security Policy directive: "connect-src 'none'". The policy is report-only, so the violation has been logged but no further action has been taken.
Connecting to '<URL>' violates the following Content Security Policy directive: "connect-src 'none'". The policy is report-only, so the violation has been logged but no further action has been taken.
Connecting to '<URL>' violates the following Content Security Policy directive: "connect-src 'none'". The policy is report-only, so the violation has been logged but no further action has been taken.
Connecting to '<URL>' violates the following Content Security Policy directive: "connect-src 'none'". The policy is report-only, so the violation has been logged but no further action has been taken.
Connecting to '<URL>' violates the following Content Security Policy directive: "connect-src 'none'". The policy is report-only, so the violation has been logged but no further action has been taken.
Connecting to '<URL>' violates the following Content Security Policy directive: "connect-src 'none'". The policy is report-only, so the violation has been logged but no further action has been taken.
Connecting to '<URL>' violates the following Content Security Policy directive: "connect-src 'none'". The policy is report-only, so the violation has been logged but no further action has been taken.
Connecting to '<URL>' violates the following Content Security Policy directive: "connect-src 'none'". The policy is report-only, so the violation has been logged but no further action has been taken.
Connecting to '<URL>' violates the following Content Security Policy directive: "connect-src 'none'". The policy is report-only, so the violation has been logged but no further action has been taken.
Connecting to '<URL>' violates the following Content Security Policy directive: "connect-src 'none'". The policy is report-only, so the violation has been logged but no further action has been taken.
Connecting to '<URL>' violates the following Content Security Policy directive: "connect-src 'none'". The policy is report-only, so the violation has been logged but no further action has been taken.
Connecting to '<URL>' violates the following Content Security Policy directive: "connect-src 'none'". The policy is report-only, so the violation has been logged but no further action has been taken.
Connecting to '<URL>' violates the following Content Security Policy directive: "connect-src 'none'". The policy is report-only, so the violation has been logged but no further action has been taken.
Connecting to '<URL>' violates the following Content Security Policy directive: "connect-src 'none'". The policy is report-only, so the violation has been logged but no further action has been taken.
Connecting to '<URL>' violates the following Content Security Policy directive: "connect-src 'none'". The policy is report-only, so the violation has been logged but no further action has been taken.
Connecting to '<URL>' violates the following Content Security Policy directive: "connect-src 'none'". The policy is report-only, so the violation has been logged but no further action has been taken.
Connecting to '<URL>' violates the following Content Security Policy directive: "connect-src 'none'". The policy is report-only, so the violation has been logged but no further action has been taken.
Connecting to '<URL>' violates the following Content Security Policy directive: "connect-src 'none'". The policy is report-only, so the violation has been logged but no further action has been taken.
Connecting to '<URL>' violates the following Content Security Policy directive: "connect-src 'none'". The policy is report-only, so the violation has been logged but no further action has been taken.
Connecting to '<URL>' violates the following Content Security Policy directive: "connect-src 'none'". The policy is report-only, so the violation has been logged but no further action has been taken.
Connecting to '<URL>' violates the following Content Security Policy directive: "connect-src 'none'". The policy is report-only, so the violation has been logged but no further action has been taken.
Connecting to '<URL>' violates the following Content Security Policy directive: "connect-src 'none'". The policy is report-only, so the violation has been logged but no further action has been taken.
Connecting to '<URL>' violates the following Content Security Policy directive: "connect-src 'none'". The policy is report-only, so the violation has been logged but no further action has been taken.
Connecting to '<URL>' violates the following Content Security Policy directive: "connect-src 'none'". The policy is report-only, so the violation has been logged but no further action has been taken.
Connecting to '<URL>' violates the following Content Security Policy directive: "connect-src 'none'". The policy is report-only, so the violation has been logged but no further action has been taken.
Connecting to '<URL>' violates the following Content Security Policy directive: "connect-src 'none'". The policy is report-only, so the violation has been logged but no further action has been taken.
Connecting to '<URL>' violates the following Content Security Policy directive: "connect-src 'none'". The policy is report-only, so the violation has been logged but no further action has been taken.
Connecting to '<URL>' violates the following Content Security Policy directive: "connect-src 'none'". The policy is report-only, so the violation has been logged but no further action has been taken.
Connecting to '<URL>' violates the following Content Security Policy directive: "connect-src 'none'". The policy is report-only, so the violation has been logged but no further action has been taken.
Connecting to '<URL>' violates the following Content Security Policy directive: "connect-src 'none'". The policy is report-only, so the violation has been logged but no further action has been taken.
Connecting to '<URL>' violates the following Content Security Policy directive: "connect-src 'none'". The policy is report-only, so the violation has been logged but no further action has been taken.
Connecting to '<URL>' violates the following Content Security Policy directive: "connect-src 'none'". The policy is report-only, so the violation has been logged but no further action has been taken.
Connecting to '<URL>' violates the following Content Security Policy directive: "connect-src 'none'". The policy is report-only, so the violation has been logged but no further action has been taken.
Connecting to '<URL>' violates the following Content Security Policy directive: "connect-src 'none'". The policy is report-only, so the violation has been logged but no further action has been taken.
Connecting to '<URL>' violates the following Content Security Policy directive: "connect-src 'none'". The policy is report-only, so the violation has been logged but no further action has been taken.
Connecting to '<URL>' violates the following Content Security Policy directive: "connect-src 'none'". The policy is report-only, so the violation has been logged but no further action has been taken.
Connecting to '<URL>' violates the following Content Security Policy directive: "connect-src 'none'". The policy is report-only, so the violation has been logged but no further action has been taken.
Connecting to '<URL>' violates the following Content Security Policy directive: "connect-src 'none'". The policy is report-only, so the violation has been logged but no further action has been taken.
Connecting to '<URL>' violates the following Content Security Policy directive: "connect-src 'none'". The policy is report-only, so the violation has been logged but no further action has been taken.
Connecting to '<URL>' violates the following Content Security Policy directive: "connect-src 'none'". The policy is report-only, so the violation has been logged but no further action has been taken.
Connecting to '<URL>' violates the following Content Security Policy directive: "connect-src 'none'". The policy is report-only, so the violation has been logged but no further action has been taken.
Connecting to '<URL>' violates the following Content Security Policy directive: "connect-src 'none'". The policy is report-only, so the violation has been logged but no further action has been taken.
Connecting to '<URL>' violates the following Content Security Policy directive: "connect-src 'none'". The policy is report-only, so the violation has been logged but no further action has been taken.
Connecting to '<URL>' violates the following Content Security Policy directive: "connect-src 'none'". The policy is report-only, so the violation has been logged but no further action has been taken.
Connecting to '<URL>' violates the following Content Security Policy directive: "connect-src 'none'". The policy is report-only, so the violation has been logged but no further action has been taken.
Connecting to '<URL>' violates the following Content Security Policy directive: "connect-src 'none'". The policy is report-only, so the violation has been logged but no further action has been taken.
Connecting to '<URL>' violates the following Content Security Policy directive: "connect-src 'none'". The policy is report-only, so the violation has been logged but no further action has been taken.
Connecting to '<URL>' violates the following Content Security Policy directive: "connect-src 'none'". The policy is report-only, so the violation has been logged but no further action has been taken.
Connecting to '<URL>' violates the following Content Security Policy directive: "connect-src 'none'". The policy is report-only, so the violation has been logged but no further action has been taken.
Connecting to '<URL>' violates the following Content Security Policy directive: "connect-src 'none'". The policy is report-only, so the violation has been logged but no further action has been taken.
Connecting to '<URL>' violates the following Content Security Policy directive: "connect-src 'none'". The policy is report-only, so the violation has been logged but no further action has been taken.
Connecting to '<URL>' violates the following Content Security Policy directive: "connect-src 'none'". The policy is report-only, so the violation has been logged but no further action has been taken.
Connecting to '<URL>' violates the following Content Security Policy directive: "connect-src 'none'". The policy is report-only, so the violation has been logged but no further action has been taken.
Connecting to '<URL>' violates the following Content Security Policy directive: "connect-src 'none'". The policy is report-only, so the violation has been logged but no further action has been taken.
Connecting to '<URL>' violates the following Content Security Policy directive: "connect-src 'none'". The policy is report-only, so the violation has been logged but no further action has been taken.
Connecting to '<URL>' violates the following Content Security Policy directive: "connect-src 'none'". The policy is report-only, so the violation has been logged but no further action has been taken.
Connecting to '<URL>' violates the following Content Security Policy directive: "connect-src 'none'". The policy is report-only, so the violation has been logged but no further action has been taken.
Connecting to '<URL>' violates the following Content Security Policy directive: "connect-src 'none'". The policy is report-only, so the violation has been logged but no further action has been taken.
Connecting to '<URL>' violates the following Content Security Policy directive: "connect-src 'none'". The policy is report-only, so the violation has been logged but no further action has been taken.
Connecting to '<URL>' violates the following Content Security Policy directive: "connect-src 'none'". The policy is report-only, so the violation has been logged but no further action has been taken.
Connecting to '<URL>' violates the following Content Security Policy directive: "connect-src 'none'". The policy is report-only, so the violation has been logged but no further action has been taken.
Connecting to '<URL>' violates the following Content Security Policy directive: "connect-src 'none'". The policy is report-only, so the violation has been logged but no further action has been taken.
Connecting to '<URL>' violates the following Content Security Policy directive: "connect-src 'none'". The policy is report-only, so the violation has been logged but no further action has been taken.
Connecting to '<URL>' violates the following Content Security Policy directive: "connect-src 'none'". The policy is report-only, so the violation has been logged but no further action has been taken.
Connecting to '<URL>' violates the following Content Security Policy directive: "connect-src 'none'". The policy is report-only, so the violation has been logged but no further action has been taken.
Connecting to '<URL>' violates the following Content Security Policy directive: "connect-src 'none'". The policy is report-only, so the violation has been logged but no further action has been taken.
Connecting to '<URL>' violates the following Content Security Policy directive: "connect-src 'none'". The policy is report-only, so the violation has been logged but no further action has been taken.
Connecting to '<URL>' violates the following Content Security Policy directive: "connect-src 'none'". The policy is report-only, so the violation has been logged but no further action has been taken.
Connecting to '<URL>' violates the following Content Security Policy directive: "connect-src 'none'". The policy is report-only, so the violation has been logged but no further action has been taken.
Connecting to '<URL>' violates the following Content Security Policy directive: "connect-src 'none'". The policy is report-only, so the violation has been logged but no further action has been taken.
Connecting to '<URL>' violates the following Content Security Policy directive: "connect-src 'none'". The policy is report-only, so the violation has been logged but no further action has been taken.
Connecting to '<URL>' violates the following Content Security Policy directive: "connect-src 'none'". The policy is report-only, so the violation has been logged but no further action has been taken.
Connecting to '<URL>' violates the following Content Security Policy directive: "connect-src 'none'". The policy is report-only, so the violation has been logged but no further action has been taken.
Connecting to '<URL>' violates the following Content Security Policy directive: "connect-src 'none'". The policy is report-only, so the violation has been logged but no further action has been taken.
Connecting to '<URL>' violates the following Content Security Policy directive: "connect-src 'none'". The policy is report-only, so the violation has been logged but no further action has been taken.
Connecting to '<URL>' violates the following Content Security Policy directive: "connect-src 'none'". The policy is report-only, so the violation has been logged but no further action has been taken.
Connecting to '<URL>' violates the following Content Security Policy directive: "connect-src 'none'". The policy is report-only, so the violation has been logged but no further action has been taken.
Connecting to '<URL>' violates the following Content Security Policy directive: "connect-src 'none'". The policy is report-only, so the violation has been logged but no further action has been taken.
Connecting to '<URL>' violates the following Content Security Policy directive: "connect-src 'none'". The policy is report-only, so the violation has been logged but no further action has been taken.
Connecting to '<URL>' violates the following Content Security Policy directive: "connect-src 'none'". The policy is report-only, so the violation has been logged but no further action has been taken.
Connecting to '<URL>' violates the following Content Security Policy directive: "connect-src 'none'". The policy is report-only, so the violation has been logged but no further action has been taken.
Connecting to '<URL>' violates the following Content Security Policy directive: "connect-src 'none'". The policy is report-only, so the violation has been logged but no further action has been taken.
Connecting to '<URL>' violates the following Content Security Policy directive: "connect-src 'none'". The policy is report-only, so the violation has been logged but no further action has been taken.
Connecting to '<URL>' violates the following Content Security Policy directive: "connect-src 'none'". The policy is report-only, so the violation has been logged but no further action has been taken.
Connecting to '<URL>' violates the following Content Security Policy directive: "connect-src 'none'". The policy is report-only, so the violation has been logged but no further action has been taken.
Connecting to '<URL>' violates the following Content Security Policy directive: "connect-src 'none'". The policy is report-only, so the violation has been logged but no further action has been taken.
Connecting to '<URL>' violates the following Content Security Policy directive: "connect-src 'none'". The policy is report-only, so the violation has been logged but no further action has been taken.
Connecting to '<URL>' violates the following Content Security Policy directive: "connect-src 'none'". The policy is report-only, so the violation has been logged but no further action has been taken.
Connecting to '<URL>' violates the following Content Security Policy directive: "connect-src 'none'". The policy is report-only, so the violation has been logged but no further action has been taken.
Connecting to '<URL>' violates the following Content Security Policy directive: "connect-src 'none'". The policy is report-only, so the violation has been logged but no further action has been taken.
Connecting to '<URL>' violates the following Content Security Policy directive: "connect-src 'none'". The policy is report-only, so the violation has been logged but no further action has been taken.
Connecting to '<URL>' violates the following Content Security Policy directive: "connect-src 'none'". The policy is report-only, so the violation has been logged but no further action has been taken.
Connecting to '<URL>' violates the following Content Security Policy directive: "connect-src 'none'". The policy is report-only, so the violation has been logged but no further action has been taken.
Connecting to '<URL>' violates the following Content Security Policy directive: "connect-src 'none'". The policy is report-only, so the violation has been logged but no further action has been taken.
Connecting to '<URL>' violates the following Content Security Policy directive: "connect-src 'none'". The policy is report-only, so the violation has been logged but no further action has been taken.
Connecting to '<URL>' violates the following Content Security Policy directive: "connect-src 'none'". The policy is report-only, so the violation has been logged but no further action has been taken.
Connecting to '<URL>' violates the following Content Security Policy directive: "connect-src 'none'". The policy is report-only, so the violation has been logged but no further action has been taken.
Connecting to '<URL>' violates the following Content Security Policy directive: "connect-src 'none'". The policy is report-only, so the violation has been logged but no further action has been taken.
Connecting to '<URL>' violates the following Content Security Policy directive: "connect-src 'none'". The policy is report-only, so the violation has been logged but no further action has been taken.
Connecting to '<URL>' violates the following Content Security Policy directive: "connect-src 'none'". The policy is report-only, so the violation has been logged but no further action has been taken.
Connecting to '<URL>' violates the following Content Security Policy directive: "connect-src 'none'". The policy is report-only, so the violation has been logged but no further action has been taken.
Connecting to '<URL>' violates the following Content Security Policy directive: "connect-src 'none'". The policy is report-only, so the violation has been logged but no further action has been taken.
Connecting to '<URL>' violates the following Content Security Policy directive: "connect-src 'none'". The policy is report-only, so the violation has been logged but no further action has been taken.
Connecting to '<URL>' violates the following Content Security Policy directive: "connect-src 'none'". The policy is report-only, so the violation has been logged but no further action has been taken.
Connecting to '<URL>' violates the following Content Security Policy directive: "connect-src 'none'". The policy is report-only, so the violation has been logged but no further action has been taken.
Connecting to '<URL>' violates the following Content Security Policy directive: "connect-src 'none'". The policy is report-only, so the violation has been logged but no further action has been taken.
Connecting to '<URL>' violates the following Content Security Policy directive: "connect-src 'none'". The policy is report-only, so the violation has been logged but no further action has been taken.
Connecting to '<URL>' violates the following Content Security Policy directive: "connect-src 'none'". The policy is report-only, so the violation has been logged but no further action has been taken.
Connecting to '<URL>' violates the following Content Security Policy directive: "connect-src 'none'". The policy is report-only, so the violation has been logged but no further action has been taken.
Connecting to '<URL>' violates the following Content Security Policy directive: "connect-src 'none'". The policy is report-only, so the violation has been logged but no further action has been taken.
Connecting to '<URL>' violates the following Content Security Policy directive: "connect-src 'none'". The policy is report-only, so the violation has been logged but no further action has been taken.
Connecting to '<URL>' violates the following Content Security Policy directive: "connect-src 'none'". The policy is report-only, so the violation has been logged but no further action has been taken.
Connecting to '<URL>' violates the following Content Security Policy directive: "connect-src 'none'". The policy is report-only, so the violation has been logged but no further action has been taken.
Connecting to '<URL>' violates the following Content Security Policy directive: "connect-src 'none'". The policy is report-only, so the violation has been logged but no further action has been taken.
Connecting to '<URL>' violates the following Content Security Policy directive: "connect-src 'none'". The policy is report-only, so the violation has been logged but no further action has been taken.
Connecting to '<URL>' violates the following Content Security Policy directive: "connect-src 'none'". The policy is report-only, so the violation has been logged but no further action has been taken.
Connecting to '<URL>' violates the following Content Security Policy directive: "connect-src 'none'". The policy is report-only, so the violation has been logged but no further action has been taken.
Connecting to '<URL>' violates the following Content Security Policy directive: "connect-src 'none'". The policy is report-only, so the violation has been logged but no further action has been taken.
Connecting to '<URL>' violates the following Content Security Policy directive: "connect-src 'none'". The policy is report-only, so the violation has been logged but no further action has been taken.
Connecting to '<URL>' violates the following Content Security Policy directive: "connect-src 'none'". The policy is report-only, so the violation has been logged but no further action has been taken.
Connecting to '<URL>' violates the following Content Security Policy directive: "connect-src 'none'". The policy is report-only, so the violation has been logged but no further action has been taken.
Connecting to '<URL>' violates the following Content Security Policy directive: "connect-src 'none'". The policy is report-only, so the violation has been logged but no further action has been taken.
Connecting to '<URL>' violates the following Content Security Policy directive: "connect-src 'none'". The policy is report-only, so the violation has been logged but no further action has been taken.
Connecting to '<URL>' violates the following Content Security Policy directive: "connect-src 'none'". The policy is report-only, so the violation has been logged but no further action has been taken.
Connecting to '<URL>' violates the following Content Security Policy directive: "connect-src 'none'". The policy is report-only, so the violation has been logged but no further action has been taken.
Connecting to '<URL>' violates the following Content Security Policy directive: "connect-src 'none'". The policy is report-only, so the violation has been logged but no further action has been taken.
Connecting to '<URL>' violates the following Content Security Policy directive: "connect-src 'none'". The policy is report-only, so the violation has been logged but no further action has been taken.
Connecting to '<URL>' violates the following Content Security Policy directive: "connect-src 'none'". The policy is report-only, so the violation has been logged but no further action has been taken.
Connecting to '<URL>' violates the following Content Security Policy directive: "connect-src 'none'". The policy is report-only, so the violation has been logged but no further action has been taken.
Connecting to '<URL>' violates the following Content Security Policy directive: "connect-src 'none'". The policy is report-only, so the violation has been logged but no further action has been taken.
Connecting to '<URL>' violates the following Content Security Policy directive: "connect-src 'none'". The policy is report-only, so the violation has been logged but no further action has been taken.
Connecting to '<URL>' violates the following Content Security Policy directive: "connect-src 'none'". The policy is report-only, so the violation has been logged but no further action has been taken.
Connecting to '<URL>' violates the following Content Security Policy directive: "connect-src 'none'". The policy is report-only, so the violation has been logged but no further action has been taken.
Connecting to '<URL>' violates the following Content Security Policy directive: "connect-src 'none'". The policy is report-only, so the violation has been logged but no further action has been taken.
Connecting to '<URL>' violates the following Content Security Policy directive: "connect-src 'none'". The policy is report-only, so the violation has been logged but no further action has been taken.
Connecting to '<URL>' violates the following Content Security Policy directive: "connect-src 'none'". The policy is report-only, so the violation has been logged but no further action has been taken.
Connecting to '<URL>' violates the following Content Security Policy directive: "connect-src 'none'". The policy is report-only, so the violation has been logged but no further action has been taken.
Connecting to '<URL>' violates the following Content Security Policy directive: "connect-src 'none'". The policy is report-only, so the violation has been logged but no further action has been taken.
Connecting to '<URL>' violates the following Content Security Policy directive: "connect-src 'none'". The policy is report-only, so the violation has been logged but no further action has been taken.
Connecting to '<URL>' violates the following Content Security Policy directive: "connect-src 'none'". The policy is report-only, so the violation has been logged but no further action has been taken.
Connecting to '<URL>' violates the following Content Security Policy directive: "connect-src 'none'". The policy is report-only, so the violation has been logged but no further action has been taken.
Connecting to '<URL>' violates the following Content Security Policy directive: "connect-src 'none'". The policy is report-only, so the violation has been logged but no further action has been taken.
Connecting to '<URL>' violates the following Content Security Policy directive: "connect-src 'none'". The policy is report-only, so the violation has been logged but no further action has been taken.
Connecting to '<URL>' violates the following Content Security Policy directive: "connect-src 'none'". The policy is report-only, so the violation has been logged but no further action has been taken.
Connecting to '<URL>' violates the following Content Security Policy directive: "connect-src 'none'". The policy is report-only, so the violation has been logged but no further action has been taken.
Connecting to '<URL>' violates the following Content Security Policy directive: "connect-src 'none'". The policy is report-only, so the violation has been logged but no further action has been taken.
Connecting to '<URL>' violates the following Content Security Policy directive: "connect-src 'none'". The policy is report-only, so the violation has been logged but no further action has been taken.
Connecting to '<URL>' violates the following Content Security Policy directive: "connect-src 'none'". The policy is report-only, so the violation has been logged but no further action has been taken.
Connecting to '<URL>' violates the following Content Security Policy directive: "connect-src 'none'". The policy is report-only, so the violation has been logged but no further action has been taken.
Connecting to '<URL>' violates the following Content Security Policy directive: "connect-src 'none'". The policy is report-only, so the violation has been logged but no further action has been taken.
Connecting to '<URL>' violates the following Content Security Policy directive: "connect-src 'none'". The policy is report-only, so the violation has been logged but no further action has been taken.
Connecting to '<URL>' violates the following Content Security Policy directive: "connect-src 'none'". The policy is report-only, so the violation has been logged but no further action has been taken.
Connecting to '<URL>' violates the following Content Security Policy directive: "connect-src 'none'". The policy is report-only, so the violation has been logged but no further action has been taken.
Connecting to '<URL>' violates the following Content Security Policy directive: "connect-src 'none'". The policy is report-only, so the violation has been logged but no further action has been taken.
Connecting to '<URL>' violates the following Content Security Policy directive: "connect-src 'none'". The policy is report-only, so the violation has been logged but no further action has been taken.
Connecting to '<URL>' violates the following Content Security Policy directive: "connect-src 'none'". The policy is report-only, so the violation has been logged but no further action has been taken.
Connecting to '<URL>' violates the following Content Security Policy directive: "connect-src 'none'". The policy is report-only, so the violation has been logged but no further action has been taken.
Connecting to '<URL>' violates the following Content Security Policy directive: "connect-src 'none'". The policy is report-only, so the violation has been logged but no further action has been taken.
Connecting to '<URL>' violates the following Content Security Policy directive: "connect-src 'none'". The policy is report-only, so the violation has been logged but no further action has been taken.
Connecting to '<URL>' violates the following Content Security Policy directive: "connect-src 'none'". The policy is report-only, so the violation has been logged but no further action has been taken.
Connecting to '<URL>' violates the following Content Security Policy directive: "connect-src 'none'". The policy is report-only, so the violation has been logged but no further action has been taken.
Connecting to '<URL>' violates the following Content Security Policy directive: "connect-src 'none'". The policy is report-only, so the violation has been logged but no further action has been taken.
Connecting to '<URL>' violates the following Content Security Policy directive: "connect-src 'none'". The policy is report-only, so the violation has been logged but no further action has been taken.
Connecting to '<URL>' violates the following Content Security Policy directive: "connect-src 'none'". The policy is report-only, so the violation has been logged but no further action has been taken.
Connecting to '<URL>' violates the following Content Security Policy directive: "connect-src 'none'". The policy is report-only, so the violation has been logged but no further action has been taken.
Connecting to '<URL>' violates the following Content Security Policy directive: "connect-src 'none'". The policy is report-only, so the violation has been logged but no further action has been taken.
Connecting to '<URL>' violates the following Content Security Policy directive: "connect-src 'none'". The policy is report-only, so the violation has been logged but no further action has been taken.
Connecting to '<URL>' violates the following Content Security Policy directive: "connect-src 'none'". The policy is report-only, so the violation has been logged but no further action has been taken.
Connecting to '<URL>' violates the following Content Security Policy directive: "connect-src 'none'". The policy is report-only, so the violation has been logged but no further action has been taken.
Connecting to '<URL>' violates the following Content Security Policy directive: "connect-src 'none'". The policy is report-only, so the violation has been logged but no further action has been taken.
Connecting to '<URL>' violates the following Content Security Policy directive: "connect-src 'none'". The policy is report-only, so the violation has been logged but no further action has been taken.
Connecting to '<URL>' violates the following Content Security Policy directive: "connect-src 'none'". The policy is report-only, so the violation has been logged but no further action has been taken.
Connecting to '<URL>' violates the following Content Security Policy directive: "connect-src 'none'". The policy is report-only, so the violation has been logged but no further action has been taken.
Connecting to '<URL>' violates the following Content Security Policy directive: "connect-src 'none'". The policy is report-only, so the violation has been logged but no further action has been taken.
Connecting to '<URL>' violates the following Content Security Policy directive: "connect-src 'none'". The policy is report-only, so the violation has been logged but no further action has been taken.
Connecting to '<URL>' violates the following Content Security Policy directive: "connect-src 'none'". The policy is report-only, so the violation has been logged but no further action has been taken.
Connecting to '<URL>' violates the following Content Security Policy directive: "connect-src 'none'". The policy is report-only, so the violation has been logged but no further action has been taken.
Connecting to '<URL>' violates the following Content Security Policy directive: "connect-src 'none'". The policy is report-only, so the violation has been logged but no further action has been taken.
Connecting to '<URL>' violates the following Content Security Policy directive: "connect-src 'none'". The policy is report-only, so the violation has been logged but no further action has been taken.
Connecting to '<URL>' violates the following Content Security Policy directive: "connect-src 'none'". The policy is report-only, so the violation has been logged but no further action has been taken.
Connecting to '<URL>' violates the following Content Security Policy directive: "connect-src 'none'". The policy is report-only, so the violation has been logged but no further action has been taken.
Connecting to '<URL>' violates the following Content Security Policy directive: "connect-src 'none'". The policy is report-only, so the violation has been logged but no further action has been taken.
Connecting to '<URL>' violates the following Content Security Policy directive: "connect-src 'none'". The policy is report-only, so the violation has been logged but no further action has been taken.
Connecting to '<URL>' violates the following Content Security Policy directive: "connect-src 'none'". The policy is report-only, so the violation has been logged but no further action has been taken.
Connecting to '<URL>' violates the following Content Security Policy directive: "connect-src 'none'". The policy is report-only, so the violation has been logged but no further action has been taken.
Connecting to '<URL>' violates the following Content Security Policy directive: "connect-src 'none'". The policy is report-only, so the violation has been logged but no further action has been taken.
Connecting to '<URL>' violates the following Content Security Policy directive: "connect-src 'none'". The policy is report-only, so the violation has been logged but no further action has been taken.
Connecting to '<URL>' violates the following Content Security Policy directive: "connect-src 'none'". The policy is report-only, so the violation has been logged but no further action has been taken.
Connecting to '<URL>' violates the following Content Security Policy directive: "connect-src 'none'". The policy is report-only, so the violation has been logged but no further action has been taken.
Connecting to '<URL>' violates the following Content Security Policy directive: "connect-src 'none'". The policy is report-only, so the violation has been logged but no further action has been taken.
Connecting to '<URL>' violates the following Content Security Policy directive: "connect-src 'none'". The policy is report-only, so the violation has been logged but no further action has been taken.
Connecting to '<URL>' violates the following Content Security Policy directive: "connect-src 'none'". The policy is report-only, so the violation has been logged but no further action has been taken.
Connecting to '<URL>' violates the following Content Security Policy directive: "connect-src 'none'". The policy is report-only, so the violation has been logged but no further action has been taken.
Connecting to '<URL>' violates the following Content Security Policy directive: "connect-src 'none'". The policy is report-only, so the violation has been logged but no further action has been taken.
Connecting to '<URL>' violates the following Content Security Policy directive: "connect-src 'none'". The policy is report-only, so the violation has been logged but no further action has been taken.
Connecting to '<URL>' violates the following Content Security Policy directive: "connect-src 'none'". The policy is report-only, so the violation has been logged but no further action has been taken.
Connecting to '<URL>' violates the following Content Security Policy directive: "connect-src 'none'". The policy is report-only, so the violation has been logged but no further action has been taken.
Connecting to '<URL>' violates the following Content Security Policy directive: "connect-src 'none'". The policy is report-only, so the violation has been logged but no further action has been taken.
Connecting to '<URL>' violates the following Content Security Policy directive: "connect-src 'none'". The policy is report-only, so the violation has been logged but no further action has been taken.
Connecting to '<URL>' violates the following Content Security Policy directive: "connect-src 'none'". The policy is report-only, so the violation has been logged but no further action has been taken.
Connecting to '<URL>' violates the following Content Security Policy directive: "connect-src 'none'". The policy is report-only, so the violation has been logged but no further action has been taken.
Connecting to '<URL>' violates the following Content Security Policy directive: "connect-src 'none'". The policy is report-only, so the violation has been logged but no further action has been taken.
Connecting to '<URL>' violates the following Content Security Policy directive: "connect-src 'none'". The policy is report-only, so the violation has been logged but no further action has been taken.
Connecting to '<URL>' violates the following Content Security Policy directive: "connect-src 'none'". The policy is report-only, so the violation has been logged but no further action has been taken.
Connecting to '<URL>' violates the following Content Security Policy directive: "connect-src 'none'". The policy is report-only, so the violation has been logged but no further action has been taken.
Connecting to '<URL>' violates the following Content Security Policy directive: "connect-src 'none'". The policy is report-only, so the violation has been logged but no further action has been taken.
Connecting to '<URL>' violates the following Content Security Policy directive: "connect-src 'none'". The policy is report-only, so the violation has been logged but no further action has been taken.
Connecting to '<URL>' violates the following Content Security Policy directive: "connect-src 'none'". The policy is report-only, so the violation has been logged but no further action has been taken.
Connecting to '<URL>' violates the following Content Security Policy directive: "connect-src 'none'". The policy is report-only, so the violation has been logged but no further action has been taken.
Connecting to '<URL>' violates the following Content Security Policy directive: "connect-src 'none'". The policy is report-only, so the violation has been logged but no further action has been taken.
Connecting to '<URL>' violates the following Content Security Policy directive: "connect-src 'none'". The policy is report-only, so the violation has been logged but no further action has been taken.
Connecting to '<URL>' violates the following Content Security Policy directive: "connect-src 'none'". The policy is report-only, so the violation has been logged but no further action has been taken.
Connecting to '<URL>' violates the following Content Security Policy directive: "connect-src 'none'". The policy is report-only, so the violation has been logged but no further action has been taken.
Connecting to '<URL>' violates the following Content Security Policy directive: "connect-src 'none'". The policy is report-only, so the violation has been logged but no further action has been taken.
Connecting to '<URL>' violates the following Content Security Policy directive: "connect-src 'none'". The policy is report-only, so the violation has been logged but no further action has been taken.
Connecting to '<URL>' violates the following Content Security Policy directive: "connect-src 'none'". The policy is report-only, so the violation has been logged but no further action has been taken.
Connecting to '<URL>' violates the following Content Security Policy directive: "connect-src 'none'". The policy is report-only, so the violation has been logged but no further action has been taken.
Connecting to '<URL>' violates the following Content Security Policy directive: "connect-src 'none'". The policy is report-only, so the violation has been logged but no further action has been taken.
Connecting to '<URL>' violates the following Content Security Policy directive: "connect-src 'none'". The policy is report-only, so the violation has been logged but no further action has been taken.
Connecting to '<URL>' violates the following Content Security Policy directive: "connect-src 'none'". The policy is report-only, so the violation has been logged but no further action has been taken.
Connecting to '<URL>' violates the following Content Security Policy directive: "connect-src 'none'". The policy is report-only, so the violation has been logged but no further action has been taken.
Connecting to '<URL>' violates the following Content Security Policy directive: "connect-src 'none'". The policy is report-only, so the violation has been logged but no further action has been taken.
Connecting to '<URL>' violates the following Content Security Policy directive: "connect-src 'none'". The policy is report-only, so the violation has been logged but no further action has been taken.
Connecting to '<URL>' violates the following Content Security Policy directive: "connect-src 'none'". The policy is report-only, so the violation has been logged but no further action has been taken.
Connecting to '<URL>' violates the following Content Security Policy directive: "connect-src 'none'". The policy is report-only, so the violation has been logged but no further action has been taken.
Connecting to '<URL>' violates the following Content Security Policy directive: "connect-src 'none'". The policy is report-only, so the violation has been logged but no further action has been taken.
Connecting to '<URL>' violates the following Content Security Policy directive: "connect-src 'none'". The policy is report-only, so the violation has been logged but no further action has been taken.
Connecting to '<URL>' violates the following Content Security Policy directive: "connect-src 'none'". The policy is report-only, so the violation has been logged but no further action has been taken.
Connecting to '<URL>' violates the following Content Security Policy directive: "connect-src 'none'". The policy is report-only, so the violation has been logged but no further action has been taken.
Connecting to '<URL>' violates the following Content Security Policy directive: "connect-src 'none'". The policy is report-only, so the violation has been logged but no further action has been taken.
Connecting to '<URL>' violates the following Content Security Policy directive: "connect-src 'none'". The policy is report-only, so the violation has been logged but no further action has been taken.
Connecting to '<URL>' violates the following Content Security Policy directive: "connect-src 'none'". The policy is report-only, so the violation has been logged but no further action has been taken.
Connecting to '<URL>' violates the following Content Security Policy directive: "connect-src 'none'". The policy is report-only, so the violation has been logged but no further action has been taken.
Connecting to '<URL>' violates the following Content Security Policy directive: "connect-src 'none'". The policy is report-only, so the violation has been logged but no further action has been taken.
Connecting to '<URL>' violates the following Content Security Policy directive: "connect-src 'none'". The policy is report-only, so the violation has been logged but no further action has been taken.
Connecting to '<URL>' violates the following Content Security Policy directive: "connect-src 'none'". The policy is report-only, so the violation has been logged but no further action has been taken.
Connecting to '<URL>' violates the following Content Security Policy directive: "connect-src 'none'". The policy is report-only, so the violation has been logged but no further action has been taken.
Connecting to '<URL>' violates the following Content Security Policy directive: "connect-src 'none'". The policy is report-only, so the violation has been logged but no further action has been taken.
Connecting to '<URL>' violates the following Content Security Policy directive: "connect-src 'none'". The policy is report-only, so the violation has been logged but no further action has been taken.
Connecting to '<URL>' violates the following Content Security Policy directive: "connect-src 'none'". The policy is report-only, so the violation has been logged but no further action has been taken.
Connecting to '<URL>' violates the following Content Security Policy directive: "connect-src 'none'". The policy is report-only, so the violation has been logged but no further action has been taken.
Connecting to '<URL>' violates the following Content Security Policy directive: "connect-src 'none'". The policy is report-only, so the violation has been logged but no further action has been taken.
Connecting to '<URL>' violates the following Content Security Policy directive: "connect-src 'none'". The policy is report-only, so the violation has been logged but no further action has been taken.
Connecting to '<URL>' violates the following Content Security Policy directive: "connect-src 'none'". The policy is report-only, so the violation has been logged but no further action has been taken.
Connecting to '<URL>' violates the following Content Security Policy directive: "connect-src 'none'". The policy is report-only, so the violation has been logged but no further action has been taken.
Connecting to '<URL>' violates the following Content Security Policy directive: "connect-src 'none'". The policy is report-only, so the violation has been logged but no further action has been taken.
Connecting to '<URL>' violates the following Content Security Policy directive: "connect-src 'none'". The policy is report-only, so the violation has been logged but no further action has been taken.
Connecting to '<URL>' violates the following Content Security Policy directive: "connect-src 'none'". The policy is report-only, so the violation has been logged but no further action has been taken.
Connecting to '<URL>' violates the following Content Security Policy directive: "connect-src 'none'". The policy is report-only, so the violation has been logged but no further action has been taken.
Connecting to '<URL>' violates the following Content Security Policy directive: "connect-src 'none'". The policy is report-only, so the violation has been logged but no further action has been taken.
Connecting to '<URL>' violates the following Content Security Policy directive: "connect-src 'none'". The policy is report-only, so the violation has been logged but no further action has been taken.
Connecting to '<URL>' violates the following Content Security Policy directive: "connect-src 'none'". The policy is report-only, so the violation has been logged but no further action has been taken.
Connecting to '<URL>' violates the following Content Security Policy directive: "connect-src 'none'". The policy is report-only, so the violation has been logged but no further action has been taken.
Connecting to '<URL>' violates the following Content Security Policy directive: "connect-src 'none'". The policy is report-only, so the violation has been logged but no further action has been taken.
Connecting to '<URL>' violates the following Content Security Policy directive: "connect-src 'none'". The policy is report-only, so the violation has been logged but no further action has been taken.
Connecting to '<URL>' violates the following Content Security Policy directive: "connect-src 'none'". The policy is report-only, so the violation has been logged but no further action has been taken.
Connecting to '<URL>' violates the following Content Security Policy directive: "connect-src 'none'". The policy is report-only, so the violation has been logged but no further action has been taken.
Connecting to '<URL>' violates the following Content Security Policy directive: "connect-src 'none'". The policy is report-only, so the violation has been logged but no further action has been taken.
Connecting to '<URL>' violates the following Content Security Policy directive: "connect-src 'none'". The policy is report-only, so the violation has been logged but no further action has been taken.
Connecting to '<URL>' violates the following Content Security Policy directive: "connect-src 'none'". The policy is report-only, so the violation has been logged but no further action has been taken.
Connecting to '<URL>' violates the following Content Security Policy directive: "connect-src 'none'". The policy is report-only, so the violation has been logged but no further action has been taken.
Connecting to '<URL>' violates the following Content Security Policy directive: "connect-src 'none'". The policy is report-only, so the violation has been logged but no further action has been taken.
Connecting to '<URL>' violates the following Content Security Policy directive: "connect-src 'none'". The policy is report-only, so the violation has been logged but no further action has been taken.
Connecting to '<URL>' violates the following Content Security Policy directive: "connect-src 'none'". The policy is report-only, so the violation has been logged but no further action has been taken.
Connecting to '<URL>' violates the following Content Security Policy directive: "connect-src 'none'". The policy is report-only, so the violation has been logged but no further action has been taken.
Connecting to '<URL>' violates the following Content Security Policy directive: "connect-src 'none'". The policy is report-only, so the violation has been logged but no further action has been taken.
Connecting to '<URL>' violates the following Content Security Policy directive: "connect-src 'none'". The policy is report-only, so the violation has been logged but no further action has been taken.
Connecting to '<URL>' violates the following Content Security Policy directive: "connect-src 'none'". The policy is report-only, so the violation has been logged but no further action has been taken.
Connecting to '<URL>' violates the following Content Security Policy directive: "connect-src 'none'". The policy is report-only, so the violation has been logged but no further action has been taken.
Connecting to '<URL>' violates the following Content Security Policy directive: "connect-src 'none'". The policy is report-only, so the violation has been logged but no further action has been taken.
Connecting to '<URL>' violates the following Content Security Policy directive: "connect-src 'none'". The policy is report-only, so the violation has been logged but no further action has been taken.
Connecting to '<URL>' violates the following Content Security Policy directive: "connect-src 'none'". The policy is report-only, so the violation has been logged but no further action has been taken.
Connecting to '<URL>' violates the following Content Security Policy directive: "connect-src 'none'". The policy is report-only, so the violation has been logged but no further action has been taken.
Connecting to '<URL>' violates the following Content Security Policy directive: "connect-src 'none'". The policy is report-only, so the violation has been logged but no further action has been taken.
Connecting to '<URL>' violates the following Content Security Policy directive: "connect-src 'none'". The policy is report-only, so the violation has been logged but no further action has been taken.
Connecting to '<URL>' violates the following Content Security Policy directive: "connect-src 'none'". The policy is report-only, so the violation has been logged but no further action has been taken.
Connecting to '<URL>' violates the following Content Security Policy directive: "connect-src 'none'". The policy is report-only, so the violation has been logged but no further action has been taken.
Connecting to '<URL>' violates the following Content Security Policy directive: "connect-src 'none'". The policy is report-only, so the violation has been logged but no further action has been taken.
Connecting to '<URL>' violates the following Content Security Policy directive: "connect-src 'none'". The policy is report-only, so the violation has been logged but no further action has been taken.
Connecting to '<URL>' violates the following Content Security Policy directive: "connect-src 'none'". The policy is report-only, so the violation has been logged but no further action has been taken.
Connecting to '<URL>' violates the following Content Security Policy directive: "connect-src 'none'". The policy is report-only, so the violation has been logged but no further action has been taken.
Connecting to '<URL>' violates the following Content Security Policy directive: "connect-src 'none'". The policy is report-only, so the violation has been logged but no further action has been taken.
Connecting to '<URL>' violates the following Content Security Policy directive: "connect-src 'none'". The policy is report-only, so the violation has been logged but no further action has been taken.
Connecting to '<URL>' violates the following Content Security Policy directive: "connect-src 'none'". The policy is report-only, so the violation has been logged but no further action has been taken.
Connecting to '<URL>' violates the following Content Security Policy directive: "connect-src 'none'". The policy is report-only, so the violation has been logged but no further action has been taken.
Connecting to '<URL>' violates the following Content Security Policy directive: "connect-src 'none'". The policy is report-only, so the violation has been logged but no further action has been taken.
Connecting to '<URL>' violates the following Content Security Policy directive: "connect-src 'none'". The policy is report-only, so the violation has been logged but no further action has been taken.
Connecting to '<URL>' violates the following Content Security Policy directive: "connect-src 'none'". The policy is report-only, so the violation has been logged but no further action has been taken.
Connecting to '<URL>' violates the following Content Security Policy directive: "connect-src 'none'". The policy is report-only, so the violation has been logged but no further action has been taken.
Connecting to '<URL>' violates the following Content Security Policy directive: "connect-src 'none'". The policy is report-only, so the violation has been logged but no further action has been taken.
Connecting to '<URL>' violates the following Content Security Policy directive: "connect-src 'none'". The policy is report-only, so the violation has been logged but no further action has been taken.
Connecting to '<URL>' violates the following Content Security Policy directive: "connect-src 'none'". The policy is report-only, so the violation has been logged but no further action has been taken.
Connecting to '<URL>' violates the following Content Security Policy directive: "connect-src 'none'". The policy is report-only, so the violation has been logged but no further action has been taken.
Connecting to '<URL>' violates the following Content Security Policy directive: "connect-src 'none'". The policy is report-only, so the violation has been logged but no further action has been taken.
Connecting to '<URL>' violates the following Content Security Policy directive: "connect-src 'none'". The policy is report-only, so the violation has been logged but no further action has been taken.
Connecting to '<URL>' violates the following Content Security Policy directive: "connect-src 'none'". The policy is report-only, so the violation has been logged but no further action has been taken.
Connecting to '<URL>' violates the following Content Security Policy directive: "connect-src 'none'". The policy is report-only, so the violation has been logged but no further action has been taken.
Connecting to '<URL>' violates the following Content Security Policy directive: "connect-src 'none'". The policy is report-only, so the violation has been logged but no further action has been taken.
Connecting to '<URL>' violates the following Content Security Policy directive: "connect-src 'none'". The policy is report-only, so the violation has been logged but no further action has been taken.
Connecting to '<URL>' violates the following Content Security Policy directive: "connect-src 'none'". The policy is report-only, so the violation has been logged but no further action has been taken.
Connecting to '<URL>' violates the following Content Security Policy directive: "connect-src 'none'". The policy is report-only, so the violation has been logged but no further action has been taken.
Connecting to '<URL>' violates the following Content Security Policy directive: "connect-src 'none'". The policy is report-only, so the violation has been logged but no further action has been taken.
Connecting to '<URL>' violates the following Content Security Policy directive: "connect-src 'none'". The policy is report-only, so the violation has been logged but no further action has been taken.
Connecting to '<URL>' violates the following Content Security Policy directive: "connect-src 'none'". The policy is report-only, so the violation has been logged but no further action has been taken.
Connecting to '<URL>' violates the following Content Security Policy directive: "connect-src 'none'". The policy is report-only, so the violation has been logged but no further action has been taken.
Connecting to '<URL>' violates the following Content Security Policy directive: "connect-src 'none'". The policy is report-only, so the violation has been logged but no further action has been taken.
Connecting to '<URL>' violates the following Content Security Policy directive: "connect-src 'none'". The policy is report-only, so the violation has been logged but no further action has been taken.
Connecting to '<URL>' violates the following Content Security Policy directive: "connect-src 'none'". The policy is report-only, so the violation has been logged but no further action has been taken.
Connecting to '<URL>' violates the following Content Security Policy directive: "connect-src 'none'". The policy is report-only, so the violation has been logged but no further action has been taken.
Connecting to '<URL>' violates the following Content Security Policy directive: "connect-src 'none'". The policy is report-only, so the violation has been logged but no further action has been taken.
Connecting to '<URL>' violates the following Content Security Policy directive: "connect-src 'none'". The policy is report-only, so the violation has been logged but no further action has been taken.
Connecting to '<URL>' violates the following Content Security Policy directive: "connect-src 'none'". The policy is report-only, so the violation has been logged but no further action has been taken.
Connecting to '<URL>' violates the following Content Security Policy directive: "connect-src 'none'". The policy is report-only, so the violation has been logged but no further action has been taken.
Connecting to '<URL>' violates the following Content Security Policy directive: "connect-src 'none'". The policy is report-only, so the violation has been logged but no further action has been taken.
Connecting to '<URL>' violates the following Content Security Policy directive: "connect-src 'none'". The policy is report-only, so the violation has been logged but no further action has been taken.
Connecting to '<URL>' violates the following Content Security Policy directive: "connect-src 'none'". The policy is report-only, so the violation has been logged but no further action has been taken.
Connecting to '<URL>' violates the following Content Security Policy directive: "connect-src 'none'". The policy is report-only, so the violation has been logged but no further action has been taken.
Connecting to '<URL>' violates the following Content Security Policy directive: "connect-src 'none'". The policy is report-only, so the violation has been logged but no further action has been taken.
Connecting to '<URL>' violates the following Content Security Policy directive: "connect-src 'none'". The policy is report-only, so the violation has been logged but no further action has been taken.
Connecting to '<URL>' violates the following Content Security Policy directive: "connect-src 'none'". The policy is report-only, so the violation has been logged but no further action has been taken.
Connecting to '<URL>' violates the following Content Security Policy directive: "connect-src 'none'". The policy is report-only, so the violation has been logged but no further action has been taken.
Connecting to '<URL>' violates the following Content Security Policy directive: "connect-src 'none'". The policy is report-only, so the violation has been logged but no further action has been taken.
Connecting to '<URL>' violates the following Content Security Policy directive: "connect-src 'none'". The policy is report-only, so the violation has been logged but no further action has been taken.
Connecting to '<URL>' violates the following Content Security Policy directive: "connect-src 'none'". The policy is report-only, so the violation has been logged but no further action has been taken.
Connecting to '<URL>' violates the following Content Security Policy directive: "connect-src 'none'". The policy is report-only, so the violation has been logged but no further action has been taken.
Connecting to '<URL>' violates the following Content Security Policy directive: "connect-src 'none'". The policy is report-only, so the violation has been logged but no further action has been taken.
Connecting to '<URL>' violates the following Content Security Policy directive: "connect-src 'none'". The policy is report-only, so the violation has been logged but no further action has been taken.
Connecting to '<URL>' violates the following Content Security Policy directive: "connect-src 'none'". The policy is report-only, so the violation has been logged but no further action has been taken.
Connecting to '<URL>' violates the following Content Security Policy directive: "connect-src 'none'". The policy is report-only, so the violation has been logged but no further action has been taken.
Connecting to '<URL>' violates the following Content Security Policy directive: "connect-src 'none'". The policy is report-only, so the violation has been logged but no further action has been taken.
Connecting to '<URL>' violates the following Content Security Policy directive: "connect-src 'none'". The policy is report-only, so the violation has been logged but no further action has been taken.
Connecting to '<URL>' violates the following Content Security Policy directive: "connect-src 'none'". The policy is report-only, so the violation has been logged but no further action has been taken.
Connecting to '<URL>' violates the following Content Security Policy directive: "connect-src 'none'". The policy is report-only, so the violation has been logged but no further action has been taken.
Connecting to '<URL>' violates the following Content Security Policy directive: "connect-src 'none'". The policy is report-only, so the violation has been logged but no further action has been taken.
Connecting to '<URL>' violates the following Content Security Policy directive: "connect-src 'none'". The policy is report-only, so the violation has been logged but no further action has been taken.
Connecting to '<URL>' violates the following Content Security Policy directive: "connect-src 'none'". The policy is report-only, so the violation has been logged but no further action has been taken.
Connecting to '<URL>' violates the following Content Security Policy directive: "connect-src 'none'". The policy is report-only, so the violation has been logged but no further action has been taken.
Connecting to '<URL>' violates the following Content Security Policy directive: "connect-src 'none'". The policy is report-only, so the violation has been logged but no further action has been taken.
Connecting to '<URL>' violates the following Content Security Policy directive: "connect-src 'none'". The policy is report-only, so the violation has been logged but no further action has been taken.
Connecting to '<URL>' violates the following Content Security Policy directive: "connect-src 'none'". The policy is report-only, so the violation has been logged but no further action has been taken.
Connecting to '<URL>' violates the following Content Security Policy directive: "connect-src 'none'". The policy is report-only, so the violation has been logged but no further action has been taken.
Connecting to '<URL>' violates the following Content Security Policy directive: "connect-src 'none'". The policy is report-only, so the violation has been logged but no further action has been taken.
Connecting to '<URL>' violates the following Content Security Policy directive: "connect-src 'none'". The policy is report-only, so the violation has been logged but no further action has been taken.
Connecting to '<URL>' violates the following Content Security Policy directive: "connect-src 'none'". The policy is report-only, so the violation has been logged but no further action has been taken.
Connecting to '<URL>' violates the following Content Security Policy directive: "connect-src 'none'". The policy is report-only, so the violation has been logged but no further action has been taken.
Connecting to '<URL>' violates the following Content Security Policy directive: "connect-src 'none'". The policy is report-only, so the violation has been logged but no further action has been taken.
Connecting to '<URL>' violates the following Content Security Policy directive: "connect-src 'none'". The policy is report-only, so the violation has been logged but no further action has been taken.
Connecting to '<URL>' violates the following Content Security Policy directive: "connect-src 'none'". The policy is report-only, so the violation has been logged but no further action has been taken.
Connecting to '<URL>' violates the following Content Security Policy directive: "connect-src 'none'". The policy is report-only, so the violation has been logged but no further action has been taken.
Connecting to '<URL>' violates the following Content Security Policy directive: "connect-src 'none'". The policy is report-only, so the violation has been logged but no further action has been taken.
Connecting to '<URL>' violates the following Content Security Policy directive: "connect-src 'none'". The policy is report-only, so the violation has been logged but no further action has been taken.
Connecting to '<URL>' violates the following Content Security Policy directive: "connect-src 'none'". The policy is report-only, so the violation has been logged but no further action has been taken.
Connecting to '<URL>' violates the following Content Security Policy directive: "connect-src 'none'". The policy is report-only, so the violation has been logged but no further action has been taken.
Connecting to '<URL>' violates the following Content Security Policy directive: "connect-src 'none'". The policy is report-only, so the violation has been logged but no further action has been taken.
Connecting to '<URL>' violates the following Content Security Policy directive: "connect-src 'none'". The policy is report-only, so the violation has been logged but no further action has been taken.
Connecting to '<URL>' violates the following Content Security Policy directive: "connect-src 'none'". The policy is report-only, so the violation has been logged but no further action has been taken.
Connecting to '<URL>' violates the following Content Security Policy directive: "connect-src 'none'". The policy is report-only, so the violation has been logged but no further action has been taken.
Connecting to '<URL>' violates the following Content Security Policy directive: "connect-src 'none'". The policy is report-only, so the violation has been logged but no further action has been taken.
Connecting to '<URL>' violates the following Content Security Policy directive: "connect-src 'none'". The policy is report-only, so the violation has been logged but no further action has been taken.
Connecting to '<URL>' violates the following Content Security Policy directive: "connect-src 'none'". The policy is report-only, so the violation has been logged but no further action has been taken.
Connecting to '<URL>' violates the following Content Security Policy directive: "connect-src 'none'". The policy is report-only, so the violation has been logged but no further action has been taken.
Connecting to '<URL>' violates the following Content Security Policy directive: "connect-src 'none'". The policy is report-only, so the violation has been logged but no further action has been taken.
Connecting to '<URL>' violates the following Content Security Policy directive: "connect-src 'none'". The policy is report-only, so the violation has been logged but no further action has been taken.
Connecting to '<URL>' violates the following Content Security Policy directive: "connect-src 'none'". The policy is report-only, so the violation has been logged but no further action has been taken.
Connecting to '<URL>' violates the following Content Security Policy directive: "connect-src 'none'". The policy is report-only, so the violation has been logged but no further action has been taken.
Connecting to '<URL>' violates the following Content Security Policy directive: "connect-src 'none'". The policy is report-only, so the violation has been logged but no further action has been taken.
Connecting to '<URL>' violates the following Content Security Policy directive: "connect-src 'none'". The policy is report-only, so the violation has been logged but no further action has been taken.
Connecting to '<URL>' violates the following Content Security Policy directive: "connect-src 'none'". The policy is report-only, so the violation has been logged but no further action has been taken.
Connecting to '<URL>' violates the following Content Security Policy directive: "connect-src 'none'". The policy is report-only, so the violation has been logged but no further action has been taken.
Connecting to '<URL>' violates the following Content Security Policy directive: "connect-src 'none'". The policy is report-only, so the violation has been logged but no further action has been taken.
Connecting to '<URL>' violates the following Content Security Policy directive: "connect-src 'none'". The policy is report-only, so the violation has been logged but no further action has been taken.
Connecting to '<URL>' violates the following Content Security Policy directive: "connect-src 'none'". The policy is report-only, so the violation has been logged but no further action has been taken.
Connecting to '<URL>' violates the following Content Security Policy directive: "connect-src 'none'". The policy is report-only, so the violation has been logged but no further action has been taken.
Connecting to '<URL>' violates the following Content Security Policy directive: "connect-src 'none'". The policy is report-only, so the violation has been logged but no further action has been taken.
Connecting to '<URL>' violates the following Content Security Policy directive: "connect-src 'none'". The policy is report-only, so the violation has been logged but no further action has been taken.
Connecting to '<URL>' violates the following Content Security Policy directive: "connect-src 'none'". The policy is report-only, so the violation has been logged but no further action has been taken.
Connecting to '<URL>' violates the following Content Security Policy directive: "connect-src 'none'". The policy is report-only, so the violation has been logged but no further action has been taken.
Connecting to '<URL>' violates the following Content Security Policy directive: "connect-src 'none'". The policy is report-only, so the violation has been logged but no further action has been taken.
Connecting to '<URL>' violates the following Content Security Policy directive: "connect-src 'none'". The policy is report-only, so the violation has been logged but no further action has been taken.
Connecting to '<URL>' violates the following Content Security Policy directive: "connect-src 'none'". The policy is report-only, so the violation has been logged but no further action has been taken.
Connecting to '<URL>' violates the following Content Security Policy directive: "connect-src 'none'". The policy is report-only, so the violation has been logged but no further action has been taken.
Connecting to '<URL>' violates the following Content Security Policy directive: "connect-src 'none'". The policy is report-only, so the violation has been logged but no further action has been taken.
Connecting to '<URL>' violates the following Content Security Policy directive: "connect-src 'none'". The policy is report-only, so the violation has been logged but no further action has been taken.
Connecting to '<URL>' violates the following Content Security Policy directive: "connect-src 'none'". The policy is report-only, so the violation has been logged but no further action has been taken.
Connecting to '<URL>' violates the following Content Security Policy directive: "connect-src 'none'". The policy is report-only, so the violation has been logged but no further action has been taken.
Connecting to '<URL>' violates the following Content Security Policy directive: "connect-src 'none'". The policy is report-only, so the violation has been logged but no further action has been taken.
Connecting to '<URL>' violates the following Content Security Policy directive: "connect-src 'none'". The policy is report-only, so the violation has been logged but no further action has been taken.
Connecting to '<URL>' violates the following Content Security Policy directive: "connect-src 'none'". The policy is report-only, so the violation has been logged but no further action has been taken.
Connecting to '<URL>' violates the following Content Security Policy directive: "connect-src 'none'". The policy is report-only, so the violation has been logged but no further action has been taken.
Connecting to '<URL>' violates the following Content Security Policy directive: "connect-src 'none'". The policy is report-only, so the violation has been logged but no further action has been taken.
Connecting to '<URL>' violates the following Content Security Policy directive: "connect-src 'none'". The policy is report-only, so the violation has been logged but no further action has been taken.
Connecting to '<URL>' violates the following Content Security Policy directive: "connect-src 'none'". The policy is report-only, so the violation has been logged but no further action has been taken.
Connecting to '<URL>' violates the following Content Security Policy directive: "connect-src 'none'". The policy is report-only, so the violation has been logged but no further action has been taken.
Connecting to '<URL>' violates the following Content Security Policy directive: "connect-src 'none'". The policy is report-only, so the violation has been logged but no further action has been taken.
Connecting to '<URL>' violates the following Content Security Policy directive: "connect-src 'none'". The policy is report-only, so the violation has been logged but no further action has been taken.
Connecting to '<URL>' violates the following Content Security Policy directive: "connect-src 'none'". The policy is report-only, so the violation has been logged but no further action has been taken.
Connecting to '<URL>' violates the following Content Security Policy directive: "connect-src 'none'". The policy is report-only, so the violation has been logged but no further action has been taken.
Connecting to '<URL>' violates the following Content Security Policy directive: "connect-src 'none'". The policy is report-only, so the violation has been logged but no further action has been taken.
Connecting to '<URL>' violates the following Content Security Policy directive: "connect-src 'none'". The policy is report-only, so the violation has been logged but no further action has been taken.
Connecting to '<URL>' violates the following Content Security Policy directive: "connect-src 'none'". The policy is report-only, so the violation has been logged but no further action has been taken.
Connecting to '<URL>' violates the following Content Security Policy directive: "connect-src 'none'". The policy is report-only, so the violation has been logged but no further action has been taken.
Connecting to '<URL>' violates the following Content Security Policy directive: "connect-src 'none'". The policy is report-only, so the violation has been logged but no further action has been taken.
Connecting to '<URL>' violates the following Content Security Policy directive: "connect-src 'none'". The policy is report-only, so the violation has been logged but no further action has been taken.
Connecting to '<URL>' violates the following Content Security Policy directive: "connect-src 'none'". The policy is report-only, so the violation has been logged but no further action has been taken.
Connecting to '<URL>' violates the following Content Security Policy directive: "connect-src 'none'". The policy is report-only, so the violation has been logged but no further action has been taken.
Connecting to '<URL>' violates the following Content Security Policy directive: "connect-src 'none'". The policy is report-only, so the violation has been logged but no further action has been taken.
Connecting to '<URL>' violates the following Content Security Policy directive: "connect-src 'none'". The policy is report-only, so the violation has been logged but no further action has been taken.
Connecting to '<URL>' violates the following Content Security Policy directive: "connect-src 'none'". The policy is report-only, so the violation has been logged but no further action has been taken.
Connecting to '<URL>' violates the following Content Security Policy directive: "connect-src 'none'". The policy is report-only, so the violation has been logged but no further action has been taken.
Connecting to '<URL>' violates the following Content Security Policy directive: "connect-src 'none'". The policy is report-only, so the violation has been logged but no further action has been taken.
Connecting to '<URL>' violates the following Content Security Policy directive: "connect-src 'none'". The policy is report-only, so the violation has been logged but no further action has been taken.
Connecting to '<URL>' violates the following Content Security Policy directive: "connect-src 'none'". The policy is report-only, so the violation has been logged but no further action has been taken.
Connecting to '<URL>' violates the following Content Security Policy directive: "connect-src 'none'". The policy is report-only, so the violation has been logged but no further action has been taken.
Connecting to '<URL>' violates the following Content Security Policy directive: "connect-src 'none'". The policy is report-only, so the violation has been logged but no further action has been taken.
Connecting to '<URL>' violates the following Content Security Policy directive: "connect-src 'none'". The policy is report-only, so the violation has been logged but no further action has been taken.
Connecting to '<URL>' violates the following Content Security Policy directive: "connect-src 'none'". The policy is report-only, so the violation has been logged but no further action has been taken.
Connecting to '<URL>' violates the following Content Security Policy directive: "connect-src 'none'". The policy is report-only, so the violation has been logged but no further action has been taken.
Connecting to '<URL>' violates the following Content Security Policy directive: "connect-src 'none'". The policy is report-only, so the violation has been logged but no further action has been taken.
Connecting to '<URL>' violates the following Content Security Policy directive: "connect-src 'none'". The policy is report-only, so the violation has been logged but no further action has been taken.
Connecting to '<URL>' violates the following Content Security Policy directive: "connect-src 'none'". The policy is report-only, so the violation has been logged but no further action has been taken.
Connecting to '<URL>' violates the following Content Security Policy directive: "connect-src 'none'". The policy is report-only, so the violation has been logged but no further action has been taken.
Connecting to '<URL>' violates the following Content Security Policy directive: "connect-src 'none'". The policy is report-only, so the violation has been logged but no further action has been taken.
Connecting to '<URL>' violates the following Content Security Policy directive: "connect-src 'none'". The policy is report-only, so the violation has been logged but no further action has been taken.
Connecting to '<URL>' violates the following Content Security Policy directive: "connect-src 'none'". The policy is report-only, so the violation has been logged but no further action has been taken.
Connecting to '<URL>' violates the following Content Security Policy directive: "connect-src 'none'". The policy is report-only, so the violation has been logged but no further action has been taken.
Connecting to '<URL>' violates the following Content Security Policy directive: "connect-src 'none'". The policy is report-only, so the violation has been logged but no further action has been taken.
Connecting to '<URL>' violates the following Content Security Policy directive: "connect-src 'none'". The policy is report-only, so the violation has been logged but no further action has been taken.
Connecting to '<URL>' violates the following Content Security Policy directive: "connect-src 'none'". The policy is report-only, so the violation has been logged but no further action has been taken.
Connecting to '<URL>' violates the following Content Security Policy directive: "connect-src 'none'". The policy is report-only, so the violation has been logged but no further action has been taken.
Connecting to '<URL>' violates the following Content Security Policy directive: "connect-src 'none'". The policy is report-only, so the violation has been logged but no further action has been taken.
Connecting to '<URL>' violates the following Content Security Policy directive: "connect-src 'none'". The policy is report-only, so the violation has been logged but no further action has been taken.
Connecting to '<URL>' violates the following Content Security Policy directive: "connect-src 'none'". The policy is report-only, so the violation has been logged but no further action has been taken.
Connecting to '<URL>' violates the following Content Security Policy directive: "connect-src 'none'". The policy is report-only, so the violation has been logged but no further action has been taken.
Connecting to '<URL>' violates the following Content Security Policy directive: "connect-src 'none'". The policy is report-only, so the violation has been logged but no further action has been taken.
Connecting to '<URL>' violates the following Content Security Policy directive: "connect-src 'none'". The policy is report-only, so the violation has been logged but no further action has been taken.
Connecting to '<URL>' violates the following Content Security Policy directive: "connect-src 'none'". The policy is report-only, so the violation has been logged but no further action has been taken.
Connecting to '<URL>' violates the following Content Security Policy directive: "connect-src 'none'". The policy is report-only, so the violation has been logged but no further action has been taken.
Connecting to '<URL>' violates the following Content Security Policy directive: "connect-src 'none'". The policy is report-only, so the violation has been logged but no further action has been taken.
Connecting to '<URL>' violates the following Content Security Policy directive: "connect-src 'none'". The policy is report-only, so the violation has been logged but no further action has been taken.
Connecting to '<URL>' violates the following Content Security Policy directive: "connect-src 'none'". The policy is report-only, so the violation has been logged but no further action has been taken.
Connecting to '<URL>' violates the following Content Security Policy directive: "connect-src 'none'". The policy is report-only, so the violation has been logged but no further action has been taken.
Connecting to '<URL>' violates the following Content Security Policy directive: "connect-src 'none'". The policy is report-only, so the violation has been logged but no further action has been taken.
Connecting to '<URL>' violates the following Content Security Policy directive: "connect-src 'none'". The policy is report-only, so the violation has been logged but no further action has been taken.
Connecting to '<URL>' violates the following Content Security Policy directive: "connect-src 'none'". The policy is report-only, so the violation has been logged but no further action has been taken.
Connecting to '<URL>' violates the following Content Security Policy directive: "connect-src 'none'". The policy is report-only, so the violation has been logged but no further action has been taken.
Connecting to '<URL>' violates the following Content Security Policy directive: "connect-src 'none'". The policy is report-only, so the violation has been logged but no further action has been taken.
Connecting to '<URL>' violates the following Content Security Policy directive: "connect-src 'none'". The policy is report-only, so the violation has been logged but no further action has been taken.
Connecting to '<URL>' violates the following Content Security Policy directive: "connect-src 'none'". The policy is report-only, so the violation has been logged but no further action has been taken.
Connecting to '<URL>' violates the following Content Security Policy directive: "connect-src 'none'". The policy is report-only, so the violation has been logged but no further action has been taken.
Connecting to '<URL>' violates the following Content Security Policy directive: "connect-src 'none'". The policy is report-only, so the violation has been logged but no further action has been taken.
Connecting to '<URL>' violates the following Content Security Policy directive: "connect-src 'none'". The policy is report-only, so the violation has been logged but no further action has been taken.
Connecting to '<URL>' violates the following Content Security Policy directive: "connect-src 'none'". The policy is report-only, so the violation has been logged but no further action has been taken.
Connecting to '<URL>' violates the following Content Security Policy directive: "connect-src 'none'". The policy is report-only, so the violation has been logged but no further action has been taken.
Connecting to '<URL>' violates the following Content Security Policy directive: "connect-src 'none'". The policy is report-only, so the violation has been logged but no further action has been taken.
Connecting to '<URL>' violates the following Content Security Policy directive: "connect-src 'none'". The policy is report-only, so the violation has been logged but no further action has been taken.
Connecting to '<URL>' violates the following Content Security Policy directive: "connect-src 'none'". The policy is report-only, so the violation has been logged but no further action has been taken.
Connecting to '<URL>' violates the following Content Security Policy directive: "connect-src 'none'". The policy is report-only, so the violation has been logged but no further action has been taken.
Connecting to '<URL>' violates the following Content Security Policy directive: "connect-src 'none'". The policy is report-only, so the violation has been logged but no further action has been taken.
Connecting to '<URL>' violates the following Content Security Policy directive: "connect-src 'none'". The policy is report-only, so the violation has been logged but no further action has been taken.
Connecting to '<URL>' violates the following Content Security Policy directive: "connect-src 'none'". The policy is report-only, so the violation has been logged but no further action has been taken.
Connecting to '<URL>' violates the following Content Security Policy directive: "connect-src 'none'". The policy is report-only, so the violation has been logged but no further action has been taken.
Connecting to '<URL>' violates the following Content Security Policy directive: "connect-src 'none'". The policy is report-only, so the violation has been logged but no further action has been taken.
Connecting to '<URL>' violates the following Content Security Policy directive: "connect-src 'none'". The policy is report-only, so the violation has been logged but no further action has been taken.
Connecting to '<URL>' violates the following Content Security Policy directive: "connect-src 'none'". The policy is report-only, so the violation has been logged but no further action has been taken.
Connecting to '<URL>' violates the following Content Security Policy directive: "connect-src 'none'". The policy is report-only, so the violation has been logged but no further action has been taken.
Connecting to '<URL>' violates the following Content Security Policy directive: "connect-src 'none'". The policy is report-only, so the violation has been logged but no further action has been taken.
Connecting to '<URL>' violates the following Content Security Policy directive: "connect-src 'none'". The policy is report-only, so the violation has been logged but no further action has been taken.
Connecting to '<URL>' violates the following Content Security Policy directive: "connect-src 'none'". The policy is report-only, so the violation has been logged but no further action has been taken.
Connecting to '<URL>' violates the following Content Security Policy directive: "connect-src 'none'". The policy is report-only, so the violation has been logged but no further action has been taken.
Connecting to '<URL>' violates the following Content Security Policy directive: "connect-src 'none'". The policy is report-only, so the violation has been logged but no further action has been taken.
Connecting to '<URL>' violates the following Content Security Policy directive: "connect-src 'none'". The policy is report-only, so the violation has been logged but no further action has been taken.
Connecting to '<URL>' violates the following Content Security Policy directive: "connect-src 'none'". The policy is report-only, so the violation has been logged but no further action has been taken.
Connecting to '<URL>' violates the following Content Security Policy directive: "connect-src 'none'". The policy is report-only, so the violation has been logged but no further action has been taken.
Connecting to '<URL>' violates the following Content Security Policy directive: "connect-src 'none'". The policy is report-only, so the violation has been logged but no further action has been taken.
Connecting to '<URL>' violates the following Content Security Policy directive: "connect-src 'none'". The policy is report-only, so the violation has been logged but no further action has been taken.
Connecting to '<URL>' violates the following Content Security Policy directive: "connect-src 'none'". The policy is report-only, so the violation has been logged but no further action has been taken.
Connecting to '<URL>' violates the following Content Security Policy directive: "connect-src 'none'". The policy is report-only, so the violation has been logged but no further action has been taken.
Connecting to '<URL>' violates the following Content Security Policy directive: "connect-src 'none'". The policy is report-only, so the violation has been logged but no further action has been taken.
Connecting to '<URL>' violates the following Content Security Policy directive: "connect-src 'none'". The policy is report-only, so the violation has been logged but no further action has been taken.
Connecting to '<URL>' violates the following Content Security Policy directive: "connect-src 'none'". The policy is report-only, so the violation has been logged but no further action has been taken.
Connecting to '<URL>' violates the following Content Security Policy directive: "connect-src 'none'". The policy is report-only, so the violation has been logged but no further action has been taken.
Connecting to '<URL>' violates the following Content Security Policy directive: "connect-src 'none'". The policy is report-only, so the violation has been logged but no further action has been taken.
Connecting to '<URL>' violates the following Content Security Policy directive: "connect-src 'none'". The policy is report-only, so the violation has been logged but no further action has been taken.
Connecting to '<URL>' violates the following Content Security Policy directive: "connect-src 'none'". The policy is report-only, so the violation has been logged but no further action has been taken.
Connecting to '<URL>' violates the following Content Security Policy directive: "connect-src 'none'". The policy is report-only, so the violation has been logged but no further action has been taken.
Connecting to '<URL>' violates the following Content Security Policy directive: "connect-src 'none'". The policy is report-only, so the violation has been logged but no further action has been taken.
Connecting to '<URL>' violates the following Content Security Policy directive: "connect-src 'none'". The policy is report-only, so the violation has been logged but no further action has been taken.
Connecting to '<URL>' violates the following Content Security Policy directive: "connect-src 'none'". The policy is report-only, so the violation has been logged but no further action has been taken.
Connecting to '<URL>' violates the following Content Security Policy directive: "connect-src 'none'". The policy is report-only, so the violation has been logged but no further action has been taken.
Connecting to '<URL>' violates the following Content Security Policy directive: "connect-src 'none'". The policy is report-only, so the violation has been logged but no further action has been taken.
Connecting to '<URL>' violates the following Content Security Policy directive: "connect-src 'none'". The policy is report-only, so the violation has been logged but no further action has been taken.
Connecting to '<URL>' violates the following Content Security Policy directive: "connect-src 'none'". The policy is report-only, so the violation has been logged but no further action has been taken.
Connecting to '<URL>' violates the following Content Security Policy directive: "connect-src 'none'". The policy is report-only, so the violation has been logged but no further action has been taken.
Connecting to '<URL>' violates the following Content Security Policy directive: "connect-src 'none'". The policy is report-only, so the violation has been logged but no further action has been taken.
Connecting to '<URL>' violates the following Content Security Policy directive: "connect-src 'none'". The policy is report-only, so the violation has been logged but no further action has been taken.
Connecting to '<URL>' violates the following Content Security Policy directive: "connect-src 'none'". The policy is report-only, so the violation has been logged but no further action has been taken.
Connecting to '<URL>' violates the following Content Security Policy directive: "connect-src 'none'". The policy is report-only, so the violation has been logged but no further action has been taken.
Connecting to '<URL>' violates the following Content Security Policy directive: "connect-src 'none'". The policy is report-only, so the violation has been logged but no further action has been taken.
Connecting to '<URL>' violates the following Content Security Policy directive: "connect-src 'none'". The policy is report-only, so the violation has been logged but no further action has been taken.
Connecting to '<URL>' violates the following Content Security Policy directive: "connect-src 'none'". The policy is report-only, so the violation has been logged but no further action has been taken.
Connecting to '<URL>' violates the following Content Security Policy directive: "connect-src 'none'". The policy is report-only, so the violation has been logged but no further action has been taken.
Connecting to '<URL>' violates the following Content Security Policy directive: "connect-src 'none'". The policy is report-only, so the violation has been logged but no further action has been taken.
Connecting to '<URL>' violates the following Content Security Policy directive: "connect-src 'none'". The policy is report-only, so the violation has been logged but no further action has been taken.
Connecting to '<URL>' violates the following Content Security Policy directive: "connect-src 'none'". The policy is report-only, so the violation has been logged but no further action has been taken.
Connecting to '<URL>' violates the following Content Security Policy directive: "connect-src 'none'". The policy is report-only, so the violation has been logged but no further action has been taken.
Connecting to '<URL>' violates the following Content Security Policy directive: "connect-src 'none'". The policy is report-only, so the violation has been logged but no further action has been taken.
Connecting to '<URL>' violates the following Content Security Policy directive: "connect-src 'none'". The policy is report-only, so the violation has been logged but no further action has been taken.
Connecting to '<URL>' violates the following Content Security Policy directive: "connect-src 'none'". The policy is report-only, so the violation has been logged but no further action has been taken.
Connecting to '<URL>' violates the following Content Security Policy directive: "connect-src 'none'". The policy is report-only, so the violation has been logged but no further action has been taken.
Connecting to '<URL>' violates the following Content Security Policy directive: "connect-src 'none'". The policy is report-only, so the violation has been logged but no further action has been taken.
Connecting to '<URL>' violates the following Content Security Policy directive: "connect-src 'none'". The policy is report-only, so the violation has been logged but no further action has been taken.
Connecting to '<URL>' violates the following Content Security Policy directive: "connect-src 'none'". The policy is report-only, so the violation has been logged but no further action has been taken.
Connecting to '<URL>' violates the following Content Security Policy directive: "connect-src 'none'". The policy is report-only, so the violation has been logged but no further action has been taken.
Connecting to '<URL>' violates the following Content Security Policy directive: "connect-src 'none'". The policy is report-only, so the violation has been logged but no further action has been taken.
Connecting to '<URL>' violates the following Content Security Policy directive: "connect-src 'none'". The policy is report-only, so the violation has been logged but no further action has been taken.
Connecting to '<URL>' violates the following Content Security Policy directive: "connect-src 'none'". The policy is report-only, so the violation has been logged but no further action has been taken.
Connecting to '<URL>' violates the following Content Security Policy directive: "connect-src 'none'". The policy is report-only, so the violation has been logged but no further action has been taken.
Connecting to '<URL>' violates the following Content Security Policy directive: "connect-src 'none'". The policy is report-only, so the violation has been logged but no further action has been taken.
Connecting to '<URL>' violates the following Content Security Policy directive: "connect-src 'none'". The policy is report-only, so the violation has been logged but no further action has been taken.
Connecting to '<URL>' violates the following Content Security Policy directive: "connect-src 'none'". The policy is report-only, so the violation has been logged but no further action has been taken.
Connecting to '<URL>' violates the following Content Security Policy directive: "connect-src 'none'". The policy is report-only, so the violation has been logged but no further action has been taken.
Connecting to '<URL>' violates the following Content Security Policy directive: "connect-src 'none'". The policy is report-only, so the violation has been logged but no further action has been taken.
Connecting to '<URL>' violates the following Content Security Policy directive: "connect-src 'none'". The policy is report-only, so the violation has been logged but no further action has been taken.
Connecting to '<URL>' violates the following Content Security Policy directive: "connect-src 'none'". The policy is report-only, so the violation has been logged but no further action has been taken.
Connecting to '<URL>' violates the following Content Security Policy directive: "connect-src 'none'". The policy is report-only, so the violation has been logged but no further action has been taken.
Connecting to '<URL>' violates the following Content Security Policy directive: "connect-src 'none'". The policy is report-only, so the violation has been logged but no further action has been taken.
Connecting to '<URL>' violates the following Content Security Policy directive: "connect-src 'none'". The policy is report-only, so the violation has been logged but no further action has been taken.
Connecting to '<URL>' violates the following Content Security Policy directive: "connect-src 'none'". The policy is report-only, so the violation has been logged but no further action has been taken.
Connecting to '<URL>' violates the following Content Security Policy directive: "connect-src 'none'". The policy is report-only, so the violation has been logged but no further action has been taken.
Connecting to '<URL>' violates the following Content Security Policy directive: "connect-src 'none'". The policy is report-only, so the violation has been logged but no further action has been taken.
Connecting to '<URL>' violates the following Content Security Policy directive: "connect-src 'none'". The policy is report-only, so the violation has been logged but no further action has been taken.
Connecting to '<URL>' violates the following Content Security Policy directive: "connect-src 'none'". The policy is report-only, so the violation has been logged but no further action has been taken.
Connecting to '<URL>' violates the following Content Security Policy directive: "connect-src 'none'". The policy is report-only, so the violation has been logged but no further action has been taken.
Connecting to '<URL>' violates the following Content Security Policy directive: "connect-src 'none'". The policy is report-only, so the violation has been logged but no further action has been taken.
Connecting to '<URL>' violates the following Content Security Policy directive: "connect-src 'none'". The policy is report-only, so the violation has been logged but no further action has been taken.
Connecting to '<URL>' violates the following Content Security Policy directive: "connect-src 'none'". The policy is report-only, so the violation has been logged but no further action has been taken.
Connecting to '<URL>' violates the following Content Security Policy directive: "connect-src 'none'". The policy is report-only, so the violation has been logged but no further action has been taken.
Connecting to '<URL>' violates the following Content Security Policy directive: "connect-src 'none'". The policy is report-only, so the violation has been logged but no further action has been taken.
Connecting to '<URL>' violates the following Content Security Policy directive: "connect-src 'none'". The policy is report-only, so the violation has been logged but no further action has been taken.
Connecting to '<URL>' violates the following Content Security Policy directive: "connect-src 'none'". The policy is report-only, so the violation has been logged but no further action has been taken.
Connecting to '<URL>' violates the following Content Security Policy directive: "connect-src 'none'". The policy is report-only, so the violation has been logged but no further action has been taken.
Connecting to '<URL>' violates the following Content Security Policy directive: "connect-src 'none'". The policy is report-only, so the violation has been logged but no further action has been taken.
Connecting to '<URL>' violates the following Content Security Policy directive: "connect-src 'none'". The policy is report-only, so the violation has been logged but no further action has been taken.
Connecting to '<URL>' violates the following Content Security Policy directive: "connect-src 'none'". The policy is report-only, so the violation has been logged but no further action has been taken.
Connecting to '<URL>' violates the following Content Security Policy directive: "connect-src 'none'". The policy is report-only, so the violation has been logged but no further action has been taken.
Connecting to '<URL>' violates the following Content Security Policy directive: "connect-src 'none'". The policy is report-only, so the violation has been logged but no further action has been taken.
Connecting to '<URL>' violates the following Content Security Policy directive: "connect-src 'none'". The policy is report-only, so the violation has been logged but no further action has been taken.
Connecting to '<URL>' violates the following Content Security Policy directive: "connect-src 'none'". The policy is report-only, so the violation has been logged but no further action has been taken.
Connecting to '<URL>' violates the following Content Security Policy directive: "connect-src 'none'". The policy is report-only, so the violation has been logged but no further action has been taken.
Connecting to '<URL>' violates the following Content Security Policy directive: "connect-src 'none'". The policy is report-only, so the violation has been logged but no further action has been taken.
Connecting to '<URL>' violates the following Content Security Policy directive: "connect-src 'none'". The policy is report-only, so the violation has been logged but no further action has been taken.
Connecting to '<URL>' violates the following Content Security Policy directive: "connect-src 'none'". The policy is report-only, so the violation has been logged but no further action has been taken.
Connecting to '<URL>' violates the following Content Security Policy directive: "connect-src 'none'". The policy is report-only, so the violation has been logged but no further action has been taken.
Connecting to '<URL>' violates the following Content Security Policy directive: "connect-src 'none'". The policy is report-only, so the violation has been logged but no further action has been taken.
Connecting to '<URL>' violates the following Content Security Policy directive: "connect-src 'none'". The policy is report-only, so the violation has been logged but no further action has been taken.
Connecting to '<URL>' violates the following Content Security Policy directive: "connect-src 'none'". The policy is report-only, so the violation has been logged but no further action has been taken.
Connecting to '<URL>' violates the following Content Security Policy directive: "connect-src 'none'". The policy is report-only, so the violation has been logged but no further action has been taken.
Connecting to '<URL>' violates the following Content Security Policy directive: "connect-src 'none'". The policy is report-only, so the violation has been logged but no further action has been taken.
Connecting to '<URL>' violates the following Content Security Policy directive: "connect-src 'none'". The policy is report-only, so the violation has been logged but no further action has been taken.
Connecting to '<URL>' violates the following Content Security Policy directive: "connect-src 'none'". The policy is report-only, so the violation has been logged but no further action has been taken.
Connecting to '<URL>' violates the following Content Security Policy directive: "connect-src 'none'". The policy is report-only, so the violation has been logged but no further action has been taken.
Connecting to '<URL>' violates the following Content Security Policy directive: "connect-src 'none'". The policy is report-only, so the violation has been logged but no further action has been taken.
Connecting to '<URL>' violates the following Content Security Policy directive: "connect-src 'none'". The policy is report-only, so the violation has been logged but no further action has been taken.
Connecting to '<URL>' violates the following Content Security Policy directive: "connect-src 'none'". The policy is report-only, so the violation has been logged but no further action has been taken.
Connecting to '<URL>' violates the following Content Security Policy directive: "connect-src 'none'". The policy is report-only, so the violation has been logged but no further action has been taken.
Connecting to '<URL>' violates the following Content Security Policy directive: "connect-src 'none'". The policy is report-only, so the violation has been logged but no further action has been taken.
Connecting to '<URL>' violates the following Content Security Policy directive: "connect-src 'none'". The policy is report-only, so the violation has been logged but no further action has been taken.
Connecting to '<URL>' violates the following Content Security Policy directive: "connect-src 'none'". The policy is report-only, so the violation has been logged but no further action has been taken.
Connecting to '<URL>' violates the following Content Security Policy directive: "connect-src 'none'". The policy is report-only, so the violation has been logged but no further action has been taken.
Connecting to '<URL>' violates the following Content Security Policy directive: "connect-src 'none'". The policy is report-only, so the violation has been logged but no further action has been taken.
Connecting to '<URL>' violates the following Content Security Policy directive: "connect-src 'none'". The policy is report-only, so the violation has been logged but no further action has been taken.
Connecting to '<URL>' violates the following Content Security Policy directive: "connect-src 'none'". The policy is report-only, so the violation has been logged but no further action has been taken.
Connecting to '<URL>' violates the following Content Security Policy directive: "connect-src 'none'". The policy is report-only, so the violation has been logged but no further action has been taken.
Connecting to '<URL>' violates the following Content Security Policy directive: "connect-src 'none'". The policy is report-only, so the violation has been logged but no further action has been taken.
Connecting to '<URL>' violates the following Content Security Policy directive: "connect-src 'none'". The policy is report-only, so the violation has been logged but no further action has been taken.
Connecting to '<URL>' violates the following Content Security Policy directive: "connect-src 'none'". The policy is report-only, so the violation has been logged but no further action has been taken.
Connecting to '<URL>' violates the following Content Security Policy directive: "connect-src 'none'". The policy is report-only, so the violation has been logged but no further action has been taken.
Connecting to '<URL>' violates the following Content Security Policy directive: "connect-src 'none'". The policy is report-only, so the violation has been logged but no further action has been taken.
Connecting to '<URL>' violates the following Content Security Policy directive: "connect-src 'none'". The policy is report-only, so the violation has been logged but no further action has been taken.
Connecting to '<URL>' violates the following Content Security Policy directive: "connect-src 'none'". The policy is report-only, so the violation has been logged but no further action has been taken.
Connecting to '<URL>' violates the following Content Security Policy directive: "connect-src 'none'". The policy is report-only, so the violation has been logged but no further action has been taken.
Connecting to '<URL>' violates the following Content Security Policy directive: "connect-src 'none'". The policy is report-only, so the violation has been logged but no further action has been taken.
Connecting to '<URL>' violates the following Content Security Policy directive: "connect-src 'none'". The policy is report-only, so the violation has been logged but no further action has been taken.
Connecting to '<URL>' violates the following Content Security Policy directive: "connect-src 'none'". The policy is report-only, so the violation has been logged but no further action has been taken.
Connecting to '<URL>' violates the following Content Security Policy directive: "connect-src 'none'". The policy is report-only, so the violation has been logged but no further action has been taken.
Connecting to '<URL>' violates the following Content Security Policy directive: "connect-src 'none'". The policy is report-only, so the violation has been logged but no further action has been taken.
Connecting to '<URL>' violates the following Content Security Policy directive: "connect-src 'none'". The policy is report-only, so the violation has been logged but no further action has been taken.
Connecting to '<URL>' violates the following Content Security Policy directive: "connect-src 'none'". The policy is report-only, so the violation has been logged but no further action has been taken.
Connecting to '<URL>' violates the following Content Security Policy directive: "connect-src 'none'". The policy is report-only, so the violation has been logged but no further action has been taken.
Connecting to '<URL>' violates the following Content Security Policy directive: "connect-src 'none'". The policy is report-only, so the violation has been logged but no further action has been taken.
Connecting to '<URL>' violates the following Content Security Policy directive: "connect-src 'none'". The policy is report-only, so the violation has been logged but no further action has been taken.
Connecting to '<URL>' violates the following Content Security Policy directive: "connect-src 'none'". The policy is report-only, so the violation has been logged but no further action has been taken.
Connecting to '<URL>' violates the following Content Security Policy directive: "connect-src 'none'". The policy is report-only, so the violation has been logged but no further action has been taken.
Connecting to '<URL>' violates the following Content Security Policy directive: "connect-src 'none'". The policy is report-only, so the violation has been logged but no further action has been taken.
Connecting to '<URL>' violates the following Content Security Policy directive: "connect-src 'none'". The policy is report-only, so the violation has been logged but no further action has been taken.
Connecting to '<URL>' violates the following Content Security Policy directive: "connect-src 'none'". The policy is report-only, so the violation has been logged but no further action has been taken.
Connecting to '<URL>' violates the following Content Security Policy directive: "connect-src 'none'". The policy is report-only, so the violation has been logged but no further action has been taken.
Connecting to '<URL>' violates the following Content Security Policy directive: "connect-src 'none'". The policy is report-only, so the violation has been logged but no further action has been taken.
Connecting to '<URL>' violates the following Content Security Policy directive: "connect-src 'none'". The policy is report-only, so the violation has been logged but no further action has been taken.
Connecting to '<URL>' violates the following Content Security Policy directive: "connect-src 'none'". The policy is report-only, so the violation has been logged but no further action has been taken.
Connecting to '<URL>' violates the following Content Security Policy directive: "connect-src 'none'". The policy is report-only, so the violation has been logged but no further action has been taken.
Connecting to '<URL>' violates the following Content Security Policy directive: "connect-src 'none'". The policy is report-only, so the violation has been logged but no further action has been taken.
Connecting to '<URL>' violates the following Content Security Policy directive: "connect-src 'none'". The policy is report-only, so the violation has been logged but no further action has been taken.
Connecting to '<URL>' violates the following Content Security Policy directive: "connect-src 'none'". The policy is report-only, so the violation has been logged but no further action has been taken.
Connecting to '<URL>' violates the following Content Security Policy directive: "connect-src 'none'". The policy is report-only, so the violation has been logged but no further action has been taken.
Connecting to '<URL>' violates the following Content Security Policy directive: "connect-src 'none'". The policy is report-only, so the violation has been logged but no further action has been taken.
Connecting to '<URL>' violates the following Content Security Policy directive: "connect-src 'none'". The policy is report-only, so the violation has been logged but no further action has been taken.
Connecting to '<URL>' violates the following Content Security Policy directive: "connect-src 'none'". The policy is report-only, so the violation has been logged but no further action has been taken.
Connecting to '<URL>' violates the following Content Security Policy directive: "connect-src 'none'". The policy is report-only, so the violation has been logged but no further action has been taken.
Connecting to '<URL>' violates the following Content Security Policy directive: "connect-src 'none'". The policy is report-only, so the violation has been logged but no further action has been taken.
Connecting to '<URL>' violates the following Content Security Policy directive: "connect-src 'none'". The policy is report-only, so the violation has been logged but no further action has been taken.
Connecting to '<URL>' violates the following Content Security Policy directive: "connect-src 'none'". The policy is report-only, so the violation has been logged but no further action has been taken.
Connecting to '<URL>' violates the following Content Security Policy directive: "connect-src 'none'". The policy is report-only, so the violation has been logged but no further action has been taken.
Connecting to '<URL>' violates the following Content Security Policy directive: "connect-src 'none'". The policy is report-only, so the violation has been logged but no further action has been taken.
Connecting to '<URL>' violates the following Content Security Policy directive: "connect-src 'none'". The policy is report-only, so the violation has been logged but no further action has been taken.
Connecting to '<URL>' violates the following Content Security Policy directive: "connect-src 'none'". The policy is report-only, so the violation has been logged but no further action has been taken.
Connecting to '<URL>' violates the following Content Security Policy directive: "connect-src 'none'". The policy is report-only, so the violation has been logged but no further action has been taken.
Connecting to '<URL>' violates the following Content Security Policy directive: "connect-src 'none'". The policy is report-only, so the violation has been logged but no further action has been taken.
Connecting to '<URL>' violates the following Content Security Policy directive: "connect-src 'none'". The policy is report-only, so the violation has been logged but no further action has been taken.
Connecting to '<URL>' violates the following Content Security Policy directive: "connect-src 'none'". The policy is report-only, so the violation has been logged but no further action has been taken.
Connecting to '<URL>' violates the following Content Security Policy directive: "connect-src 'none'". The policy is report-only, so the violation has been logged but no further action has been taken.
Connecting to '<URL>' violates the following Content Security Policy directive: "connect-src 'none'". The policy is report-only, so the violation has been logged but no further action has been taken.
Connecting to '<URL>' violates the following Content Security Policy directive: "connect-src 'none'". The policy is report-only, so the violation has been logged but no further action has been taken.
Connecting to '<URL>' violates the following Content Security Policy directive: "connect-src 'none'". The policy is report-only, so the violation has been logged but no further action has been taken.
Connecting to '<URL>' violates the following Content Security Policy directive: "connect-src 'none'". The policy is report-only, so the violation has been logged but no further action has been taken.
Connecting to '<URL>' violates the following Content Security Policy directive: "connect-src 'none'". The policy is report-only, so the violation has been logged but no further action has been taken.
Connecting to '<URL>' violates the following Content Security Policy directive: "connect-src 'none'". The policy is report-only, so the violation has been logged but no further action has been taken.
Connecting to '<URL>' violates the following Content Security Policy directive: "connect-src 'none'". The policy is report-only, so the violation has been logged but no further action has been taken.
Connecting to '<URL>' violates the following Content Security Policy directive: "connect-src 'none'". The policy is report-only, so the violation has been logged but no further action has been taken.
Connecting to '<URL>' violates the following Content Security Policy directive: "connect-src 'none'". The policy is report-only, so the violation has been logged but no further action has been taken.
Connecting to '<URL>' violates the following Content Security Policy directive: "connect-src 'none'". The policy is report-only, so the violation has been logged but no further action has been taken.
Connecting to '<URL>' violates the following Content Security Policy directive: "connect-src 'none'". The policy is report-only, so the violation has been logged but no further action has been taken.
Connecting to '<URL>' violates the following Content Security Policy directive: "connect-src 'none'". The policy is report-only, so the violation has been logged but no further action has been taken.
Connecting to '<URL>' violates the following Content Security Policy directive: "connect-src 'none'". The policy is report-only, so the violation has been logged but no further action has been taken.
Connecting to '<URL>' violates the following Content Security Policy directive: "connect-src 'none'". The policy is report-only, so the violation has been logged but no further action has been taken.
Connecting to '<URL>' violates the following Content Security Policy directive: "connect-src 'none'". The policy is report-only, so the violation has been logged but no further action has been taken.
Connecting to '<URL>' violates the following Content Security Policy directive: "connect-src 'none'". The policy is report-only, so the violation has been logged but no further action has been taken.
Connecting to '<URL>' violates the following Content Security Policy directive: "connect-src 'none'". The policy is report-only, so the violation has been logged but no further action has been taken.
Connecting to '<URL>' violates the following Content Security Policy directive: "connect-src 'none'". The policy is report-only, so the violation has been logged but no further action has been taken.
Connecting to '<URL>' violates the following Content Security Policy directive: "connect-src 'none'". The policy is report-only, so the violation has been logged but no further action has been taken.
Connecting to '<URL>' violates the following Content Security Policy directive: "connect-src 'none'". The policy is report-only, so the violation has been logged but no further action has been taken.
Connecting to '<URL>' violates the following Content Security Policy directive: "connect-src 'none'". The policy is report-only, so the violation has been logged but no further action has been taken.
Connecting to '<URL>' violates the following Content Security Policy directive: "connect-src 'none'". The policy is report-only, so the violation has been logged but no further action has been taken.
Connecting to '<URL>' violates the following Content Security Policy directive: "connect-src 'none'". The policy is report-only, so the violation has been logged but no further action has been taken.
Connecting to '<URL>' violates the following Content Security Policy directive: "connect-src 'none'". The policy is report-only, so the violation has been logged but no further action has been taken.
Connecting to '<URL>' violates the following Content Security Policy directive: "connect-src 'none'". The policy is report-only, so the violation has been logged but no further action has been taken.
Connecting to '<URL>' violates the following Content Security Policy directive: "connect-src 'none'". The policy is report-only, so the violation has been logged but no further action has been taken.
Connecting to '<URL>' violates the following Content Security Policy directive: "connect-src 'none'". The policy is report-only, so the violation has been logged but no further action has been taken.
Connecting to '<URL>' violates the following Content Security Policy directive: "connect-src 'none'". The policy is report-only, so the violation has been logged but no further action has been taken.
Connecting to '<URL>' violates the following Content Security Policy directive: "connect-src 'none'". The policy is report-only, so the violation has been logged but no further action has been taken.
Connecting to '<URL>' violates the following Content Security Policy directive: "connect-src 'none'". The policy is report-only, so the violation has been logged but no further action has been taken.
Connecting to '<URL>' violates the following Content Security Policy directive: "connect-src 'none'". The policy is report-only, so the violation has been logged but no further action has been taken.
Connecting to '<URL>' violates the following Content Security Policy directive: "connect-src 'none'". The policy is report-only, so the violation has been logged but no further action has been taken.
Connecting to '<URL>' violates the following Content Security Policy directive: "connect-src 'none'". The policy is report-only, so the violation has been logged but no further action has been taken.
Connecting to '<URL>' violates the following Content Security Policy directive: "connect-src 'none'". The policy is report-only, so the violation has been logged but no further action has been taken.
Connecting to '<URL>' violates the following Content Security Policy directive: "connect-src 'none'". The policy is report-only, so the violation has been logged but no further action has been taken.
Connecting to '<URL>' violates the following Content Security Policy directive: "connect-src 'none'". The policy is report-only, so the violation has been logged but no further action has been taken.
Connecting to '<URL>' violates the following Content Security Policy directive: "connect-src 'none'". The policy is report-only, so the violation has been logged but no further action has been taken.
Connecting to '<URL>' violates the following Content Security Policy directive: "connect-src 'none'". The policy is report-only, so the violation has been logged but no further action has been taken.
Connecting to '<URL>' violates the following Content Security Policy directive: "connect-src 'none'". The policy is report-only, so the violation has been logged but no further action has been taken.
Connecting to '<URL>' violates the following Content Security Policy directive: "connect-src 'none'". The policy is report-only, so the violation has been logged but no further action has been taken.
Connecting to '<URL>' violates the following Content Security Policy directive: "connect-src 'none'". The policy is report-only, so the violation has been logged but no further action has been taken.
Connecting to '<URL>' violates the following Content Security Policy directive: "connect-src 'none'". The policy is report-only, so the violation has been logged but no further action has been taken.
Connecting to '<URL>' violates the following Content Security Policy directive: "connect-src 'none'". The policy is report-only, so the violation has been logged but no further action has been taken.
Connecting to '<URL>' violates the following Content Security Policy directive: "connect-src 'none'". The policy is report-only, so the violation has been logged but no further action has been taken.
Connecting to '<URL>' violates the following Content Security Policy directive: "connect-src 'none'". The policy is report-only, so the violation has been logged but no further action has been taken.
Connecting to '<URL>' violates the following Content Security Policy directive: "connect-src 'none'". The policy is report-only, so the violation has been logged but no further action has been taken.
Connecting to '<URL>' violates the following Content Security Policy directive: "connect-src 'none'". The policy is report-only, so the violation has been logged but no further action has been taken.
Connecting to '<URL>' violates the following Content Security Policy directive: "connect-src 'none'". The policy is report-only, so the violation has been logged but no further action has been taken.
Connecting to '<URL>' violates the following Content Security Policy directive: "connect-src 'none'". The policy is report-only, so the violation has been logged but no further action has been taken.
Connecting to '<URL>' violates the following Content Security Policy directive: "connect-src 'none'". The policy is report-only, so the violation has been logged but no further action has been taken.
Connecting to '<URL>' violates the following Content Security Policy directive: "connect-src 'none'". The policy is report-only, so the violation has been logged but no further action has been taken.
Connecting to '<URL>' violates the following Content Security Policy directive: "connect-src 'none'". The policy is report-only, so the violation has been logged but no further action has been taken.
Connecting to '<URL>' violates the following Content Security Policy directive: "connect-src 'none'". The policy is report-only, so the violation has been logged but no further action has been taken.
Connecting to '<URL>' violates the following Content Security Policy directive: "connect-src 'none'". The policy is report-only, so the violation has been logged but no further action has been taken.
Connecting to '<URL>' violates the following Content Security Policy directive: "connect-src 'none'". The policy is report-only, so the violation has been logged but no further action has been taken.
Connecting to '<URL>' violates the following Content Security Policy directive: "connect-src 'none'". The policy is report-only, so the violation has been logged but no further action has been taken.
Connecting to '<URL>' violates the following Content Security Policy directive: "connect-src 'none'". The policy is report-only, so the violation has been logged but no further action has been taken.
Connecting to '<URL>' violates the following Content Security Policy directive: "connect-src 'none'". The policy is report-only, so the violation has been logged but no further action has been taken.
Connecting to '<URL>' violates the following Content Security Policy directive: "connect-src 'none'". The policy is report-only, so the violation has been logged but no further action has been taken.
Connecting to '<URL>' violates the following Content Security Policy directive: "connect-src 'none'". The policy is report-only, so the violation has been logged but no further action has been taken.
Connecting to '<URL>' violates the following Content Security Policy directive: "connect-src 'none'". The policy is report-only, so the violation has been logged but no further action has been taken.
Connecting to '<URL>' violates the following Content Security Policy directive: "connect-src 'none'". The policy is report-only, so the violation has been logged but no further action has been taken.
Connecting to '<URL>' violates the following Content Security Policy directive: "connect-src 'none'". The policy is report-only, so the violation has been logged but no further action has been taken.
Connecting to '<URL>' violates the following Content Security Policy directive: "connect-src 'none'". The policy is report-only, so the violation has been logged but no further action has been taken.
Connecting to '<URL>' violates the following Content Security Policy directive: "connect-src 'none'". The policy is report-only, so the violation has been logged but no further action has been taken.
Connecting to '<URL>' violates the following Content Security Policy directive: "connect-src 'none'". The policy is report-only, so the violation has been logged but no further action has been taken.
Connecting to '<URL>' violates the following Content Security Policy directive: "connect-src 'none'". The policy is report-only, so the violation has been logged but no further action has been taken.
Connecting to '<URL>' violates the following Content Security Policy directive: "connect-src 'none'". The policy is report-only, so the violation has been logged but no further action has been taken.
Connecting to '<URL>' violates the following Content Security Policy directive: "connect-src 'none'". The policy is report-only, so the violation has been logged but no further action has been taken.
Connecting to '<URL>' violates the following Content Security Policy directive: "connect-src 'none'". The policy is report-only, so the violation has been logged but no further action has been taken.
Connecting to '<URL>' violates the following Content Security Policy directive: "connect-src 'none'". The policy is report-only, so the violation has been logged but no further action has been taken.
Connecting to '<URL>' violates the following Content Security Policy directive: "connect-src 'none'". The policy is report-only, so the violation has been logged but no further action has been taken.
Connecting to '<URL>' violates the following Content Security Policy directive: "connect-src 'none'". The policy is report-only, so the violation has been logged but no further action has been taken.
Connecting to '<URL>' violates the following Content Security Policy directive: "connect-src 'none'". The policy is report-only, so the violation has been logged but no further action has been taken.
Connecting to '<URL>' violates the following Content Security Policy directive: "connect-src 'none'". The policy is report-only, so the violation has been logged but no further action has been taken.
Connecting to '<URL>' violates the following Content Security Policy directive: "connect-src 'none'". The policy is report-only, so the violation has been logged but no further action has been taken.
Connecting to '<URL>' violates the following Content Security Policy directive: "connect-src 'none'". The policy is report-only, so the violation has been logged but no further action has been taken.
Connecting to '<URL>' violates the following Content Security Policy directive: "connect-src 'none'". The policy is report-only, so the violation has been logged but no further action has been taken.
Connecting to '<URL>' violates the following Content Security Policy directive: "connect-src 'none'". The policy is report-only, so the violation has been logged but no further action has been taken.
Connecting to '<URL>' violates the following Content Security Policy directive: "connect-src 'none'". The policy is report-only, so the violation has been logged but no further action has been taken.
Connecting to '<URL>' violates the following Content Security Policy directive: "connect-src 'none'". The policy is report-only, so the violation has been logged but no further action has been taken.
Connecting to '<URL>' violates the following Content Security Policy directive: "connect-src 'none'". The policy is report-only, so the violation has been logged but no further action has been taken.
Connecting to '<URL>' violates the following Content Security Policy directive: "connect-src 'none'". The policy is report-only, so the violation has been logged but no further action has been taken.
Connecting to '<URL>' violates the following Content Security Policy directive: "connect-src 'none'". The policy is report-only, so the violation has been logged but no further action has been taken.
Connecting to '<URL>' violates the following Content Security Policy directive: "connect-src 'none'". The policy is report-only, so the violation has been logged but no further action has been taken.
Connecting to '<URL>' violates the following Content Security Policy directive: "connect-src 'none'". The policy is report-only, so the violation has been logged but no further action has been taken.
Connecting to '<URL>' violates the following Content Security Policy directive: "connect-src 'none'". The policy is report-only, so the violation has been logged but no further action has been taken.
Connecting to '<URL>' violates the following Content Security Policy directive: "connect-src 'none'". The policy is report-only, so the violation has been logged but no further action has been taken.
Connecting to '<URL>' violates the following Content Security Policy directive: "connect-src 'none'". The policy is report-only, so the violation has been logged but no further action has been taken.
Connecting to '<URL>' violates the following Content Security Policy directive: "connect-src 'none'". The policy is report-only, so the violation has been logged but no further action has been taken.
Connecting to '<URL>' violates the following Content Security Policy directive: "connect-src 'none'". The policy is report-only, so the violation has been logged but no further action has been taken.
Connecting to '<URL>' violates the following Content Security Policy directive: "connect-src 'none'". The policy is report-only, so the violation has been logged but no further action has been taken.
Connecting to '<URL>' violates the following Content Security Policy directive: "connect-src 'none'". The policy is report-only, so the violation has been logged but no further action has been taken.
Connecting to '<URL>' violates the following Content Security Policy directive: "connect-src 'none'". The policy is report-only, so the violation has been logged but no further action has been taken.
Connecting to '<URL>' violates the following Content Security Policy directive: "connect-src 'none'". The policy is report-only, so the violation has been logged but no further action has been taken.
Connecting to '<URL>' violates the following Content Security Policy directive: "connect-src 'none'". The policy is report-only, so the violation has been logged but no further action has been taken.
Connecting to '<URL>' violates the following Content Security Policy directive: "connect-src 'none'". The policy is report-only, so the violation has been logged but no further action has been taken.
Connecting to '<URL>' violates the following Content Security Policy directive: "connect-src 'none'". The policy is report-only, so the violation has been logged but no further action has been taken.
Connecting to '<URL>' violates the following Content Security Policy directive: "connect-src 'none'". The policy is report-only, so the violation has been logged but no further action has been taken.
Connecting to '<URL>' violates the following Content Security Policy directive: "connect-src 'none'". The policy is report-only, so the violation has been logged but no further action has been taken.
Connecting to '<URL>' violates the following Content Security Policy directive: "connect-src 'none'". The policy is report-only, so the violation has been logged but no further action has been taken.
Connecting to '<URL>' violates the following Content Security Policy directive: "connect-src 'none'". The policy is report-only, so the violation has been logged but no further action has been taken.
Connecting to '<URL>' violates the following Content Security Policy directive: "connect-src 'none'". The policy is report-only, so the violation has been logged but no further action has been taken.
Connecting to '<URL>' violates the following Content Security Policy directive: "connect-src 'none'". The policy is report-only, so the violation has been logged but no further action has been taken.
Connecting to '<URL>' violates the following Content Security Policy directive: "connect-src 'none'". The policy is report-only, so the violation has been logged but no further action has been taken.
Connecting to '<URL>' violates the following Content Security Policy directive: "connect-src 'none'". The policy is report-only, so the violation has been logged but no further action has been taken.
Connecting to '<URL>' violates the following Content Security Policy directive: "connect-src 'none'". The policy is report-only, so the violation has been logged but no further action has been taken.
Connecting to '<URL>' violates the following Content Security Policy directive: "connect-src 'none'". The policy is report-only, so the violation has been logged but no further action has been taken.
Connecting to '<URL>' violates the following Content Security Policy directive: "connect-src 'none'". The policy is report-only, so the violation has been logged but no further action has been taken.
Connecting to '<URL>' violates the following Content Security Policy directive: "connect-src 'none'". The policy is report-only, so the violation has been logged but no further action has been taken.
Connecting to '<URL>' violates the following Content Security Policy directive: "connect-src 'none'". The policy is report-only, so the violation has been logged but no further action has been taken.
Connecting to '<URL>' violates the following Content Security Policy directive: "connect-src 'none'". The policy is report-only, so the violation has been logged but no further action has been taken.
Connecting to '<URL>' violates the following Content Security Policy directive: "connect-src 'none'". The policy is report-only, so the violation has been logged but no further action has been taken.
Connecting to '<URL>' violates the following Content Security Policy directive: "connect-src 'none'". The policy is report-only, so the violation has been logged but no further action has been taken.
Connecting to '<URL>' violates the following Content Security Policy directive: "connect-src 'none'". The policy is report-only, so the violation has been logged but no further action has been taken.
Connecting to '<URL>' violates the following Content Security Policy directive: "connect-src 'none'". The policy is report-only, so the violation has been logged but no further action has been taken.
Connecting to '<URL>' violates the following Content Security Policy directive: "connect-src 'none'". The policy is report-only, so the violation has been logged but no further action has been taken.
Connecting to '<URL>' violates the following Content Security Policy directive: "connect-src 'none'". The policy is report-only, so the violation has been logged but no further action has been taken.
Connecting to '<URL>' violates the following Content Security Policy directive: "connect-src 'none'". The policy is report-only, so the violation has been logged but no further action has been taken.
Connecting to '<URL>' violates the following Content Security Policy directive: "connect-src 'none'". The policy is report-only, so the violation has been logged but no further action has been taken.
Connecting to '<URL>' violates the following Content Security Policy directive: "connect-src 'none'". The policy is report-only, so the violation has been logged but no further action has been taken.
Connecting to '<URL>' violates the following Content Security Policy directive: "connect-src 'none'". The policy is report-only, so the violation has been logged but no further action has been taken.
Connecting to '<URL>' violates the following Content Security Policy directive: "connect-src 'none'". The policy is report-only, so the violation has been logged but no further action has been taken.
Connecting to '<URL>' violates the following Content Security Policy directive: "connect-src 'none'". The policy is report-only, so the violation has been logged but no further action has been taken.
Connecting to '<URL>' violates the following Content Security Policy directive: "connect-src 'none'". The policy is report-only, so the violation has been logged but no further action has been taken.
Connecting to '<URL>' violates the following Content Security Policy directive: "connect-src 'none'". The policy is report-only, so the violation has been logged but no further action has been taken.
Connecting to '<URL>' violates the following Content Security Policy directive: "connect-src 'none'". The policy is report-only, so the violation has been logged but no further action has been taken.
Connecting to '<URL>' violates the following Content Security Policy directive: "connect-src 'none'". The policy is report-only, so the violation has been logged but no further action has been taken.
Connecting to '<URL>' violates the following Content Security Policy directive: "connect-src 'none'". The policy is report-only, so the violation has been logged but no further action has been taken.
Connecting to '<URL>' violates the following Content Security Policy directive: "connect-src 'none'". The policy is report-only, so the violation has been logged but no further action has been taken.
Connecting to '<URL>' violates the following Content Security Policy directive: "connect-src 'none'". The policy is report-only, so the violation has been logged but no further action has been taken.
Connecting to '<URL>' violates the following Content Security Policy directive: "connect-src 'none'". The policy is report-only, so the violation has been logged but no further action has been taken.
Connecting to '<URL>' violates the following Content Security Policy directive: "connect-src 'none'". The policy is report-only, so the violation has been logged but no further action has been taken.
Connecting to '<URL>' violates the following Content Security Policy directive: "connect-src 'none'". The policy is report-only, so the violation has been logged but no further action has been taken.
Connecting to '<URL>' violates the following Content Security Policy directive: "connect-src 'none'". The policy is report-only, so the violation has been logged but no further action has been taken.
Connecting to '<URL>' violates the following Content Security Policy directive: "connect-src 'none'". The policy is report-only, so the violation has been logged but no further action has been taken.
Connecting to '<URL>' violates the following Content Security Policy directive: "connect-src 'none'". The policy is report-only, so the violation has been logged but no further action has been taken.
Connecting to '<URL>' violates the following Content Security Policy directive: "connect-src 'none'". The policy is report-only, so the violation has been logged but no further action has been taken.
Connecting to '<URL>' violates the following Content Security Policy directive: "connect-src 'none'". The policy is report-only, so the violation has been logged but no further action has been taken.
Connecting to '<URL>' violates the following Content Security Policy directive: "connect-src 'none'". The policy is report-only, so the violation has been logged but no further action has been taken.
Connecting to '<URL>' violates the following Content Security Policy directive: "connect-src 'none'". The policy is report-only, so the violation has been logged but no further action has been taken.
Connecting to '<URL>' violates the following Content Security Policy directive: "connect-src 'none'". The policy is report-only, so the violation has been logged but no further action has been taken.
Connecting to '<URL>' violates the following Content Security Policy directive: "connect-src 'none'". The policy is report-only, so the violation has been logged but no further action has been taken.
Connecting to '<URL>' violates the following Content Security Policy directive: "connect-src 'none'". The policy is report-only, so the violation has been logged but no further action has been taken.
Connecting to '<URL>' violates the following Content Security Policy directive: "connect-src 'none'". The policy is report-only, so the violation has been logged but no further action has been taken.
Connecting to '<URL>' violates the following Content Security Policy directive: "connect-src 'none'". The policy is report-only, so the violation has been logged but no further action has been taken.
Connecting to '<URL>' violates the following Content Security Policy directive: "connect-src 'none'". The policy is report-only, so the violation has been logged but no further action has been taken.
Connecting to '<URL>' violates the following Content Security Policy directive: "connect-src 'none'". The policy is report-only, so the violation has been logged but no further action has been taken.
Connecting to '<URL>' violates the following Content Security Policy directive: "connect-src 'none'". The policy is report-only, so the violation has been logged but no further action has been taken.
Connecting to '<URL>' violates the following Content Security Policy directive: "connect-src 'none'". The policy is report-only, so the violation has been logged but no further action has been taken.
Connecting to '<URL>' violates the following Content Security Policy directive: "connect-src 'none'". The policy is report-only, so the violation has been logged but no further action has been taken.
Connecting to '<URL>' violates the following Content Security Policy directive: "connect-src 'none'". The policy is report-only, so the violation has been logged but no further action has been taken.
Connecting to '<URL>' violates the following Content Security Policy directive: "connect-src 'none'". The policy is report-only, so the violation has been logged but no further action has been taken.
Connecting to '<URL>' violates the following Content Security Policy directive: "connect-src 'none'". The policy is report-only, so the violation has been logged but no further action has been taken.
Connecting to '<URL>' violates the following Content Security Policy directive: "connect-src 'none'". The policy is report-only, so the violation has been logged but no further action has been taken.
Connecting to '<URL>' violates the following Content Security Policy directive: "connect-src 'none'". The policy is report-only, so the violation has been logged but no further action has been taken.
Connecting to '<URL>' violates the following Content Security Policy directive: "connect-src 'none'". The policy is report-only, so the violation has been logged but no further action has been taken.
Connecting to '<URL>' violates the following Content Security Policy directive: "connect-src 'none'". The policy is report-only, so the violation has been logged but no further action has been taken.
Connecting to '<URL>' violates the following Content Security Policy directive: "connect-src 'none'". The policy is report-only, so the violation has been logged but no further action has been taken.
Connecting to '<URL>' violates the following Content Security Policy directive: "connect-src 'none'". The policy is report-only, so the violation has been logged but no further action has been taken.
Connecting to '<URL>' violates the following Content Security Policy directive: "connect-src 'none'". The policy is report-only, so the violation has been logged but no further action has been taken.
Connecting to '<URL>' violates the following Content Security Policy directive: "connect-src 'none'". The policy is report-only, so the violation has been logged but no further action has been taken.
Connecting to '<URL>' violates the following Content Security Policy directive: "connect-src 'none'". The policy is report-only, so the violation has been logged but no further action has been taken.
Connecting to '<URL>' violates the following Content Security Policy directive: "connect-src 'none'". The policy is report-only, so the violation has been logged but no further action has been taken.
Connecting to '<URL>' violates the following Content Security Policy directive: "connect-src 'none'". The policy is report-only, so the violation has been logged but no further action has been taken.
Connecting to '<URL>' violates the following Content Security Policy directive: "connect-src 'none'". The policy is report-only, so the violation has been logged but no further action has been taken.
Connecting to '<URL>' violates the following Content Security Policy directive: "connect-src 'none'". The policy is report-only, so the violation has been logged but no further action has been taken.
Connecting to '<URL>' violates the following Content Security Policy directive: "connect-src 'none'". The policy is report-only, so the violation has been logged but no further action has been taken.
Connecting to '<URL>' violates the following Content Security Policy directive: "connect-src 'none'". The policy is report-only, so the violation has been logged but no further action has been taken.
Connecting to '<URL>' violates the following Content Security Policy directive: "connect-src 'none'". The policy is report-only, so the violation has been logged but no further action has been taken.
Connecting to '<URL>' violates the following Content Security Policy directive: "connect-src 'none'". The policy is report-only, so the violation has been logged but no further action has been taken.
Connecting to '<URL>' violates the following Content Security Policy directive: "connect-src 'none'". The policy is report-only, so the violation has been logged but no further action has been taken.
Connecting to '<URL>' violates the following Content Security Policy directive: "connect-src 'none'". The policy is report-only, so the violation has been logged but no further action has been taken.
Connecting to '<URL>' violates the following Content Security Policy directive: "connect-src 'none'". The policy is report-only, so the violation has been logged but no further action has been taken.
Connecting to '<URL>' violates the following Content Security Policy directive: "connect-src 'none'". The policy is report-only, so the violation has been logged but no further action has been taken.
Connecting to '<URL>' violates the following Content Security Policy directive: "connect-src 'none'". The policy is report-only, so the violation has been logged but no further action has been taken.
Connecting to '<URL>' violates the following Content Security Policy directive: "connect-src 'none'". The policy is report-only, so the violation has been logged but no further action has been taken.
Connecting to '<URL>' violates the following Content Security Policy directive: "connect-src 'none'". The policy is report-only, so the violation has been logged but no further action has been taken.
Connecting to '<URL>' violates the following Content Security Policy directive: "connect-src 'none'". The policy is report-only, so the violation has been logged but no further action has been taken.
Connecting to '<URL>' violates the following Content Security Policy directive: "connect-src 'none'". The policy is report-only, so the violation has been logged but no further action has been taken.
Connecting to '<URL>' violates the following Content Security Policy directive: "connect-src 'none'". The policy is report-only, so the violation has been logged but no further action has been taken.
Connecting to '<URL>' violates the following Content Security Policy directive: "connect-src 'none'". The policy is report-only, so the violation has been logged but no further action has been taken.
Connecting to '<URL>' violates the following Content Security Policy directive: "connect-src 'none'". The policy is report-only, so the violation has been logged but no further action has been taken.
Connecting to '<URL>' violates the following Content Security Policy directive: "connect-src 'none'". The policy is report-only, so the violation has been logged but no further action has been taken.
Connecting to '<URL>' violates the following Content Security Policy directive: "connect-src 'none'". The policy is report-only, so the violation has been logged but no further action has been taken.
Connecting to '<URL>' violates the following Content Security Policy directive: "connect-src 'none'". The policy is report-only, so the violation has been logged but no further action has been taken.
Connecting to '<URL>' violates the following Content Security Policy directive: "connect-src 'none'". The policy is report-only, so the violation has been logged but no further action has been taken.
Connecting to '<URL>' violates the following Content Security Policy directive: "connect-src 'none'". The policy is report-only, so the violation has been logged but no further action has been taken.
Connecting to '<URL>' violates the following Content Security Policy directive: "connect-src 'none'". The policy is report-only, so the violation has been logged but no further action has been taken.
Connecting to '<URL>' violates the following Content Security Policy directive: "connect-src 'none'". The policy is report-only, so the violation has been logged but no further action has been taken.
Connecting to '<URL>' violates the following Content Security Policy directive: "connect-src 'none'". The policy is report-only, so the violation has been logged but no further action has been taken.
Connecting to '<URL>' violates the following Content Security Policy directive: "connect-src 'none'". The policy is report-only, so the violation has been logged but no further action has been taken.
Connecting to '<URL>' violates the following Content Security Policy directive: "connect-src 'none'". The policy is report-only, so the violation has been logged but no further action has been taken.
Connecting to '<URL>' violates the following Content Security Policy directive: "connect-src 'none'". The policy is report-only, so the violation has been logged but no further action has been taken.
Connecting to '<URL>' violates the following Content Security Policy directive: "connect-src 'none'". The policy is report-only, so the violation has been logged but no further action has been taken.
Connecting to '<URL>' violates the following Content Security Policy directive: "connect-src 'none'". The policy is report-only, so the violation has been logged but no further action has been taken.
Connecting to '<URL>' violates the following Content Security Policy directive: "connect-src 'none'". The policy is report-only, so the violation has been logged but no further action has been taken.
Connecting to '<URL>' violates the following Content Security Policy directive: "connect-src 'none'". The policy is report-only, so the violation has been logged but no further action has been taken.
Connecting to '<URL>' violates the following Content Security Policy directive: "connect-src 'none'". The policy is report-only, so the violation has been logged but no further action has been taken.
Connecting to '<URL>' violates the following Content Security Policy directive: "connect-src 'none'". The policy is report-only, so the violation has been logged but no further action has been taken.
Connecting to '<URL>' violates the following Content Security Policy directive: "connect-src 'none'". The policy is report-only, so the violation has been logged but no further action has been taken.
Connecting to '<URL>' violates the following Content Security Policy directive: "connect-src 'none'". The policy is report-only, so the violation has been logged but no further action has been taken.
Connecting to '<URL>' violates the following Content Security Policy directive: "connect-src 'none'". The policy is report-only, so the violation has been logged but no further action has been taken.
Connecting to '<URL>' violates the following Content Security Policy directive: "connect-src 'none'". The policy is report-only, so the violation has been logged but no further action has been taken.
Connecting to '<URL>' violates the following Content Security Policy directive: "connect-src 'none'". The policy is report-only, so the violation has been logged but no further action has been taken.
Connecting to '<URL>' violates the following Content Security Policy directive: "connect-src 'none'". The policy is report-only, so the violation has been logged but no further action has been taken.
Connecting to '<URL>' violates the following Content Security Policy directive: "connect-src 'none'". The policy is report-only, so the violation has been logged but no further action has been taken.
Connecting to '<URL>' violates the following Content Security Policy directive: "connect-src 'none'". The policy is report-only, so the violation has been logged but no further action has been taken.
Connecting to '<URL>' violates the following Content Security Policy directive: "connect-src 'none'". The policy is report-only, so the violation has been logged but no further action has been taken.
Connecting to '<URL>' violates the following Content Security Policy directive: "connect-src 'none'". The policy is report-only, so the violation has been logged but no further action has been taken.
Connecting to '<URL>' violates the following Content Security Policy directive: "connect-src 'none'". The policy is report-only, so the violation has been logged but no further action has been taken.
Connecting to '<URL>' violates the following Content Security Policy directive: "connect-src 'none'". The policy is report-only, so the violation has been logged but no further action has been taken.
Connecting to '<URL>' violates the following Content Security Policy directive: "connect-src 'none'". The policy is report-only, so the violation has been logged but no further action has been taken.
Connecting to '<URL>' violates the following Content Security Policy directive: "connect-src 'none'". The policy is report-only, so the violation has been logged but no further action has been taken.
Connecting to '<URL>' violates the following Content Security Policy directive: "connect-src 'none'". The policy is report-only, so the violation has been logged but no further action has been taken.
Connecting to '<URL>' violates the following Content Security Policy directive: "connect-src 'none'". The policy is report-only, so the violation has been logged but no further action has been taken.
Connecting to '<URL>' violates the following Content Security Policy directive: "connect-src 'none'". The policy is report-only, so the violation has been logged but no further action has been taken.
Connecting to '<URL>' violates the following Content Security Policy directive: "connect-src 'none'". The policy is report-only, so the violation has been logged but no further action has been taken.
Connecting to '<URL>' violates the following Content Security Policy directive: "connect-src 'none'". The policy is report-only, so the violation has been logged but no further action has been taken.
Connecting to '<URL>' violates the following Content Security Policy directive: "connect-src 'none'". The policy is report-only, so the violation has been logged but no further action has been taken.
Connecting to '<URL>' violates the following Content Security Policy directive: "connect-src 'none'". The policy is report-only, so the violation has been logged but no further action has been taken.
Connecting to '<URL>' violates the following Content Security Policy directive: "connect-src 'none'". The policy is report-only, so the violation has been logged but no further action has been taken.
Connecting to '<URL>' violates the following Content Security Policy directive: "connect-src 'none'". The policy is report-only, so the violation has been logged but no further action has been taken.
Connecting to '<URL>' violates the following Content Security Policy directive: "connect-src 'none'". The policy is report-only, so the violation has been logged but no further action has been taken.
Connecting to '<URL>' violates the following Content Security Policy directive: "connect-src 'none'". The policy is report-only, so the violation has been logged but no further action has been taken.
Connecting to '<URL>' violates the following Content Security Policy directive: "connect-src 'none'". The policy is report-only, so the violation has been logged but no further action has been taken.
Connecting to '<URL>' violates the following Content Security Policy directive: "connect-src 'none'". The policy is report-only, so the violation has been logged but no further action has been taken.
Connecting to '<URL>' violates the following Content Security Policy directive: "connect-src 'none'". The policy is report-only, so the violation has been logged but no further action has been taken.
Connecting to '<URL>' violates the following Content Security Policy directive: "connect-src 'none'". The policy is report-only, so the violation has been logged but no further action has been taken.
Connecting to '<URL>' violates the following Content Security Policy directive: "connect-src 'none'". The policy is report-only, so the violation has been logged but no further action has been taken.
Connecting to '<URL>' violates the following Content Security Policy directive: "connect-src 'none'". The policy is report-only, so the violation has been logged but no further action has been taken.
Connecting to '<URL>' violates the following Content Security Policy directive: "connect-src 'none'". The policy is report-only, so the violation has been logged but no further action has been taken.
Connecting to '<URL>' violates the following Content Security Policy directive: "connect-src 'none'". The policy is report-only, so the violation has been logged but no further action has been taken.
Connecting to '<URL>' violates the following Content Security Policy directive: "connect-src 'none'". The policy is report-only, so the violation has been logged but no further action has been taken.
Connecting to '<URL>' violates the following Content Security Policy directive: "connect-src 'none'". The policy is report-only, so the violation has been logged but no further action has been taken.
Connecting to '<URL>' violates the following Content Security Policy directive: "connect-src 'none'". The policy is report-only, so the violation has been logged but no further action has been taken.
Connecting to '<URL>' violates the following Content Security Policy directive: "connect-src 'none'". The policy is report-only, so the violation has been logged but no further action has been taken.
Connecting to '<URL>' violates the following Content Security Policy directive: "connect-src 'none'". The policy is report-only, so the violation has been logged but no further action has been taken.
Connecting to '<URL>' violates the following Content Security Policy directive: "connect-src 'none'". The policy is report-only, so the violation has been logged but no further action has been taken.
Connecting to '<URL>' violates the following Content Security Policy directive: "connect-src 'none'". The policy is report-only, so the violation has been logged but no further action has been taken.
Connecting to '<URL>' violates the following Content Security Policy directive: "connect-src 'none'". The policy is report-only, so the violation has been logged but no further action has been taken.
Connecting to '<URL>' violates the following Content Security Policy directive: "connect-src 'none'". The policy is report-only, so the violation has been logged but no further action has been taken.
Connecting to '<URL>' violates the following Content Security Policy directive: "connect-src 'none'". The policy is report-only, so the violation has been logged but no further action has been taken.
Connecting to '<URL>' violates the following Content Security Policy directive: "connect-src 'none'". The policy is report-only, so the violation has been logged but no further action has been taken.
Connecting to '<URL>' violates the following Content Security Policy directive: "connect-src 'none'". The policy is report-only, so the violation has been logged but no further action has been taken.
Connecting to '<URL>' violates the following Content Security Policy directive: "connect-src 'none'". The policy is report-only, so the violation has been logged but no further action has been taken.
Connecting to '<URL>' violates the following Content Security Policy directive: "connect-src 'none'". The policy is report-only, so the violation has been logged but no further action has been taken.
Connecting to '<URL>' violates the following Content Security Policy directive: "connect-src 'none'". The policy is report-only, so the violation has been logged but no further action has been taken.
Connecting to '<URL>' violates the following Content Security Policy directive: "connect-src 'none'". The policy is report-only, so the violation has been logged but no further action has been taken.
Connecting to '<URL>' violates the following Content Security Policy directive: "connect-src 'none'". The policy is report-only, so the violation has been logged but no further action has been taken.
Connecting to '<URL>' violates the following Content Security Policy directive: "connect-src 'none'". The policy is report-only, so the violation has been logged but no further action has been taken.
Connecting to '<URL>' violates the following Content Security Policy directive: "connect-src 'none'". The policy is report-only, so the violation has been logged but no further action has been taken.
Connecting to '<URL>' violates the following Content Security Policy directive: "connect-src 'none'". The policy is report-only, so the violation has been logged but no further action has been taken.
Connecting to '<URL>' violates the following Content Security Policy directive: "connect-src 'none'". The policy is report-only, so the violation has been logged but no further action has been taken.
Connecting to '<URL>' violates the following Content Security Policy directive: "connect-src 'none'". The policy is report-only, so the violation has been logged but no further action has been taken.
Connecting to '<URL>' violates the following Content Security Policy directive: "connect-src 'none'". The policy is report-only, so the violation has been logged but no further action has been taken.
Connecting to '<URL>' violates the following Content Security Policy directive: "connect-src 'none'". The policy is report-only, so the violation has been logged but no further action has been taken.
Connecting to '<URL>' violates the following Content Security Policy directive: "connect-src 'none'". The policy is report-only, so the violation has been logged but no further action has been taken.
Connecting to '<URL>' violates the following Content Security Policy directive: "connect-src 'none'". The policy is report-only, so the violation has been logged but no further action has been taken.
Connecting to '<URL>' violates the following Content Security Policy directive: "connect-src 'none'". The policy is report-only, so the violation has been logged but no further action has been taken.
Connecting to '<URL>' violates the following Content Security Policy directive: "connect-src 'none'". The policy is report-only, so the violation has been logged but no further action has been taken.
Connecting to '<URL>' violates the following Content Security Policy directive: "connect-src 'none'". The policy is report-only, so the violation has been logged but no further action has been taken.
Connecting to '<URL>' violates the following Content Security Policy directive: "connect-src 'none'". The policy is report-only, so the violation has been logged but no further action has been taken.
Connecting to '<URL>' violates the following Content Security Policy directive: "connect-src 'none'". The policy is report-only, so the violation has been logged but no further action has been taken.
Connecting to '<URL>' violates the following Content Security Policy directive: "connect-src 'none'". The policy is report-only, so the violation has been logged but no further action has been taken.
Connecting to '<URL>' violates the following Content Security Policy directive: "connect-src 'none'". The policy is report-only, so the violation has been logged but no further action has been taken.
Connecting to '<URL>' violates the following Content Security Policy directive: "connect-src 'none'". The policy is report-only, so the violation has been logged but no further action has been taken.
Connecting to '<URL>' violates the following Content Security Policy directive: "connect-src 'none'". The policy is report-only, so the violation has been logged but no further action has been taken.
Connecting to '<URL>' violates the following Content Security Policy directive: "connect-src 'none'". The policy is report-only, so the violation has been logged but no further action has been taken.
Connecting to '<URL>' violates the following Content Security Policy directive: "connect-src 'none'". The policy is report-only, so the violation has been logged but no further action has been taken.
Connecting to '<URL>' violates the following Content Security Policy directive: "connect-src 'none'". The policy is report-only, so the violation has been logged but no further action has been taken.
Connecting to '<URL>' violates the following Content Security Policy directive: "connect-src 'none'". The policy is report-only, so the violation has been logged but no further action has been taken.
Connecting to '<URL>' violates the following Content Security Policy directive: "connect-src 'none'". The policy is report-only, so the violation has been logged but no further action has been taken.
Connecting to '<URL>' violates the following Content Security Policy directive: "connect-src 'none'". The policy is report-only, so the violation has been logged but no further action has been taken.
Connecting to '<URL>' violates the following Content Security Policy directive: "connect-src 'none'". The policy is report-only, so the violation has been logged but no further action has been taken.
Connecting to '<URL>' violates the following Content Security Policy directive: "connect-src 'none'". The policy is report-only, so the violation has been logged but no further action has been taken.
Connecting to '<URL>' violates the following Content Security Policy directive: "connect-src 'none'". The policy is report-only, so the violation has been logged but no further action has been taken.
Connecting to '<URL>' violates the following Content Security Policy directive: "connect-src 'none'". The policy is report-only, so the violation has been logged but no further action has been taken.
Connecting to '<URL>' violates the following Content Security Policy directive: "connect-src 'none'". The policy is report-only, so the violation has been logged but no further action has been taken.
Connecting to '<URL>' violates the following Content Security Policy directive: "connect-src 'none'". The policy is report-only, so the violation has been logged but no further action has been taken.
Connecting to '<URL>' violates the following Content Security Policy directive: "connect-src 'none'". The policy is report-only, so the violation has been logged but no further action has been taken.
Connecting to '<URL>' violates the following Content Security Policy directive: "connect-src 'none'". The policy is report-only, so the violation has been logged but no further action has been taken.
Connecting to '<URL>' violates the following Content Security Policy directive: "connect-src 'none'". The policy is report-only, so the violation has been logged but no further action has been taken.
Connecting to '<URL>' violates the following Content Security Policy directive: "connect-src 'none'". The policy is report-only, so the violation has been logged but no further action has been taken.
Connecting to '<URL>' violates the following Content Security Policy directive: "connect-src 'none'". The policy is report-only, so the violation has been logged but no further action has been taken.
Connecting to '<URL>' violates the following Content Security Policy directive: "connect-src 'none'". The policy is report-only, so the violation has been logged but no further action has been taken.
Connecting to '<URL>' violates the following Content Security Policy directive: "connect-src 'none'". The policy is report-only, so the violation has been logged but no further action has been taken.
Connecting to '<URL>' violates the following Content Security Policy directive: "connect-src 'none'". The policy is report-only, so the violation has been logged but no further action has been taken.
Connecting to '<URL>' violates the following Content Security Policy directive: "connect-src 'none'". The policy is report-only, so the violation has been logged but no further action has been taken.
Connecting to '<URL>' violates the following Content Security Policy directive: "connect-src 'none'". The policy is report-only, so the violation has been logged but no further action has been taken.
Connecting to '<URL>' violates the following Content Security Policy directive: "connect-src 'none'". The policy is report-only, so the violation has been logged but no further action has been taken.
Connecting to '<URL>' violates the following Content Security Policy directive: "connect-src 'none'". The policy is report-only, so the violation has been logged but no further action has been taken.
Connecting to '<URL>' violates the following Content Security Policy directive: "connect-src 'none'". The policy is report-only, so the violation has been logged but no further action has been taken.
Connecting to '<URL>' violates the following Content Security Policy directive: "connect-src 'none'". The policy is report-only, so the violation has been logged but no further action has been taken.
Connecting to '<URL>' violates the following Content Security Policy directive: "connect-src 'none'". The policy is report-only, so the violation has been logged but no further action has been taken.
Connecting to '<URL>' violates the following Content Security Policy directive: "connect-src 'none'". The policy is report-only, so the violation has been logged but no further action has been taken.
Connecting to '<URL>' violates the following Content Security Policy directive: "connect-src 'none'". The policy is report-only, so the violation has been logged but no further action has been taken.
Connecting to '<URL>' violates the following Content Security Policy directive: "connect-src 'none'". The policy is report-only, so the violation has been logged but no further action has been taken.
Connecting to '<URL>' violates the following Content Security Policy directive: "connect-src 'none'". The policy is report-only, so the violation has been logged but no further action has been taken.
Connecting to '<URL>' violates the following Content Security Policy directive: "connect-src 'none'". The policy is report-only, so the violation has been logged but no further action has been taken.
Connecting to '<URL>' violates the following Content Security Policy directive: "connect-src 'none'". The policy is report-only, so the violation has been logged but no further action has been taken.
Connecting to '<URL>' violates the following Content Security Policy directive: "connect-src 'none'". The policy is report-only, so the violation has been logged but no further action has been taken.
Connecting to '<URL>' violates the following Content Security Policy directive: "connect-src 'none'". The policy is report-only, so the violation has been logged but no further action has been taken.
Connecting to '<URL>' violates the following Content Security Policy directive: "connect-src 'none'". The policy is report-only, so the violation has been logged but no further action has been taken.
Connecting to '<URL>' violates the following Content Security Policy directive: "connect-src 'none'". The policy is report-only, so the violation has been logged but no further action has been taken.
Connecting to '<URL>' violates the following Content Security Policy directive: "connect-src 'none'". The policy is report-only, so the violation has been logged but no further action has been taken.
Connecting to '<URL>' violates the following Content Security Policy directive: "connect-src 'none'". The policy is report-only, so the violation has been logged but no further action has been taken.
Connecting to '<URL>' violates the following Content Security Policy directive: "connect-src 'none'". The policy is report-only, so the violation has been logged but no further action has been taken.
Connecting to '<URL>' violates the following Content Security Policy directive: "connect-src 'none'". The policy is report-only, so the violation has been logged but no further action has been taken.
Connecting to '<URL>' violates the following Content Security Policy directive: "connect-src 'none'". The policy is report-only, so the violation has been logged but no further action has been taken.
Connecting to '<URL>' violates the following Content Security Policy directive: "connect-src 'none'". The policy is report-only, so the violation has been logged but no further action has been taken.
Connecting to '<URL>' violates the following Content Security Policy directive: "connect-src 'none'". The policy is report-only, so the violation has been logged but no further action has been taken.
Connecting to '<URL>' violates the following Content Security Policy directive: "connect-src 'none'". The policy is report-only, so the violation has been logged but no further action has been taken.
Connecting to '<URL>' violates the following Content Security Policy directive: "connect-src 'none'". The policy is report-only, so the violation has been logged but no further action has been taken.
Connecting to '<URL>' violates the following Content Security Policy directive: "connect-src 'none'". The policy is report-only, so the violation has been logged but no further action has been taken.
Connecting to '<URL>' violates the following Content Security Policy directive: "connect-src 'none'". The policy is report-only, so the violation has been logged but no further action has been taken.
Connecting to '<URL>' violates the following Content Security Policy directive: "connect-src 'none'". The policy is report-only, so the violation has been logged but no further action has been taken.
Connecting to '<URL>' violates the following Content Security Policy directive: "connect-src 'none'". The policy is report-only, so the violation has been logged but no further action has been taken.
Connecting to '<URL>' violates the following Content Security Policy directive: "connect-src 'none'". The policy is report-only, so the violation has been logged but no further action has been taken.
Connecting to '<URL>' violates the following Content Security Policy directive: "connect-src 'none'". The policy is report-only, so the violation has been logged but no further action has been taken.
Connecting to '<URL>' violates the following Content Security Policy directive: "connect-src 'none'". The policy is report-only, so the violation has been logged but no further action has been taken.
Connecting to '<URL>' violates the following Content Security Policy directive: "connect-src 'none'". The policy is report-only, so the violation has been logged but no further action has been taken.
Connecting to '<URL>' violates the following Content Security Policy directive: "connect-src 'none'". The policy is report-only, so the violation has been logged but no further action has been taken.
Connecting to '<URL>' violates the following Content Security Policy directive: "connect-src 'none'". The policy is report-only, so the violation has been logged but no further action has been taken.
Connecting to '<URL>' violates the following Content Security Policy directive: "connect-src 'none'". The policy is report-only, so the violation has been logged but no further action has been taken.
Connecting to '<URL>' violates the following Content Security Policy directive: "connect-src 'none'". The policy is report-only, so the violation has been logged but no further action has been taken.
Connecting to '<URL>' violates the following Content Security Policy directive: "connect-src 'none'". The policy is report-only, so the violation has been logged but no further action has been taken.
Connecting to '<URL>' violates the following Content Security Policy directive: "connect-src 'none'". The policy is report-only, so the violation has been logged but no further action has been taken.
Connecting to '<URL>' violates the following Content Security Policy directive: "connect-src 'none'". The policy is report-only, so the violation has been logged but no further action has been taken.
Connecting to '<URL>' violates the following Content Security Policy directive: "connect-src 'none'". The policy is report-only, so the violation has been logged but no further action has been taken.
Connecting to '<URL>' violates the following Content Security Policy directive: "connect-src 'none'". The policy is report-only, so the violation has been logged but no further action has been taken.
Connecting to '<URL>' violates the following Content Security Policy directive: "connect-src 'none'". The policy is report-only, so the violation has been logged but no further action has been taken.
Connecting to '<URL>' violates the following Content Security Policy directive: "connect-src 'none'". The policy is report-only, so the violation has been logged but no further action has been taken.
Connecting to '<URL>' violates the following Content Security Policy directive: "connect-src 'none'". The policy is report-only, so the violation has been logged but no further action has been taken.
Connecting to '<URL>' violates the following Content Security Policy directive: "connect-src 'none'". The policy is report-only, so the violation has been logged but no further action has been taken.
Connecting to '<URL>' violates the following Content Security Policy directive: "connect-src 'none'". The policy is report-only, so the violation has been logged but no further action has been taken.
Connecting to '<URL>' violates the following Content Security Policy directive: "connect-src 'none'". The policy is report-only, so the violation has been logged but no further action has been taken.
Connecting to '<URL>' violates the following Content Security Policy directive: "connect-src 'none'". The policy is report-only, so the violation has been logged but no further action has been taken.
Connecting to '<URL>' violates the following Content Security Policy directive: "connect-src 'none'". The policy is report-only, so the violation has been logged but no further action has been taken.
Connecting to '<URL>' violates the following Content Security Policy directive: "connect-src 'none'". The policy is report-only, so the violation has been logged but no further action has been taken.
Connecting to '<URL>' violates the following Content Security Policy directive: "connect-src 'none'". The policy is report-only, so the violation has been logged but no further action has been taken.
Connecting to '<URL>' violates the following Content Security Policy directive: "connect-src 'none'". The policy is report-only, so the violation has been logged but no further action has been taken.
Connecting to '<URL>' violates the following Content Security Policy directive: "connect-src 'none'". The policy is report-only, so the violation has been logged but no further action has been taken.
Connecting to '<URL>' violates the following Content Security Policy directive: "connect-src 'none'". The policy is report-only, so the violation has been logged but no further action has been taken.
Connecting to '<URL>' violates the following Content Security Policy directive: "connect-src 'none'". The policy is report-only, so the violation has been logged but no further action has been taken.
Connecting to '<URL>' violates the following Content Security Policy directive: "connect-src 'none'". The policy is report-only, so the violation has been logged but no further action has been taken.
Connecting to '<URL>' violates the following Content Security Policy directive: "connect-src 'none'". The policy is report-only, so the violation has been logged but no further action has been taken.
Connecting to '<URL>' violates the following Content Security Policy directive: "connect-src 'none'". The policy is report-only, so the violation has been logged but no further action has been taken.
Connecting to '<URL>' violates the following Content Security Policy directive: "connect-src 'none'". The policy is report-only, so the violation has been logged but no further action has been taken.
Connecting to '<URL>' violates the following Content Security Policy directive: "connect-src 'none'". The policy is report-only, so the violation has been logged but no further action has been taken.
Connecting to '<URL>' violates the following Content Security Policy directive: "connect-src 'none'". The policy is report-only, so the violation has been logged but no further action has been taken.
Connecting to '<URL>' violates the following Content Security Policy directive: "connect-src 'none'". The policy is report-only, so the violation has been logged but no further action has been taken.
Connecting to '<URL>' violates the following Content Security Policy directive: "connect-src 'none'". The policy is report-only, so the violation has been logged but no further action has been taken.
Connecting to '<URL>' violates the following Content Security Policy directive: "connect-src 'none'". The policy is report-only, so the violation has been logged but no further action has been taken.
Connecting to '<URL>' violates the following Content Security Policy directive: "connect-src 'none'". The policy is report-only, so the violation has been logged but no further action has been taken.
Connecting to '<URL>' violates the following Content Security Policy directive: "connect-src 'none'". The policy is report-only, so the violation has been logged but no further action has been taken.
Connecting to '<URL>' violates the following Content Security Policy directive: "connect-src 'none'". The policy is report-only, so the violation has been logged but no further action has been taken.
Connecting to '<URL>' violates the following Content Security Policy directive: "connect-src 'none'". The policy is report-only, so the violation has been logged but no further action has been taken.
Connecting to '<URL>' violates the following Content Security Policy directive: "connect-src 'none'". The policy is report-only, so the violation has been logged but no further action has been taken.
Connecting to '<URL>' violates the following Content Security Policy directive: "connect-src 'none'". The policy is report-only, so the violation has been logged but no further action has been taken.
Connecting to '<URL>' violates the following Content Security Policy directive: "connect-src 'none'". The policy is report-only, so the violation has been logged but no further action has been taken.
Connecting to '<URL>' violates the following Content Security Policy directive: "connect-src 'none'". The policy is report-only, so the violation has been logged but no further action has been taken.
Connecting to '<URL>' violates the following Content Security Policy directive: "connect-src 'none'". The policy is report-only, so the violation has been logged but no further action has been taken.
Connecting to '<URL>' violates the following Content Security Policy directive: "connect-src 'none'". The policy is report-only, so the violation has been logged but no further action has been taken.
Connecting to '<URL>' violates the following Content Security Policy directive: "connect-src 'none'". The policy is report-only, so the violation has been logged but no further action has been taken.
Connecting to '<URL>' violates the following Content Security Policy directive: "connect-src 'none'". The policy is report-only, so the violation has been logged but no further action has been taken.
Connecting to '<URL>' violates the following Content Security Policy directive: "connect-src 'none'". The policy is report-only, so the violation has been logged but no further action has been taken.
Connecting to '<URL>' violates the following Content Security Policy directive: "connect-src 'none'". The policy is report-only, so the violation has been logged but no further action has been taken.
Connecting to '<URL>' violates the following Content Security Policy directive: "connect-src 'none'". The policy is report-only, so the violation has been logged but no further action has been taken.
Connecting to '<URL>' violates the following Content Security Policy directive: "connect-src 'none'". The policy is report-only, so the violation has been logged but no further action has been taken.
Connecting to '<URL>' violates the following Content Security Policy directive: "connect-src 'none'". The policy is report-only, so the violation has been logged but no further action has been taken.
Connecting to '<URL>' violates the following Content Security Policy directive: "connect-src 'none'". The policy is report-only, so the violation has been logged but no further action has been taken.
Connecting to '<URL>' violates the following Content Security Policy directive: "connect-src 'none'". The policy is report-only, so the violation has been logged but no further action has been taken.
Connecting to '<URL>' violates the following Content Security Policy directive: "connect-src 'none'". The policy is report-only, so the violation has been logged but no further action has been taken.
Connecting to '<URL>' violates the following Content Security Policy directive: "connect-src 'none'". The policy is report-only, so the violation has been logged but no further action has been taken.
Connecting to '<URL>' violates the following Content Security Policy directive: "connect-src 'none'". The policy is report-only, so the violation has been logged but no further action has been taken.
Connecting to '<URL>' violates the following Content Security Policy directive: "connect-src 'none'". The policy is report-only, so the violation has been logged but no further action has been taken.
Connecting to '<URL>' violates the following Content Security Policy directive: "connect-src 'none'". The policy is report-only, so the violation has been logged but no further action has been taken.
Connecting to '<URL>' violates the following Content Security Policy directive: "connect-src 'none'". The policy is report-only, so the violation has been logged but no further action has been taken.
Connecting to '<URL>' violates the following Content Security Policy directive: "connect-src 'none'". The policy is report-only, so the violation has been logged but no further action has been taken.
Connecting to '<URL>' violates the following Content Security Policy directive: "connect-src 'none'". The policy is report-only, so the violation has been logged but no further action has been taken.
Connecting to '<URL>' violates the following Content Security Policy directive: "connect-src 'none'". The policy is report-only, so the violation has been logged but no further action has been taken.
Connecting to '<URL>' violates the following Content Security Policy directive: "connect-src 'none'". The policy is report-only, so the violation has been logged but no further action has been taken.
Connecting to '<URL>' violates the following Content Security Policy directive: "connect-src 'none'". The policy is report-only, so the violation has been logged but no further action has been taken.
Connecting to '<URL>' violates the following Content Security Policy directive: "connect-src 'none'". The policy is report-only, so the violation has been logged but no further action has been taken.
Connecting to '<URL>' violates the following Content Security Policy directive: "connect-src 'none'". The policy is report-only, so the violation has been logged but no further action has been taken.
Connecting to '<URL>' violates the following Content Security Policy directive: "connect-src 'none'". The policy is report-only, so the violation has been logged but no further action has been taken.
Connecting to '<URL>' violates the following Content Security Policy directive: "connect-src 'none'". The policy is report-only, so the violation has been logged but no further action has been taken.
Connecting to '<URL>' violates the following Content Security Policy directive: "connect-src 'none'". The policy is report-only, so the violation has been logged but no further action has been taken.
Connecting to '<URL>' violates the following Content Security Policy directive: "connect-src 'none'". The policy is report-only, so the violation has been logged but no further action has been taken.
Connecting to '<URL>' violates the following Content Security Policy directive: "connect-src 'none'". The policy is report-only, so the violation has been logged but no further action has been taken.
Connecting to '<URL>' violates the following Content Security Policy directive: "connect-src 'none'". The policy is report-only, so the violation has been logged but no further action has been taken.
Connecting to '<URL>' violates the following Content Security Policy directive: "connect-src 'none'". The policy is report-only, so the violation has been logged but no further action has been taken.
Connecting to '<URL>' violates the following Content Security Policy directive: "connect-src 'none'". The policy is report-only, so the violation has been logged but no further action has been taken.
Connecting to '<URL>' violates the following Content Security Policy directive: "connect-src 'none'". The policy is report-only, so the violation has been logged but no further action has been taken.
Connecting to '<URL>' violates the following Content Security Policy directive: "connect-src 'none'". The policy is report-only, so the violation has been logged but no further action has been taken.
Connecting to '<URL>' violates the following Content Security Policy directive: "connect-src 'none'". The policy is report-only, so the violation has been logged but no further action has been taken.
Connecting to '<URL>' violates the following Content Security Policy directive: "connect-src 'none'". The policy is report-only, so the violation has been logged but no further action has been taken.
Connecting to '<URL>' violates the following Content Security Policy directive: "connect-src 'none'". The policy is report-only, so the violation has been logged but no further action has been taken.
Connecting to '<URL>' violates the following Content Security Policy directive: "connect-src 'none'". The policy is report-only, so the violation has been logged but no further action has been taken.
Connecting to '<URL>' violates the following Content Security Policy directive: "connect-src 'none'". The policy is report-only, so the violation has been logged but no further action has been taken.
Connecting to '<URL>' violates the following Content Security Policy directive: "connect-src 'none'". The policy is report-only, so the violation has been logged but no further action has been taken.
Connecting to '<URL>' violates the following Content Security Policy directive: "connect-src 'none'". The policy is report-only, so the violation has been logged but no further action has been taken.
Connecting to '<URL>' violates the following Content Security Policy directive: "connect-src 'none'". The policy is report-only, so the violation has been logged but no further action has been taken.
Connecting to '<URL>' violates the following Content Security Policy directive: "connect-src 'none'". The policy is report-only, so the violation has been logged but no further action has been taken.
Connecting to '<URL>' violates the following Content Security Policy directive: "connect-src 'none'". The policy is report-only, so the violation has been logged but no further action has been taken.
Connecting to '<URL>' violates the following Content Security Policy directive: "connect-src 'none'". The policy is report-only, so the violation has been logged but no further action has been taken.
Connecting to '<URL>' violates the following Content Security Policy directive: "connect-src 'none'". The policy is report-only, so the violation has been logged but no further action has been taken.
Connecting to '<URL>' violates the following Content Security Policy directive: "connect-src 'none'". The policy is report-only, so the violation has been logged but no further action has been taken.
Connecting to '<URL>' violates the following Content Security Policy directive: "connect-src 'none'". The policy is report-only, so the violation has been logged but no further action has been taken.
Connecting to '<URL>' violates the following Content Security Policy directive: "connect-src 'none'". The policy is report-only, so the violation has been logged but no further action has been taken.
Connecting to '<URL>' violates the following Content Security Policy directive: "connect-src 'none'". The policy is report-only, so the violation has been logged but no further action has been taken.
Connecting to '<URL>' violates the following Content Security Policy directive: "connect-src 'none'". The policy is report-only, so the violation has been logged but no further action has been taken.
Connecting to '<URL>' violates the following Content Security Policy directive: "connect-src 'none'". The policy is report-only, so the violation has been logged but no further action has been taken.
Connecting to '<URL>' violates the following Content Security Policy directive: "connect-src 'none'". The policy is report-only, so the violation has been logged but no further action has been taken.
Connecting to '<URL>' violates the following Content Security Policy directive: "connect-src 'none'". The policy is report-only, so the violation has been logged but no further action has been taken.
Connecting to '<URL>' violates the following Content Security Policy directive: "connect-src 'none'". The policy is report-only, so the violation has been logged but no further action has been taken.
Connecting to '<URL>' violates the following Content Security Policy directive: "connect-src 'none'". The policy is report-only, so the violation has been logged but no further action has been taken.
Connecting to '<URL>' violates the following Content Security Policy directive: "connect-src 'none'". The policy is report-only, so the violation has been logged but no further action has been taken.
Connecting to '<URL>' violates the following Content Security Policy directive: "connect-src 'none'". The policy is report-only, so the violation has been logged but no further action has been taken.
Connecting to '<URL>' violates the following Content Security Policy directive: "connect-src 'none'". The policy is report-only, so the violation has been logged but no further action has been taken.
Connecting to '<URL>' violates the following Content Security Policy directive: "connect-src 'none'". The policy is report-only, so the violation has been logged but no further action has been taken.
Connecting to '<URL>' violates the following Content Security Policy directive: "connect-src 'none'". The policy is report-only, so the violation has been logged but no further action has been taken.
Connecting to '<URL>' violates the following Content Security Policy directive: "connect-src 'none'". The policy is report-only, so the violation has been logged but no further action has been taken.
Connecting to '<URL>' violates the following Content Security Policy directive: "connect-src 'none'". The policy is report-only, so the violation has been logged but no further action has been taken.
Connecting to '<URL>' violates the following Content Security Policy directive: "connect-src 'none'". The policy is report-only, so the violation has been logged but no further action has been taken.
Connecting to '<URL>' violates the following Content Security Policy directive: "connect-src 'none'". The policy is report-only, so the violation has been logged but no further action has been taken.
Connecting to '<URL>' violates the following Content Security Policy directive: "connect-src 'none'". The policy is report-only, so the violation has been logged but no further action has been taken.
Connecting to '<URL>' violates the following Content Security Policy directive: "connect-src 'none'". The policy is report-only, so the violation has been logged but no further action has been taken.
Connecting to '<URL>' violates the following Content Security Policy directive: "connect-src 'none'". The policy is report-only, so the violation has been logged but no further action has been taken.
Connecting to '<URL>' violates the following Content Security Policy directive: "connect-src 'none'". The policy is report-only, so the violation has been logged but no further action has been taken.
Connecting to '<URL>' violates the following Content Security Policy directive: "connect-src 'none'". The policy is report-only, so the violation has been logged but no further action has been taken.
Connecting to '<URL>' violates the following Content Security Policy directive: "connect-src 'none'". The policy is report-only, so the violation has been logged but no further action has been taken.
Connecting to '<URL>' violates the following Content Security Policy directive: "connect-src 'none'". The policy is report-only, so the violation has been logged but no further action has been taken.
Connecting to '<URL>' violates the following Content Security Policy directive: "connect-src 'none'". The policy is report-only, so the violation has been logged but no further action has been taken.
Connecting to '<URL>' violates the following Content Security Policy directive: "connect-src 'none'". The policy is report-only, so the violation has been logged but no further action has been taken.
Connecting to '<URL>' violates the following Content Security Policy directive: "connect-src 'none'". The policy is report-only, so the violation has been logged but no further action has been taken.
Connecting to '<URL>' violates the following Content Security Policy directive: "connect-src 'none'". The policy is report-only, so the violation has been logged but no further action has been taken.
Connecting to '<URL>' violates the following Content Security Policy directive: "connect-src 'none'". The policy is report-only, so the violation has been logged but no further action has been taken.
Connecting to '<URL>' violates the following Content Security Policy directive: "connect-src 'none'". The policy is report-only, so the violation has been logged but no further action has been taken.
Connecting to '<URL>' violates the following Content Security Policy directive: "connect-src 'none'". The policy is report-only, so the violation has been logged but no further action has been taken.
Connecting to '<URL>' violates the following Content Security Policy directive: "connect-src 'none'". The policy is report-only, so the violation has been logged but no further action has been taken.
Connecting to '<URL>' violates the following Content Security Policy directive: "connect-src 'none'". The policy is report-only, so the violation has been logged but no further action has been taken.
Connecting to '<URL>' violates the following Content Security Policy directive: "connect-src 'none'". The policy is report-only, so the violation has been logged but no further action has been taken.
Connecting to '<URL>' violates the following Content Security Policy directive: "connect-src 'none'". The policy is report-only, so the violation has been logged but no further action has been taken.
Connecting to '<URL>' violates the following Content Security Policy directive: "connect-src 'none'". The policy is report-only, so the violation has been logged but no further action has been taken.
Connecting to '<URL>' violates the following Content Security Policy directive: "connect-src 'none'". The policy is report-only, so the violation has been logged but no further action has been taken.
Connecting to '<URL>' violates the following Content Security Policy directive: "connect-src 'none'". The policy is report-only, so the violation has been logged but no further action has been taken.
Connecting to '<URL>' violates the following Content Security Policy directive: "connect-src 'none'". The policy is report-only, so the violation has been logged but no further action has been taken.
Connecting to '<URL>' violates the following Content Security Policy directive: "connect-src 'none'". The policy is report-only, so the violation has been logged but no further action has been taken.
Promise {<pending>}
VM104:40 Page 1/647: 200 10 UUIDs | total unique: 10
The resource <URL> was preloaded using link preload but not used within a few seconds from the window's load event. Please make sure it has an appropriate `as` value and it is preloaded intentionally.
The resource <URL> was preloaded using link preload but not used within a few seconds from the window's load event. Please make sure it has an appropriate `as` value and it is preloaded intentionally.
The resource <URL> was preloaded using link preload but not used within a few seconds from the window's load event. Please make sure it has an appropriate `as` value and it is preloaded intentionally.
The resource <URL> was preloaded using link preload but not used within a few seconds from the window's load event. Please make sure it has an appropriate `as` value and it is preloaded intentionally.
The resource <URL> was preloaded using link preload but not used within a few seconds from the window's load event. Please make sure it has an appropriate `as` value and it is preloaded intentionally.
The resource <URL> was preloaded using link preload but not used within a few seconds from the window's load event. Please make sure it has an appropriate `as` value and it is preloaded intentionally.
The resource <URL> was preloaded using link preload but not used within a few seconds from the window's load event. Please make sure it has an appropriate `as` value and it is preloaded intentionally.
The resource <URL> was preloaded using link preload but not used within a few seconds from the window's load event. Please make sure it has an appropriate `as` value and it is preloaded intentionally.
The resource <URL> was preloaded using link preload but not used within a few seconds from the window's load event. Please make sure it has an appropriate `as` value and it is preloaded intentionally.
The resource <URL> was preloaded using link preload but not used within a few seconds from the window's load event. Please make sure it has an appropriate `as` value and it is preloaded intentionally.
The resource <URL> was preloaded using link preload but not used within a few seconds from the window's load event. Please make sure it has an appropriate `as` value and it is preloaded intentionally.
The resource <URL> was preloaded using link preload but not used within a few seconds from the window's load event. Please make sure it has an appropriate `as` value and it is preloaded intentionally.
The resource <URL> was preloaded using link preload but not used within a few seconds from the window's load event. Please make sure it has an appropriate `as` value and it is preloaded intentionally.
The resource <URL> was preloaded using link preload but not used within a few seconds from the window's load event. Please make sure it has an appropriate `as` value and it is preloaded intentionally.
The resource <URL> was preloaded using link preload but not used within a few seconds from the window's load event. Please make sure it has an appropriate `as` value and it is preloaded intentionally.
The resource <URL> was preloaded using link preload but not used within a few seconds from the window's load event. Please make sure it has an appropriate `as` value and it is preloaded intentionally.
The resource <URL> was preloaded using link preload but not used within a few seconds from the window's load event. Please make sure it has an appropriate `as` value and it is preloaded intentionally.
The resource <URL> was preloaded using link preload but not used within a few seconds from the window's load event. Please make sure it has an appropriate `as` value and it is preloaded intentionally.
The resource <URL> was preloaded using link preload but not used within a few seconds from the window's load event. Please make sure it has an appropriate `as` value and it is preloaded intentionally.
The resource <URL> was preloaded using link preload but not used within a few seconds from the window's load event. Please make sure it has an appropriate `as` value and it is preloaded intentionally.
The resource <URL> was preloaded using link preload but not used within a few seconds from the window's load event. Please make sure it has an appropriate `as` value and it is preloaded intentionally.
The resource <URL> was preloaded using link preload but not used within a few seconds from the window's load event. Please make sure it has an appropriate `as` value and it is preloaded intentionally.
The resource <URL> was preloaded using link preload but not used within a few seconds from the window's load event. Please make sure it has an appropriate `as` value and it is preloaded intentionally.
The resource <URL> was preloaded using link preload but not used within a few seconds from the window's load event. Please make sure it has an appropriate `as` value and it is preloaded intentionally.
The resource <URL> was preloaded using link preload but not used within a few seconds from the window's load event. Please make sure it has an appropriate `as` value and it is preloaded intentionally.
The resource <URL> was preloaded using link preload but not used within a few seconds from the window's load event. Please make sure it has an appropriate `as` value and it is preloaded intentionally.
The resource <URL> was preloaded using link preload but not used within a few seconds from the window's load event. Please make sure it has an appropriate `as` value and it is preloaded intentionally.
The resource <URL> was preloaded using link preload but not used within a few seconds from the window's load event. Please make sure it has an appropriate `as` value and it is preloaded intentionally.
The resource <URL> was preloaded using link preload but not used within a few seconds from the window's load event. Please make sure it has an appropriate `as` value and it is preloaded intentionally.
The resource <URL> was preloaded using link preload but not used within a few seconds from the window's load event. Please make sure it has an appropriate `as` value and it is preloaded intentionally.
The resource <URL> was preloaded using link preload but not used within a few seconds from the window's load event. Please make sure it has an appropriate `as` value and it is preloaded intentionally.
The resource <URL> was preloaded using link preload but not used within a few seconds from the window's load event. Please make sure it has an appropriate `as` value and it is preloaded intentionally.
The resource <URL> was preloaded using link preload but not used within a few seconds from the window's load event. Please make sure it has an appropriate `as` value and it is preloaded intentionally.
The resource <URL> was preloaded using link preload but not used within a few seconds from the window's load event. Please make sure it has an appropriate `as` value and it is preloaded intentionally.
The resource <URL> was preloaded using link preload but not used within a few seconds from the window's load event. Please make sure it has an appropriate `as` value and it is preloaded intentionally.
The resource <URL> was preloaded using link preload but not used within a few seconds from the window's load event. Please make sure it has an appropriate `as` value and it is preloaded intentionally.
The resource <URL> was preloaded using link preload but not used within a few seconds from the window's load event. Please make sure it has an appropriate `as` value and it is preloaded intentionally.
The resource <URL> was preloaded using link preload but not used within a few seconds from the window's load event. Please make sure it has an appropriate `as` value and it is preloaded intentionally.
The resource <URL> was preloaded using link preload but not used within a few seconds from the window's load event. Please make sure it has an appropriate `as` value and it is preloaded intentionally.
The resource <URL> was preloaded using link preload but not used within a few seconds from the window's load event. Please make sure it has an appropriate `as` value and it is preloaded intentionally.
The resource <URL> was preloaded using link preload but not used within a few seconds from the window's load event. Please make sure it has an appropriate `as` value and it is preloaded intentionally.
The resource <URL> was preloaded using link preload but not used within a few seconds from the window's load event. Please make sure it has an appropriate `as` value and it is preloaded intentionally.
The resource <URL> was preloaded using link preload but not used within a few seconds from the window's load event. Please make sure it has an appropriate `as` value and it is preloaded intentionally.
The resource <URL> was preloaded using link preload but not used within a few seconds from the window's load event. Please make sure it has an appropriate `as` value and it is preloaded intentionally.
The resource <URL> was preloaded using link preload but not used within a few seconds from the window's load event. Please make sure it has an appropriate `as` value and it is preloaded intentionally.
The resource <URL> was preloaded using link preload but not used within a few seconds from the window's load event. Please make sure it has an appropriate `as` value and it is preloaded intentionally.
The resource <URL> was preloaded using link preload but not used within a few seconds from the window's load event. Please make sure it has an appropriate `as` value and it is preloaded intentionally.
The resource <URL> was preloaded using link preload but not used within a few seconds from the window's load event. Please make sure it has an appropriate `as` value and it is preloaded intentionally.
The resource <URL> was preloaded using link preload but not used within a few seconds from the window's load event. Please make sure it has an appropriate `as` value and it is preloaded intentionally.
The resource <URL> was preloaded using link preload but not used within a few seconds from the window's load event. Please make sure it has an appropriate `as` value and it is preloaded intentionally.
The resource <URL> was preloaded using link preload but not used within a few seconds from the window's load event. Please make sure it has an appropriate `as` value and it is preloaded intentionally.
The resource <URL> was preloaded using link preload but not used within a few seconds from the window's load event. Please make sure it has an appropriate `as` value and it is preloaded intentionally.
The resource <URL> was preloaded using link preload but not used within a few seconds from the window's load event. Please make sure it has an appropriate `as` value and it is preloaded intentionally.
The resource <URL> was preloaded using link preload but not used within a few seconds from the window's load event. Please make sure it has an appropriate `as` value and it is preloaded intentionally.
The resource <URL> was preloaded using link preload but not used within a few seconds from the window's load event. Please make sure it has an appropriate `as` value and it is preloaded intentionally.
The resource <URL> was preloaded using link preload but not used within a few seconds from the window's load event. Please make sure it has an appropriate `as` value and it is preloaded intentionally.
The resource <URL> was preloaded using link preload but not used within a few seconds from the window's load event. Please make sure it has an appropriate `as` value and it is preloaded intentionally.
The resource <URL> was preloaded using link preload but not used within a few seconds from the window's load event. Please make sure it has an appropriate `as` value and it is preloaded intentionally.
The resource <URL> was preloaded using link preload but not used within a few seconds from the window's load event. Please make sure it has an appropriate `as` value and it is preloaded intentionally.
The resource <URL> was preloaded using link preload but not used within a few seconds from the window's load event. Please make sure it has an appropriate `as` value and it is preloaded intentionally.
The resource <URL> was preloaded using link preload but not used within a few seconds from the window's load event. Please make sure it has an appropriate `as` value and it is preloaded intentionally.
The resource <URL> was preloaded using link preload but not used within a few seconds from the window's load event. Please make sure it has an appropriate `as` value and it is preloaded intentionally.
The resource <URL> was preloaded using link preload but not used within a few seconds from the window's load event. Please make sure it has an appropriate `as` value and it is preloaded intentionally.
The resource <URL> was preloaded using link preload but not used within a few seconds from the window's load event. Please make sure it has an appropriate `as` value and it is preloaded intentionally.
The resource <URL> was preloaded using link preload but not used within a few seconds from the window's load event. Please make sure it has an appropriate `as` value and it is preloaded intentionally.
The resource <URL> was preloaded using link preload but not used within a few seconds from the window's load event. Please make sure it has an appropriate `as` value and it is preloaded intentionally.
The resource <URL> was preloaded using link preload but not used within a few seconds from the window's load event. Please make sure it has an appropriate `as` value and it is preloaded intentionally.
The resource <URL> was preloaded using link preload but not used within a few seconds from the window's load event. Please make sure it has an appropriate `as` value and it is preloaded intentionally.
The resource <URL> was preloaded using link preload but not used within a few seconds from the window's load event. Please make sure it has an appropriate `as` value and it is preloaded intentionally.
The resource <URL> was preloaded using link preload but not used within a few seconds from the window's load event. Please make sure it has an appropriate `as` value and it is preloaded intentionally.
The resource <URL> was preloaded using link preload but not used within a few seconds from the window's load event. Please make sure it has an appropriate `as` value and it is preloaded intentionally.
The resource <URL> was preloaded using link preload but not used within a few seconds from the window's load event. Please make sure it has an appropriate `as` value and it is preloaded intentionally.
The resource <URL> was preloaded using link preload but not used within a few seconds from the window's load event. Please make sure it has an appropriate `as` value and it is preloaded intentionally.
The resource <URL> was preloaded using link preload but not used within a few seconds from the window's load event. Please make sure it has an appropriate `as` value and it is preloaded intentionally.
The resource <URL> was preloaded using link preload but not used within a few seconds from the window's load event. Please make sure it has an appropriate `as` value and it is preloaded intentionally.
The resource <URL> was preloaded using link preload but not used within a few seconds from the window's load event. Please make sure it has an appropriate `as` value and it is preloaded intentionally.
The resource <URL> was preloaded using link preload but not used within a few seconds from the window's load event. Please make sure it has an appropriate `as` value and it is preloaded intentionally.
The resource <URL> was preloaded using link preload but not used within a few seconds from the window's load event. Please make sure it has an appropriate `as` value and it is preloaded intentionally.
The resource <URL> was preloaded using link preload but not used within a few seconds from the window's load event. Please make sure it has an appropriate `as` value and it is preloaded intentionally.
The resource <URL> was preloaded using link preload but not used within a few seconds from the window's load event. Please make sure it has an appropriate `as` value and it is preloaded intentionally.
The resource <URL> was preloaded using link preload but not used within a few seconds from the window's load event. Please make sure it has an appropriate `as` value and it is preloaded intentionally.
The resource <URL> was preloaded using link preload but not used within a few seconds from the window's load event. Please make sure it has an appropriate `as` value and it is preloaded intentionally.
The resource <URL> was preloaded using link preload but not used within a few seconds from the window's load event. Please make sure it has an appropriate `as` value and it is preloaded intentionally.
The resource <URL> was preloaded using link preload but not used within a few seconds from the window's load event. Please make sure it has an appropriate `as` value and it is preloaded intentionally.
The resource <URL> was preloaded using link preload but not used within a few seconds from the window's load event. Please make sure it has an appropriate `as` value and it is preloaded intentionally.
The resource <URL> was preloaded using link preload but not used within a few seconds from the window's load event. Please make sure it has an appropriate `as` value and it is preloaded intentionally.
The resource <URL> was preloaded using link preload but not used within a few seconds from the window's load event. Please make sure it has an appropriate `as` value and it is preloaded intentionally.
The resource <URL> was preloaded using link preload but not used within a few seconds from the window's load event. Please make sure it has an appropriate `as` value and it is preloaded intentionally.
The resource <URL> was preloaded using link preload but not used within a few seconds from the window's load event. Please make sure it has an appropriate `as` value and it is preloaded intentionally.
The resource <URL> was preloaded using link preload but not used within a few seconds from the window's load event. Please make sure it has an appropriate `as` value and it is preloaded intentionally.
The resource <URL> was preloaded using link preload but not used within a few seconds from the window's load event. Please make sure it has an appropriate `as` value and it is preloaded intentionally.
The resource <URL> was preloaded using link preload but not used within a few seconds from the window's load event. Please make sure it has an appropriate `as` value and it is preloaded intentionally.
The resource <URL> was preloaded using link preload but not used within a few seconds from the window's load event. Please make sure it has an appropriate `as` value and it is preloaded intentionally.
The resource <URL> was preloaded using link preload but not used within a few seconds from the window's load event. Please make sure it has an appropriate `as` value and it is preloaded intentionally.
The resource <URL> was preloaded using link preload but not used within a few seconds from the window's load event. Please make sure it has an appropriate `as` value and it is preloaded intentionally.
The resource <URL> was preloaded using link preload but not used within a few seconds from the window's load event. Please make sure it has an appropriate `as` value and it is preloaded intentionally.
The resource <URL> was preloaded using link preload but not used within a few seconds from the window's load event. Please make sure it has an appropriate `as` value and it is preloaded intentionally.
The resource <URL> was preloaded using link preload but not used within a few seconds from the window's load event. Please make sure it has an appropriate `as` value and it is preloaded intentionally.
The resource <URL> was preloaded using link preload but not used within a few seconds from the window's load event. Please make sure it has an appropriate `as` value and it is preloaded intentionally.
The resource <URL> was preloaded using link preload but not used within a few seconds from the window's load event. Please make sure it has an appropriate `as` value and it is preloaded intentionally.
The resource <URL> was preloaded using link preload but not used within a few seconds from the window's load event. Please make sure it has an appropriate `as` value and it is preloaded intentionally.
The resource <URL> was preloaded using link preload but not used within a few seconds from the window's load event. Please make sure it has an appropriate `as` value and it is preloaded intentionally.
The resource <URL> was preloaded using link preload but not used within a few seconds from the window's load event. Please make sure it has an appropriate `as` value and it is preloaded intentionally.
The resource <URL> was preloaded using link preload but not used within a few seconds from the window's load event. Please make sure it has an appropriate `as` value and it is preloaded intentionally.
The resource <URL> was preloaded using link preload but not used within a few seconds from the window's load event. Please make sure it has an appropriate `as` value and it is preloaded intentionally.
The resource <URL> was preloaded using link preload but not used within a few seconds from the window's load event. Please make sure it has an appropriate `as` value and it is preloaded intentionally.
The resource <URL> was preloaded using link preload but not used within a few seconds from the window's load event. Please make sure it has an appropriate `as` value and it is preloaded intentionally.
The resource <URL> was preloaded using link preload but not used within a few seconds from the window's load event. Please make sure it has an appropriate `as` value and it is preloaded intentionally.
The resource <URL> was preloaded using link preload but not used within a few seconds from the window's load event. Please make sure it has an appropriate `as` value and it is preloaded intentionally.
The resource <URL> was preloaded using link preload but not used within a few seconds from the window's load event. Please make sure it has an appropriate `as` value and it is preloaded intentionally.
The resource <URL> was preloaded using link preload but not used within a few seconds from the window's load event. Please make sure it has an appropriate `as` value and it is preloaded intentionally.
The resource <URL> was preloaded using link preload but not used within a few seconds from the window's load event. Please make sure it has an appropriate `as` value and it is preloaded intentionally.
The resource <URL> was preloaded using link preload but not used within a few seconds from the window's load event. Please make sure it has an appropriate `as` value and it is preloaded intentionally.
The resource <URL> was preloaded using link preload but not used within a few seconds from the window's load event. Please make sure it has an appropriate `as` value and it is preloaded intentionally.
The resource <URL> was preloaded using link preload but not used within a few seconds from the window's load event. Please make sure it has an appropriate `as` value and it is preloaded intentionally.
The resource <URL> was preloaded using link preload but not used within a few seconds from the window's load event. Please make sure it has an appropriate `as` value and it is preloaded intentionally.
The resource <URL> was preloaded using link preload but not used within a few seconds from the window's load event. Please make sure it has an appropriate `as` value and it is preloaded intentionally.
The resource <URL> was preloaded using link preload but not used within a few seconds from the window's load event. Please make sure it has an appropriate `as` value and it is preloaded intentionally.
The resource <URL> was preloaded using link preload but not used within a few seconds from the window's load event. Please make sure it has an appropriate `as` value and it is preloaded intentionally.
The resource <URL> was preloaded using link preload but not used within a few seconds from the window's load event. Please make sure it has an appropriate `as` value and it is preloaded intentionally.
The resource <URL> was preloaded using link preload but not used within a few seconds from the window's load event. Please make sure it has an appropriate `as` value and it is preloaded intentionally.
The resource <URL> was preloaded using link preload but not used within a few seconds from the window's load event. Please make sure it has an appropriate `as` value and it is preloaded intentionally.
The resource <URL> was preloaded using link preload but not used within a few seconds from the window's load event. Please make sure it has an appropriate `as` value and it is preloaded intentionally.
The resource <URL> was preloaded using link preload but not used within a few seconds from the window's load event. Please make sure it has an appropriate `as` value and it is preloaded intentionally.
The resource <URL> was preloaded using link preload but not used within a few seconds from the window's load event. Please make sure it has an appropriate `as` value and it is preloaded intentionally.
The resource <URL> was preloaded using link preload but not used within a few seconds from the window's load event. Please make sure it has an appropriate `as` value and it is preloaded intentionally.
The resource <URL> was preloaded using link preload but not used within a few seconds from the window's load event. Please make sure it has an appropriate `as` value and it is preloaded intentionally.
The resource <URL> was preloaded using link preload but not used within a few seconds from the window's load event. Please make sure it has an appropriate `as` value and it is preloaded intentionally.
The resource <URL> was preloaded using link preload but not used within a few seconds from the window's load event. Please make sure it has an appropriate `as` value and it is preloaded intentionally.
The resource <URL> was preloaded using link preload but not used within a few seconds from the window's load event. Please make sure it has an appropriate `as` value and it is preloaded intentionally.
The resource <URL> was preloaded using link preload but not used within a few seconds from the window's load event. Please make sure it has an appropriate `as` value and it is preloaded intentionally.
The resource <URL> was preloaded using link preload but not used within a few seconds from the window's load event. Please make sure it has an appropriate `as` value and it is preloaded intentionally.
The resource <URL> was preloaded using link preload but not used within a few seconds from the window's load event. Please make sure it has an appropriate `as` value and it is preloaded intentionally.
The resource <URL> was preloaded using link preload but not used within a few seconds from the window's load event. Please make sure it has an appropriate `as` value and it is preloaded intentionally.
The resource <URL> was preloaded using link preload but not used within a few seconds from the window's load event. Please make sure it has an appropriate `as` value and it is preloaded intentionally.
The resource <URL> was preloaded using link preload but not used within a few seconds from the window's load event. Please make sure it has an appropriate `as` value and it is preloaded intentionally.
The resource <URL> was preloaded using link preload but not used within a few seconds from the window's load event. Please make sure it has an appropriate `as` value and it is preloaded intentionally.
The resource <URL> was preloaded using link preload but not used within a few seconds from the window's load event. Please make sure it has an appropriate `as` value and it is preloaded intentionally.
The resource <URL> was preloaded using link preload but not used within a few seconds from the window's load event. Please make sure it has an appropriate `as` value and it is preloaded intentionally.
The resource <URL> was preloaded using link preload but not used within a few seconds from the window's load event. Please make sure it has an appropriate `as` value and it is preloaded intentionally.
The resource <URL> was preloaded using link preload but not used within a few seconds from the window's load event. Please make sure it has an appropriate `as` value and it is preloaded intentionally.
The resource <URL> was preloaded using link preload but not used within a few seconds from the window's load event. Please make sure it has an appropriate `as` value and it is preloaded intentionally.
The resource <URL> was preloaded using link preload but not used within a few seconds from the window's load event. Please make sure it has an appropriate `as` value and it is preloaded intentionally.
The resource <URL> was preloaded using link preload but not used within a few seconds from the window's load event. Please make sure it has an appropriate `as` value and it is preloaded intentionally.
The resource <URL> was preloaded using link preload but not used within a few seconds from the window's load event. Please make sure it has an appropriate `as` value and it is preloaded intentionally.
The resource <URL> was preloaded using link preload but not used within a few seconds from the window's load event. Please make sure it has an appropriate `as` value and it is preloaded intentionally.
The resource <URL> was preloaded using link preload but not used within a few seconds from the window's load event. Please make sure it has an appropriate `as` value and it is preloaded intentionally.
The resource <URL> was preloaded using link preload but not used within a few seconds from the window's load event. Please make sure it has an appropriate `as` value and it is preloaded intentionally.
The resource <URL> was preloaded using link preload but not used within a few seconds from the window's load event. Please make sure it has an appropriate `as` value and it is preloaded intentionally.
The resource <URL> was preloaded using link preload but not used within a few seconds from the window's load event. Please make sure it has an appropriate `as` value and it is preloaded intentionally.
The resource <URL> was preloaded using link preload but not used within a few seconds from the window's load event. Please make sure it has an appropriate `as` value and it is preloaded intentionally.
The resource <URL> was preloaded using link preload but not used within a few seconds from the window's load event. Please make sure it has an appropriate `as` value and it is preloaded intentionally.
The resource <URL> was preloaded using link preload but not used within a few seconds from the window's load event. Please make sure it has an appropriate `as` value and it is preloaded intentionally.
The resource <URL> was preloaded using link preload but not used within a few seconds from the window's load event. Please make sure it has an appropriate `as` value and it is preloaded intentionally.
The resource <URL> was preloaded using link preload but not used within a few seconds from the window's load event. Please make sure it has an appropriate `as` value and it is preloaded intentionally.
The resource <URL> was preloaded using link preload but not used within a few seconds from the window's load event. Please make sure it has an appropriate `as` value and it is preloaded intentionally.
The resource <URL> was preloaded using link preload but not used within a few seconds from the window's load event. Please make sure it has an appropriate `as` value and it is preloaded intentionally.
The resource <URL> was preloaded using link preload but not used within a few seconds from the window's load event. Please make sure it has an appropriate `as` value and it is preloaded intentionally.
The resource <URL> was preloaded using link preload but not used within a few seconds from the window's load event. Please make sure it has an appropriate `as` value and it is preloaded intentionally.
The resource <URL> was preloaded using link preload but not used within a few seconds from the window's load event. Please make sure it has an appropriate `as` value and it is preloaded intentionally.
The resource <URL> was preloaded using link preload but not used within a few seconds from the window's load event. Please make sure it has an appropriate `as` value and it is preloaded intentionally.
The resource <URL> was preloaded using link preload but not used within a few seconds from the window's load event. Please make sure it has an appropriate `as` value and it is preloaded intentionally.
The resource <URL> was preloaded using link preload but not used within a few seconds from the window's load event. Please make sure it has an appropriate `as` value and it is preloaded intentionally.
The resource <URL> was preloaded using link preload but not used within a few seconds from the window's load event. Please make sure it has an appropriate `as` value and it is preloaded intentionally.
The resource <URL> was preloaded using link preload but not used within a few seconds from the window's load event. Please make sure it has an appropriate `as` value and it is preloaded intentionally.
The resource <URL> was preloaded using link preload but not used within a few seconds from the window's load event. Please make sure it has an appropriate `as` value and it is preloaded intentionally.
The resource <URL> was preloaded using link preload but not used within a few seconds from the window's load event. Please make sure it has an appropriate `as` value and it is preloaded intentionally.
The resource <URL> was preloaded using link preload but not used within a few seconds from the window's load event. Please make sure it has an appropriate `as` value and it is preloaded intentionally.
The resource <URL> was preloaded using link preload but not used within a few seconds from the window's load event. Please make sure it has an appropriate `as` value and it is preloaded intentionally.
The resource <URL> was preloaded using link preload but not used within a few seconds from the window's load event. Please make sure it has an appropriate `as` value and it is preloaded intentionally.
The resource <URL> was preloaded using link preload but not used within a few seconds from the window's load event. Please make sure it has an appropriate `as` value and it is preloaded intentionally.
The resource <URL> was preloaded using link preload but not used within a few seconds from the window's load event. Please make sure it has an appropriate `as` value and it is preloaded intentionally.
The resource <URL> was preloaded using link preload but not used within a few seconds from the window's load event. Please make sure it has an appropriate `as` value and it is preloaded intentionally.
The resource <URL> was preloaded using link preload but not used within a few seconds from the window's load event. Please make sure it has an appropriate `as` value and it is preloaded intentionally.
The resource <URL> was preloaded using link preload but not used within a few seconds from the window's load event. Please make sure it has an appropriate `as` value and it is preloaded intentionally.
The resource <URL> was preloaded using link preload but not used within a few seconds from the window's load event. Please make sure it has an appropriate `as` value and it is preloaded intentionally.
The resource <URL> was preloaded using link preload but not used within a few seconds from the window's load event. Please make sure it has an appropriate `as` value and it is preloaded intentionally.
The resource <URL> was preloaded using link preload but not used within a few seconds from the window's load event. Please make sure it has an appropriate `as` value and it is preloaded intentionally.
The resource <URL> was preloaded using link preload but not used within a few seconds from the window's load event. Please make sure it has an appropriate `as` value and it is preloaded intentionally.
The resource <URL> was preloaded using link preload but not used within a few seconds from the window's load event. Please make sure it has an appropriate `as` value and it is preloaded intentionally.
The resource <URL> was preloaded using link preload but not used within a few seconds from the window's load event. Please make sure it has an appropriate `as` value and it is preloaded intentionally.
The resource <URL> was preloaded using link preload but not used within a few seconds from the window's load event. Please make sure it has an appropriate `as` value and it is preloaded intentionally.
The resource <URL> was preloaded using link preload but not used within a few seconds from the window's load event. Please make sure it has an appropriate `as` value and it is preloaded intentionally.
The resource <URL> was preloaded using link preload but not used within a few seconds from the window's load event. Please make sure it has an appropriate `as` value and it is preloaded intentionally.
The resource <URL> was preloaded using link preload but not used within a few seconds from the window's load event. Please make sure it has an appropriate `as` value and it is preloaded intentionally.
The resource <URL> was preloaded using link preload but not used within a few seconds from the window's load event. Please make sure it has an appropriate `as` value and it is preloaded intentionally.
The resource <URL> was preloaded using link preload but not used within a few seconds from the window's load event. Please make sure it has an appropriate `as` value and it is preloaded intentionally.
The resource <URL> was preloaded using link preload but not used within a few seconds from the window's load event. Please make sure it has an appropriate `as` value and it is preloaded intentionally.
The resource <URL> was preloaded using link preload but not used within a few seconds from the window's load event. Please make sure it has an appropriate `as` value and it is preloaded intentionally.
The resource <URL> was preloaded using link preload but not used within a few seconds from the window's load event. Please make sure it has an appropriate `as` value and it is preloaded intentionally.
The resource <URL> was preloaded using link preload but not used within a few seconds from the window's load event. Please make sure it has an appropriate `as` value and it is preloaded intentionally.
The resource <URL> was preloaded using link preload but not used within a few seconds from the window's load event. Please make sure it has an appropriate `as` value and it is preloaded intentionally.
The resource <URL> was preloaded using link preload but not used within a few seconds from the window's load event. Please make sure it has an appropriate `as` value and it is preloaded intentionally.
The resource <URL> was preloaded using link preload but not used within a few seconds from the window's load event. Please make sure it has an appropriate `as` value and it is preloaded intentionally.
The resource <URL> was preloaded using link preload but not used within a few seconds from the window's load event. Please make sure it has an appropriate `as` value and it is preloaded intentionally.
The resource <URL> was preloaded using link preload but not used within a few seconds from the window's load event. Please make sure it has an appropriate `as` value and it is preloaded intentionally.
The resource <URL> was preloaded using link preload but not used within a few seconds from the window's load event. Please make sure it has an appropriate `as` value and it is preloaded intentionally.
The resource <URL> was preloaded using link preload but not used within a few seconds from the window's load event. Please make sure it has an appropriate `as` value and it is preloaded intentionally.
The resource <URL> was preloaded using link preload but not used within a few seconds from the window's load event. Please make sure it has an appropriate `as` value and it is preloaded intentionally.
The resource <URL> was preloaded using link preload but not used within a few seconds from the window's load event. Please make sure it has an appropriate `as` value and it is preloaded intentionally.
The resource <URL> was preloaded using link preload but not used within a few seconds from the window's load event. Please make sure it has an appropriate `as` value and it is preloaded intentionally.
The resource <URL> was preloaded using link preload but not used within a few seconds from the window's load event. Please make sure it has an appropriate `as` value and it is preloaded intentionally.
The resource <URL> was preloaded using link preload but not used within a few seconds from the window's load event. Please make sure it has an appropriate `as` value and it is preloaded intentionally.
The resource <URL> was preloaded using link preload but not used within a few seconds from the window's load event. Please make sure it has an appropriate `as` value and it is preloaded intentionally.
The resource <URL> was preloaded using link preload but not used within a few seconds from the window's load event. Please make sure it has an appropriate `as` value and it is preloaded intentionally.
The resource <URL> was preloaded using link preload but not used within a few seconds from the window's load event. Please make sure it has an appropriate `as` value and it is preloaded intentionally.
The resource <URL> was preloaded using link preload but not used within a few seconds from the window's load event. Please make sure it has an appropriate `as` value and it is preloaded intentionally.
The resource <URL> was preloaded using link preload but not used within a few seconds from the window's load event. Please make sure it has an appropriate `as` value and it is preloaded intentionally.
The resource <URL> was preloaded using link preload but not used within a few seconds from the window's load event. Please make sure it has an appropriate `as` value and it is preloaded intentionally.
The resource <URL> was preloaded using link preload but not used within a few seconds from the window's load event. Please make sure it has an appropriate `as` value and it is preloaded intentionally.
The resource <URL> was preloaded using link preload but not used within a few seconds from the window's load event. Please make sure it has an appropriate `as` value and it is preloaded intentionally.
The resource <URL> was preloaded using link preload but not used within a few seconds from the window's load event. Please make sure it has an appropriate `as` value and it is preloaded intentionally.
The resource <URL> was preloaded using link preload but not used within a few seconds from the window's load event. Please make sure it has an appropriate `as` value and it is preloaded intentionally.
The resource <URL> was preloaded using link preload but not used within a few seconds from the window's load event. Please make sure it has an appropriate `as` value and it is preloaded intentionally.
The resource <URL> was preloaded using link preload but not used within a few seconds from the window's load event. Please make sure it has an appropriate `as` value and it is preloaded intentionally.
The resource <URL> was preloaded using link preload but not used within a few seconds from the window's load event. Please make sure it has an appropriate `as` value and it is preloaded intentionally.
The resource <URL> was preloaded using link preload but not used within a few seconds from the window's load event. Please make sure it has an appropriate `as` value and it is preloaded intentionally.
The resource <URL> was preloaded using link preload but not used within a few seconds from the window's load event. Please make sure it has an appropriate `as` value and it is preloaded intentionally.
The resource <URL> was preloaded using link preload but not used within a few seconds from the window's load event. Please make sure it has an appropriate `as` value and it is preloaded intentionally.
The resource <URL> was preloaded using link preload but not used within a few seconds from the window's load event. Please make sure it has an appropriate `as` value and it is preloaded intentionally.
The resource <URL> was preloaded using link preload but not used within a few seconds from the window's load event. Please make sure it has an appropriate `as` value and it is preloaded intentionally.
The resource <URL> was preloaded using link preload but not used within a few seconds from the window's load event. Please make sure it has an appropriate `as` value and it is preloaded intentionally.
The resource <URL> was preloaded using link preload but not used within a few seconds from the window's load event. Please make sure it has an appropriate `as` value and it is preloaded intentionally.
The resource <URL> was preloaded using link preload but not used within a few seconds from the window's load event. Please make sure it has an appropriate `as` value and it is preloaded intentionally.
The resource <URL> was preloaded using link preload but not used within a few seconds from the window's load event. Please make sure it has an appropriate `as` value and it is preloaded intentionally.
The resource <URL> was preloaded using link preload but not used within a few seconds from the window's load event. Please make sure it has an appropriate `as` value and it is preloaded intentionally.
The resource <URL> was preloaded using link preload but not used within a few seconds from the window's load event. Please make sure it has an appropriate `as` value and it is preloaded intentionally.
The resource <URL> was preloaded using link preload but not used within a few seconds from the window's load event. Please make sure it has an appropriate `as` value and it is preloaded intentionally.
The resource <URL> was preloaded using link preload but not used within a few seconds from the window's load event. Please make sure it has an appropriate `as` value and it is preloaded intentionally.
The resource <URL> was preloaded using link preload but not used within a few seconds from the window's load event. Please make sure it has an appropriate `as` value and it is preloaded intentionally.
The resource <URL> was preloaded using link preload but not used within a few seconds from the window's load event. Please make sure it has an appropriate `as` value and it is preloaded intentionally.
The resource <URL> was preloaded using link preload but not used within a few seconds from the window's load event. Please make sure it has an appropriate `as` value and it is preloaded intentionally.
The resource <URL> was preloaded using link preload but not used within a few seconds from the window's load event. Please make sure it has an appropriate `as` value and it is preloaded intentionally.
The resource <URL> was preloaded using link preload but not used within a few seconds from the window's load event. Please make sure it has an appropriate `as` value and it is preloaded intentionally.
The resource <URL> was preloaded using link preload but not used within a few seconds from the window's load event. Please make sure it has an appropriate `as` value and it is preloaded intentionally.
The resource <URL> was preloaded using link preload but not used within a few seconds from the window's load event. Please make sure it has an appropriate `as` value and it is preloaded intentionally.
The resource <URL> was preloaded using link preload but not used within a few seconds from the window's load event. Please make sure it has an appropriate `as` value and it is preloaded intentionally.
The resource <URL> was preloaded using link preload but not used within a few seconds from the window's load event. Please make sure it has an appropriate `as` value and it is preloaded intentionally.
The resource <URL> was preloaded using link preload but not used within a few seconds from the window's load event. Please make sure it has an appropriate `as` value and it is preloaded intentionally.
The resource <URL> was preloaded using link preload but not used within a few seconds from the window's load event. Please make sure it has an appropriate `as` value and it is preloaded intentionally.
The resource <URL> was preloaded using link preload but not used within a few seconds from the window's load event. Please make sure it has an appropriate `as` value and it is preloaded intentionally.
The resource <URL> was preloaded using link preload but not used within a few seconds from the window's load event. Please make sure it has an appropriate `as` value and it is preloaded intentionally.
The resource <URL> was preloaded using link preload but not used within a few seconds from the window's load event. Please make sure it has an appropriate `as` value and it is preloaded intentionally.
The resource <URL> was preloaded using link preload but not used within a few seconds from the window's load event. Please make sure it has an appropriate `as` value and it is preloaded intentionally.
The resource <URL> was preloaded using link preload but not used within a few seconds from the window's load event. Please make sure it has an appropriate `as` value and it is preloaded intentionally.
The resource <URL> was preloaded using link preload but not used within a few seconds from the window's load event. Please make sure it has an appropriate `as` value and it is preloaded intentionally.
The resource <URL> was preloaded using link preload but not used within a few seconds from the window's load event. Please make sure it has an appropriate `as` value and it is preloaded intentionally.
The resource <URL> was preloaded using link preload but not used within a few seconds from the window's load event. Please make sure it has an appropriate `as` value and it is preloaded intentionally.
The resource <URL> was preloaded using link preload but not used within a few seconds from the window's load event. Please make sure it has an appropriate `as` value and it is preloaded intentionally.
The resource <URL> was preloaded using link preload but not used within a few seconds from the window's load event. Please make sure it has an appropriate `as` value and it is preloaded intentionally.
The resource <URL> was preloaded using link preload but not used within a few seconds from the window's load event. Please make sure it has an appropriate `as` value and it is preloaded intentionally.
The resource <URL> was preloaded using link preload but not used within a few seconds from the window's load event. Please make sure it has an appropriate `as` value and it is preloaded intentionally.
The resource <URL> was preloaded using link preload but not used within a few seconds from the window's load event. Please make sure it has an appropriate `as` value and it is preloaded intentionally.
The resource <URL> was preloaded using link preload but not used within a few seconds from the window's load event. Please make sure it has an appropriate `as` value and it is preloaded intentionally.
The resource <URL> was preloaded using link preload but not used within a few seconds from the window's load event. Please make sure it has an appropriate `as` value and it is preloaded intentionally.
The resource <URL> was preloaded using link preload but not used within a few seconds from the window's load event. Please make sure it has an appropriate `as` value and it is preloaded intentionally.
The resource <URL> was preloaded using link preload but not used within a few seconds from the window's load event. Please make sure it has an appropriate `as` value and it is preloaded intentionally.
The resource <URL> was preloaded using link preload but not used within a few seconds from the window's load event. Please make sure it has an appropriate `as` value and it is preloaded intentionally.
The resource <URL> was preloaded using link preload but not used within a few seconds from the window's load event. Please make sure it has an appropriate `as` value and it is preloaded intentionally.
The resource <URL> was preloaded using link preload but not used within a few seconds from the window's load event. Please make sure it has an appropriate `as` value and it is preloaded intentionally.
The resource <URL> was preloaded using link preload but not used within a few seconds from the window's load event. Please make sure it has an appropriate `as` value and it is preloaded intentionally.
The resource <URL> was preloaded using link preload but not used within a few seconds from the window's load event. Please make sure it has an appropriate `as` value and it is preloaded intentionally.
The resource <URL> was preloaded using link preload but not used within a few seconds from the window's load event. Please make sure it has an appropriate `as` value and it is preloaded intentionally.
The resource <URL> was preloaded using link preload but not used within a few seconds from the window's load event. Please make sure it has an appropriate `as` value and it is preloaded intentionally.
The resource <URL> was preloaded using link preload but not used within a few seconds from the window's load event. Please make sure it has an appropriate `as` value and it is preloaded intentionally.
The resource <URL> was preloaded using link preload but not used within a few seconds from the window's load event. Please make sure it has an appropriate `as` value and it is preloaded intentionally.
The resource <URL> was preloaded using link preload but not used within a few seconds from the window's load event. Please make sure it has an appropriate `as` value and it is preloaded intentionally.
The resource <URL> was preloaded using link preload but not used within a few seconds from the window's load event. Please make sure it has an appropriate `as` value and it is preloaded intentionally.
The resource <URL> was preloaded using link preload but not used within a few seconds from the window's load event. Please make sure it has an appropriate `as` value and it is preloaded intentionally.
The resource <URL> was preloaded using link preload but not used within a few seconds from the window's load event. Please make sure it has an appropriate `as` value and it is preloaded intentionally.
The resource <URL> was preloaded using link preload but not used within a few seconds from the window's load event. Please make sure it has an appropriate `as` value and it is preloaded intentionally.
The resource <URL> was preloaded using link preload but not used within a few seconds from the window's load event. Please make sure it has an appropriate `as` value and it is preloaded intentionally.
The resource <URL> was preloaded using link preload but not used within a few seconds from the window's load event. Please make sure it has an appropriate `as` value and it is preloaded intentionally.
The resource <URL> was preloaded using link preload but not used within a few seconds from the window's load event. Please make sure it has an appropriate `as` value and it is preloaded intentionally.
The resource <URL> was preloaded using link preload but not used within a few seconds from the window's load event. Please make sure it has an appropriate `as` value and it is preloaded intentionally.
The resource <URL> was preloaded using link preload but not used within a few seconds from the window's load event. Please make sure it has an appropriate `as` value and it is preloaded intentionally.
The resource <URL> was preloaded using link preload but not used within a few seconds from the window's load event. Please make sure it has an appropriate `as` value and it is preloaded intentionally.
The resource <URL> was preloaded using link preload but not used within a few seconds from the window's load event. Please make sure it has an appropriate `as` value and it is preloaded intentionally.
The resource <URL> was preloaded using link preload but not used within a few seconds from the window's load event. Please make sure it has an appropriate `as` value and it is preloaded intentionally.
The resource <URL> was preloaded using link preload but not used within a few seconds from the window's load event. Please make sure it has an appropriate `as` value and it is preloaded intentionally.
The resource <URL> was preloaded using link preload but not used within a few seconds from the window's load event. Please make sure it has an appropriate `as` value and it is preloaded intentionally.
The resource <URL> was preloaded using link preload but not used within a few seconds from the window's load event. Please make sure it has an appropriate `as` value and it is preloaded intentionally.
The resource <URL> was preloaded using link preload but not used within a few seconds from the window's load event. Please make sure it has an appropriate `as` value and it is preloaded intentionally.
The resource <URL> was preloaded using link preload but not used within a few seconds from the window's load event. Please make sure it has an appropriate `as` value and it is preloaded intentionally.
The resource <URL> was preloaded using link preload but not used within a few seconds from the window's load event. Please make sure it has an appropriate `as` value and it is preloaded intentionally.
The resource <URL> was preloaded using link preload but not used within a few seconds from the window's load event. Please make sure it has an appropriate `as` value and it is preloaded intentionally.
The resource <URL> was preloaded using link preload but not used within a few seconds from the window's load event. Please make sure it has an appropriate `as` value and it is preloaded intentionally.
The resource <URL> was preloaded using link preload but not used within a few seconds from the window's load event. Please make sure it has an appropriate `as` value and it is preloaded intentionally.
The resource <URL> was preloaded using link preload but not used within a few seconds from the window's load event. Please make sure it has an appropriate `as` value and it is preloaded intentionally.
The resource <URL> was preloaded using link preload but not used within a few seconds from the window's load event. Please make sure it has an appropriate `as` value and it is preloaded intentionally.
The resource <URL> was preloaded using link preload but not used within a few seconds from the window's load event. Please make sure it has an appropriate `as` value and it is preloaded intentionally.
The resource <URL> was preloaded using link preload but not used within a few seconds from the window's load event. Please make sure it has an appropriate `as` value and it is preloaded intentionally.
The resource <URL> was preloaded using link preload but not used within a few seconds from the window's load event. Please make sure it has an appropriate `as` value and it is preloaded intentionally.
The resource <URL> was preloaded using link preload but not used within a few seconds from the window's load event. Please make sure it has an appropriate `as` value and it is preloaded intentionally.
The resource <URL> was preloaded using link preload but not used within a few seconds from the window's load event. Please make sure it has an appropriate `as` value and it is preloaded intentionally.
The resource <URL> was preloaded using link preload but not used within a few seconds from the window's load event. Please make sure it has an appropriate `as` value and it is preloaded intentionally.
The resource <URL> was preloaded using link preload but not used within a few seconds from the window's load event. Please make sure it has an appropriate `as` value and it is preloaded intentionally.
The resource <URL> was preloaded using link preload but not used within a few seconds from the window's load event. Please make sure it has an appropriate `as` value and it is preloaded intentionally.
The resource <URL> was preloaded using link preload but not used within a few seconds from the window's load event. Please make sure it has an appropriate `as` value and it is preloaded intentionally.
The resource <URL> was preloaded using link preload but not used within a few seconds from the window's load event. Please make sure it has an appropriate `as` value and it is preloaded intentionally.
The resource <URL> was preloaded using link preload but not used within a few seconds from the window's load event. Please make sure it has an appropriate `as` value and it is preloaded intentionally.
The resource <URL> was preloaded using link preload but not used within a few seconds from the window's load event. Please make sure it has an appropriate `as` value and it is preloaded intentionally.
The resource <URL> was preloaded using link preload but not used within a few seconds from the window's load event. Please make sure it has an appropriate `as` value and it is preloaded intentionally.
The resource <URL> was preloaded using link preload but not used within a few seconds from the window's load event. Please make sure it has an appropriate `as` value and it is preloaded intentionally.
The resource <URL> was preloaded using link preload but not used within a few seconds from the window's load event. Please make sure it has an appropriate `as` value and it is preloaded intentionally.
The resource <URL> was preloaded using link preload but not used within a few seconds from the window's load event. Please make sure it has an appropriate `as` value and it is preloaded intentionally.
The resource <URL> was preloaded using link preload but not used within a few seconds from the window's load event. Please make sure it has an appropriate `as` value and it is preloaded intentionally.
The resource <URL> was preloaded using link preload but not used within a few seconds from the window's load event. Please make sure it has an appropriate `as` value and it is preloaded intentionally.
The resource <URL> was preloaded using link preload but not used within a few seconds from the window's load event. Please make sure it has an appropriate `as` value and it is preloaded intentionally.
The resource <URL> was preloaded using link preload but not used within a few seconds from the window's load event. Please make sure it has an appropriate `as` value and it is preloaded intentionally.
The resource <URL> was preloaded using link preload but not used within a few seconds from the window's load event. Please make sure it has an appropriate `as` value and it is preloaded intentionally.
The resource <URL> was preloaded using link preload but not used within a few seconds from the window's load event. Please make sure it has an appropriate `as` value and it is preloaded intentionally.
The resource <URL> was preloaded using link preload but not used within a few seconds from the window's load event. Please make sure it has an appropriate `as` value and it is preloaded intentionally.
The resource <URL> was preloaded using link preload but not used within a few seconds from the window's load event. Please make sure it has an appropriate `as` value and it is preloaded intentionally.
The resource <URL> was preloaded using link preload but not used within a few seconds from the window's load event. Please make sure it has an appropriate `as` value and it is preloaded intentionally.
The resource <URL> was preloaded using link preload but not used within a few seconds from the window's load event. Please make sure it has an appropriate `as` value and it is preloaded intentionally.
The resource <URL> was preloaded using link preload but not used within a few seconds from the window's load event. Please make sure it has an appropriate `as` value and it is preloaded intentionally.
The resource <URL> was preloaded using link preload but not used within a few seconds from the window's load event. Please make sure it has an appropriate `as` value and it is preloaded intentionally.
The resource <URL> was preloaded using link preload but not used within a few seconds from the window's load event. Please make sure it has an appropriate `as` value and it is preloaded intentionally.
The resource <URL> was preloaded using link preload but not used within a few seconds from the window's load event. Please make sure it has an appropriate `as` value and it is preloaded intentionally.
The resource <URL> was preloaded using link preload but not used within a few seconds from the window's load event. Please make sure it has an appropriate `as` value and it is preloaded intentionally.
The resource <URL> was preloaded using link preload but not used within a few seconds from the window's load event. Please make sure it has an appropriate `as` value and it is preloaded intentionally.
The resource <URL> was preloaded using link preload but not used within a few seconds from the window's load event. Please make sure it has an appropriate `as` value and it is preloaded intentionally.
The resource <URL> was preloaded using link preload but not used within a few seconds from the window's load event. Please make sure it has an appropriate `as` value and it is preloaded intentionally.
The resource <URL> was preloaded using link preload but not used within a few seconds from the window's load event. Please make sure it has an appropriate `as` value and it is preloaded intentionally.
The resource <URL> was preloaded using link preload but not used within a few seconds from the window's load event. Please make sure it has an appropriate `as` value and it is preloaded intentionally.
The resource <URL> was preloaded using link preload but not used within a few seconds from the window's load event. Please make sure it has an appropriate `as` value and it is preloaded intentionally.
The resource <URL> was preloaded using link preload but not used within a few seconds from the window's load event. Please make sure it has an appropriate `as` value and it is preloaded intentionally.
The resource <URL> was preloaded using link preload but not used within a few seconds from the window's load event. Please make sure it has an appropriate `as` value and it is preloaded intentionally.
The resource <URL> was preloaded using link preload but not used within a few seconds from the window's load event. Please make sure it has an appropriate `as` value and it is preloaded intentionally.
The resource <URL> was preloaded using link preload but not used within a few seconds from the window's load event. Please make sure it has an appropriate `as` value and it is preloaded intentionally.
The resource <URL> was preloaded using link preload but not used within a few seconds from the window's load event. Please make sure it has an appropriate `as` value and it is preloaded intentionally.
The resource <URL> was preloaded using link preload but not used within a few seconds from the window's load event. Please make sure it has an appropriate `as` value and it is preloaded intentionally.
The resource <URL> was preloaded using link preload but not used within a few seconds from the window's load event. Please make sure it has an appropriate `as` value and it is preloaded intentionally.
The resource <URL> was preloaded using link preload but not used within a few seconds from the window's load event. Please make sure it has an appropriate `as` value and it is preloaded intentionally.
The resource <URL> was preloaded using link preload but not used within a few seconds from the window's load event. Please make sure it has an appropriate `as` value and it is preloaded intentionally.
The resource <URL> was preloaded using link preload but not used within a few seconds from the window's load event. Please make sure it has an appropriate `as` value and it is preloaded intentionally.
The resource <URL> was preloaded using link preload but not used within a few seconds from the window's load event. Please make sure it has an appropriate `as` value and it is preloaded intentionally.
The resource <URL> was preloaded using link preload but not used within a few seconds from the window's load event. Please make sure it has an appropriate `as` value and it is preloaded intentionally.
The resource <URL> was preloaded using link preload but not used within a few seconds from the window's load event. Please make sure it has an appropriate `as` value and it is preloaded intentionally.
The resource <URL> was preloaded using link preload but not used within a few seconds from the window's load event. Please make sure it has an appropriate `as` value and it is preloaded intentionally.
The resource <URL> was preloaded using link preload but not used within a few seconds from the window's load event. Please make sure it has an appropriate `as` value and it is preloaded intentionally.
The resource <URL> was preloaded using link preload but not used within a few seconds from the window's load event. Please make sure it has an appropriate `as` value and it is preloaded intentionally.
The resource <URL> was preloaded using link preload but not used within a few seconds from the window's load event. Please make sure it has an appropriate `as` value and it is preloaded intentionally.
The resource <URL> was preloaded using link preload but not used within a few seconds from the window's load event. Please make sure it has an appropriate `as` value and it is preloaded intentionally.
The resource <URL> was preloaded using link preload but not used within a few seconds from the window's load event. Please make sure it has an appropriate `as` value and it is preloaded intentionally.
The resource <URL> was preloaded using link preload but not used within a few seconds from the window's load event. Please make sure it has an appropriate `as` value and it is preloaded intentionally.
The resource <URL> was preloaded using link preload but not used within a few seconds from the window's load event. Please make sure it has an appropriate `as` value and it is preloaded intentionally.
The resource <URL> was preloaded using link preload but not used within a few seconds from the window's load event. Please make sure it has an appropriate `as` value and it is preloaded intentionally.
The resource <URL> was preloaded using link preload but not used within a few seconds from the window's load event. Please make sure it has an appropriate `as` value and it is preloaded intentionally.
The resource <URL> was preloaded using link preload but not used within a few seconds from the window's load event. Please make sure it has an appropriate `as` value and it is preloaded intentionally.
The resource <URL> was preloaded using link preload but not used within a few seconds from the window's load event. Please make sure it has an appropriate `as` value and it is preloaded intentionally.
The resource <URL> was preloaded using link preload but not used within a few seconds from the window's load event. Please make sure it has an appropriate `as` value and it is preloaded intentionally.
The resource <URL> was preloaded using link preload but not used within a few seconds from the window's load event. Please make sure it has an appropriate `as` value and it is preloaded intentionally.
The resource <URL> was preloaded using link preload but not used within a few seconds from the window's load event. Please make sure it has an appropriate `as` value and it is preloaded intentionally.
The resource <URL> was preloaded using link preload but not used within a few seconds from the window's load event. Please make sure it has an appropriate `as` value and it is preloaded intentionally.
The resource <URL> was preloaded using link preload but not used within a few seconds from the window's load event. Please make sure it has an appropriate `as` value and it is preloaded intentionally.
The resource <URL> was preloaded using link preload but not used within a few seconds from the window's load event. Please make sure it has an appropriate `as` value and it is preloaded intentionally.
The resource <URL> was preloaded using link preload but not used within a few seconds from the window's load event. Please make sure it has an appropriate `as` value and it is preloaded intentionally.
The resource <URL> was preloaded using link preload but not used within a few seconds from the window's load event. Please make sure it has an appropriate `as` value and it is preloaded intentionally.
The resource <URL> was preloaded using link preload but not used within a few seconds from the window's load event. Please make sure it has an appropriate `as` value and it is preloaded intentionally.
The resource <URL> was preloaded using link preload but not used within a few seconds from the window's load event. Please make sure it has an appropriate `as` value and it is preloaded intentionally.
The resource <URL> was preloaded using link preload but not used within a few seconds from the window's load event. Please make sure it has an appropriate `as` value and it is preloaded intentionally.
The resource <URL> was preloaded using link preload but not used within a few seconds from the window's load event. Please make sure it has an appropriate `as` value and it is preloaded intentionally.
The resource <URL> was preloaded using link preload but not used within a few seconds from the window's load event. Please make sure it has an appropriate `as` value and it is preloaded intentionally.
The resource <URL> was preloaded using link preload but not used within a few seconds from the window's load event. Please make sure it has an appropriate `as` value and it is preloaded intentionally.
The resource <URL> was preloaded using link preload but not used within a few seconds from the window's load event. Please make sure it has an appropriate `as` value and it is preloaded intentionally.
The resource <URL> was preloaded using link preload but not used within a few seconds from the window's load event. Please make sure it has an appropriate `as` value and it is preloaded intentionally.
The resource <URL> was preloaded using link preload but not used within a few seconds from the window's load event. Please make sure it has an appropriate `as` value and it is preloaded intentionally.
The resource <URL> was preloaded using link preload but not used within a few seconds from the window's load event. Please make sure it has an appropriate `as` value and it is preloaded intentionally.
The resource <URL> was preloaded using link preload but not used within a few seconds from the window's load event. Please make sure it has an appropriate `as` value and it is preloaded intentionally.
The resource <URL> was preloaded using link preload but not used within a few seconds from the window's load event. Please make sure it has an appropriate `as` value and it is preloaded intentionally.
The resource <URL> was preloaded using link preload but not used within a few seconds from the window's load event. Please make sure it has an appropriate `as` value and it is preloaded intentionally.
The resource <URL> was preloaded using link preload but not used within a few seconds from the window's load event. Please make sure it has an appropriate `as` value and it is preloaded intentionally.
The resource <URL> was preloaded using link preload but not used within a few seconds from the window's load event. Please make sure it has an appropriate `as` value and it is preloaded intentionally.
The resource <URL> was preloaded using link preload but not used within a few seconds from the window's load event. Please make sure it has an appropriate `as` value and it is preloaded intentionally.
The resource <URL> was preloaded using link preload but not used within a few seconds from the window's load event. Please make sure it has an appropriate `as` value and it is preloaded intentionally.
The resource <URL> was preloaded using link preload but not used within a few seconds from the window's load event. Please make sure it has an appropriate `as` value and it is preloaded intentionally.
The resource <URL> was preloaded using link preload but not used within a few seconds from the window's load event. Please make sure it has an appropriate `as` value and it is preloaded intentionally.
The resource <URL> was preloaded using link preload but not used within a few seconds from the window's load event. Please make sure it has an appropriate `as` value and it is preloaded intentionally.
The resource <URL> was preloaded using link preload but not used within a few seconds from the window's load event. Please make sure it has an appropriate `as` value and it is preloaded intentionally.
The resource <URL> was preloaded using link preload but not used within a few seconds from the window's load event. Please make sure it has an appropriate `as` value and it is preloaded intentionally.
The resource <URL> was preloaded using link preload but not used within a few seconds from the window's load event. Please make sure it has an appropriate `as` value and it is preloaded intentionally.
The resource <URL> was preloaded using link preload but not used within a few seconds from the window's load event. Please make sure it has an appropriate `as` value and it is preloaded intentionally.
The resource <URL> was preloaded using link preload but not used within a few seconds from the window's load event. Please make sure it has an appropriate `as` value and it is preloaded intentionally.
The resource <URL> was preloaded using link preload but not used within a few seconds from the window's load event. Please make sure it has an appropriate `as` value and it is preloaded intentionally.
The resource <URL> was preloaded using link preload but not used within a few seconds from the window's load event. Please make sure it has an appropriate `as` value and it is preloaded intentionally.
The resource <URL> was preloaded using link preload but not used within a few seconds from the window's load event. Please make sure it has an appropriate `as` value and it is preloaded intentionally.
The resource <URL> was preloaded using link preload but not used within a few seconds from the window's load event. Please make sure it has an appropriate `as` value and it is preloaded intentionally.
The resource <URL> was preloaded using link preload but not used within a few seconds from the window's load event. Please make sure it has an appropriate `as` value and it is preloaded intentionally.
The resource <URL> was preloaded using link preload but not used within a few seconds from the window's load event. Please make sure it has an appropriate `as` value and it is preloaded intentionally.
The resource <URL> was preloaded using link preload but not used within a few seconds from the window's load event. Please make sure it has an appropriate `as` value and it is preloaded intentionally.
The resource <URL> was preloaded using link preload but not used within a few seconds from the window's load event. Please make sure it has an appropriate `as` value and it is preloaded intentionally.
The resource <URL> was preloaded using link preload but not used within a few seconds from the window's load event. Please make sure it has an appropriate `as` value and it is preloaded intentionally.
The resource <URL> was preloaded using link preload but not used within a few seconds from the window's load event. Please make sure it has an appropriate `as` value and it is preloaded intentionally.
The resource <URL> was preloaded using link preload but not used within a few seconds from the window's load event. Please make sure it has an appropriate `as` value and it is preloaded intentionally.
The resource <URL> was preloaded using link preload but not used within a few seconds from the window's load event. Please make sure it has an appropriate `as` value and it is preloaded intentionally.
The resource <URL> was preloaded using link preload but not used within a few seconds from the window's load event. Please make sure it has an appropriate `as` value and it is preloaded intentionally.
The resource <URL> was preloaded using link preload but not used within a few seconds from the window's load event. Please make sure it has an appropriate `as` value and it is preloaded intentionally.
The resource <URL> was preloaded using link preload but not used within a few seconds from the window's load event. Please make sure it has an appropriate `as` value and it is preloaded intentionally.
The resource <URL> was preloaded using link preload but not used within a few seconds from the window's load event. Please make sure it has an appropriate `as` value and it is preloaded intentionally.
The resource <URL> was preloaded using link preload but not used within a few seconds from the window's load event. Please make sure it has an appropriate `as` value and it is preloaded intentionally.
The resource <URL> was preloaded using link preload but not used within a few seconds from the window's load event. Please make sure it has an appropriate `as` value and it is preloaded intentionally.
The resource <URL> was preloaded using link preload but not used within a few seconds from the window's load event. Please make sure it has an appropriate `as` value and it is preloaded intentionally.
The resource <URL> was preloaded using link preload but not used within a few seconds from the window's load event. Please make sure it has an appropriate `as` value and it is preloaded intentionally.
The resource <URL> was preloaded using link preload but not used within a few seconds from the window's load event. Please make sure it has an appropriate `as` value and it is preloaded intentionally.
The resource <URL> was preloaded using link preload but not used within a few seconds from the window's load event. Please make sure it has an appropriate `as` value and it is preloaded intentionally.
The resource <URL> was preloaded using link preload but not used within a few seconds from the window's load event. Please make sure it has an appropriate `as` value and it is preloaded intentionally.
The resource <URL> was preloaded using link preload but not used within a few seconds from the window's load event. Please make sure it has an appropriate `as` value and it is preloaded intentionally.
The resource <URL> was preloaded using link preload but not used within a few seconds from the window's load event. Please make sure it has an appropriate `as` value and it is preloaded intentionally.
The resource <URL> was preloaded using link preload but not used within a few seconds from the window's load event. Please make sure it has an appropriate `as` value and it is preloaded intentionally.
The resource <URL> was preloaded using link preload but not used within a few seconds from the window's load event. Please make sure it has an appropriate `as` value and it is preloaded intentionally.
The resource <URL> was preloaded using link preload but not used within a few seconds from the window's load event. Please make sure it has an appropriate `as` value and it is preloaded intentionally.
The resource <URL> was preloaded using link preload but not used within a few seconds from the window's load event. Please make sure it has an appropriate `as` value and it is preloaded intentionally.
The resource <URL> was preloaded using link preload but not used within a few seconds from the window's load event. Please make sure it has an appropriate `as` value and it is preloaded intentionally.
The resource <URL> was preloaded using link preload but not used within a few seconds from the window's load event. Please make sure it has an appropriate `as` value and it is preloaded intentionally.
The resource <URL> was preloaded using link preload but not used within a few seconds from the window's load event. Please make sure it has an appropriate `as` value and it is preloaded intentionally.
The resource <URL> was preloaded using link preload but not used within a few seconds from the window's load event. Please make sure it has an appropriate `as` value and it is preloaded intentionally.
The resource <URL> was preloaded using link preload but not used within a few seconds from the window's load event. Please make sure it has an appropriate `as` value and it is preloaded intentionally.
The resource <URL> was preloaded using link preload but not used within a few seconds from the window's load event. Please make sure it has an appropriate `as` value and it is preloaded intentionally.
The resource <URL> was preloaded using link preload but not used within a few seconds from the window's load event. Please make sure it has an appropriate `as` value and it is preloaded intentionally.
The resource <URL> was preloaded using link preload but not used within a few seconds from the window's load event. Please make sure it has an appropriate `as` value and it is preloaded intentionally.
The resource <URL> was preloaded using link preload but not used within a few seconds from the window's load event. Please make sure it has an appropriate `as` value and it is preloaded intentionally.
The resource <URL> was preloaded using link preload but not used within a few seconds from the window's load event. Please make sure it has an appropriate `as` value and it is preloaded intentionally.
The resource <URL> was preloaded using link preload but not used within a few seconds from the window's load event. Please make sure it has an appropriate `as` value and it is preloaded intentionally.
The resource <URL> was preloaded using link preload but not used within a few seconds from the window's load event. Please make sure it has an appropriate `as` value and it is preloaded intentionally.
The resource <URL> was preloaded using link preload but not used within a few seconds from the window's load event. Please make sure it has an appropriate `as` value and it is preloaded intentionally.
The resource <URL> was preloaded using link preload but not used within a few seconds from the window's load event. Please make sure it has an appropriate `as` value and it is preloaded intentionally.
The resource <URL> was preloaded using link preload but not used within a few seconds from the window's load event. Please make sure it has an appropriate `as` value and it is preloaded intentionally.
The resource <URL> was preloaded using link preload but not used within a few seconds from the window's load event. Please make sure it has an appropriate `as` value and it is preloaded intentionally.
The resource <URL> was preloaded using link preload but not used within a few seconds from the window's load event. Please make sure it has an appropriate `as` value and it is preloaded intentionally.
The resource <URL> was preloaded using link preload but not used within a few seconds from the window's load event. Please make sure it has an appropriate `as` value and it is preloaded intentionally.
The resource <URL> was preloaded using link preload but not used within a few seconds from the window's load event. Please make sure it has an appropriate `as` value and it is preloaded intentionally.
The resource <URL> was preloaded using link preload but not used within a few seconds from the window's load event. Please make sure it has an appropriate `as` value and it is preloaded intentionally.
The resource <URL> was preloaded using link preload but not used within a few seconds from the window's load event. Please make sure it has an appropriate `as` value and it is preloaded intentionally.
The resource <URL> was preloaded using link preload but not used within a few seconds from the window's load event. Please make sure it has an appropriate `as` value and it is preloaded intentionally.
The resource <URL> was preloaded using link preload but not used within a few seconds from the window's load event. Please make sure it has an appropriate `as` value and it is preloaded intentionally.
The resource <URL> was preloaded using link preload but not used within a few seconds from the window's load event. Please make sure it has an appropriate `as` value and it is preloaded intentionally.
The resource <URL> was preloaded using link preload but not used within a few seconds from the window's load event. Please make sure it has an appropriate `as` value and it is preloaded intentionally.
The resource <URL> was preloaded using link preload but not used within a few seconds from the window's load event. Please make sure it has an appropriate `as` value and it is preloaded intentionally.
The resource <URL> was preloaded using link preload but not used within a few seconds from the window's load event. Please make sure it has an appropriate `as` value and it is preloaded intentionally.
The resource <URL> was preloaded using link preload but not used within a few seconds from the window's load event. Please make sure it has an appropriate `as` value and it is preloaded intentionally.
The resource <URL> was preloaded using link preload but not used within a few seconds from the window's load event. Please make sure it has an appropriate `as` value and it is preloaded intentionally.
The resource <URL> was preloaded using link preload but not used within a few seconds from the window's load event. Please make sure it has an appropriate `as` value and it is preloaded intentionally.
The resource <URL> was preloaded using link preload but not used within a few seconds from the window's load event. Please make sure it has an appropriate `as` value and it is preloaded intentionally.
The resource <URL> was preloaded using link preload but not used within a few seconds from the window's load event. Please make sure it has an appropriate `as` value and it is preloaded intentionally.
The resource <URL> was preloaded using link preload but not used within a few seconds from the window's load event. Please make sure it has an appropriate `as` value and it is preloaded intentionally.
The resource <URL> was preloaded using link preload but not used within a few seconds from the window's load event. Please make sure it has an appropriate `as` value and it is preloaded intentionally.
The resource <URL> was preloaded using link preload but not used within a few seconds from the window's load event. Please make sure it has an appropriate `as` value and it is preloaded intentionally.
The resource <URL> was preloaded using link preload but not used within a few seconds from the window's load event. Please make sure it has an appropriate `as` value and it is preloaded intentionally.
The resource <URL> was preloaded using link preload but not used within a few seconds from the window's load event. Please make sure it has an appropriate `as` value and it is preloaded intentionally.
The resource <URL> was preloaded using link preload but not used within a few seconds from the window's load event. Please make sure it has an appropriate `as` value and it is preloaded intentionally.
The resource <URL> was preloaded using link preload but not used within a few seconds from the window's load event. Please make sure it has an appropriate `as` value and it is preloaded intentionally.
The resource <URL> was preloaded using link preload but not used within a few seconds from the window's load event. Please make sure it has an appropriate `as` value and it is preloaded intentionally.
The resource <URL> was preloaded using link preload but not used within a few seconds from the window's load event. Please make sure it has an appropriate `as` value and it is preloaded intentionally.
The resource <URL> was preloaded using link preload but not used within a few seconds from the window's load event. Please make sure it has an appropriate `as` value and it is preloaded intentionally.
The resource <URL> was preloaded using link preload but not used within a few seconds from the window's load event. Please make sure it has an appropriate `as` value and it is preloaded intentionally.
The resource <URL> was preloaded using link preload but not used within a few seconds from the window's load event. Please make sure it has an appropriate `as` value and it is preloaded intentionally.
The resource <URL> was preloaded using link preload but not used within a few seconds from the window's load event. Please make sure it has an appropriate `as` value and it is preloaded intentionally.
The resource <URL> was preloaded using link preload but not used within a few seconds from the window's load event. Please make sure it has an appropriate `as` value and it is preloaded intentionally.
The resource <URL> was preloaded using link preload but not used within a few seconds from the window's load event. Please make sure it has an appropriate `as` value and it is preloaded intentionally.
The resource <URL> was preloaded using link preload but not used within a few seconds from the window's load event. Please make sure it has an appropriate `as` value and it is preloaded intentionally.
The resource <URL> was preloaded using link preload but not used within a few seconds from the window's load event. Please make sure it has an appropriate `as` value and it is preloaded intentionally.
The resource <URL> was preloaded using link preload but not used within a few seconds from the window's load event. Please make sure it has an appropriate `as` value and it is preloaded intentionally.
The resource <URL> was preloaded using link preload but not used within a few seconds from the window's load event. Please make sure it has an appropriate `as` value and it is preloaded intentionally.
The resource <URL> was preloaded using link preload but not used within a few seconds from the window's load event. Please make sure it has an appropriate `as` value and it is preloaded intentionally.
The resource <URL> was preloaded using link preload but not used within a few seconds from the window's load event. Please make sure it has an appropriate `as` value and it is preloaded intentionally.
The resource <URL> was preloaded using link preload but not used within a few seconds from the window's load event. Please make sure it has an appropriate `as` value and it is preloaded intentionally.
The resource <URL> was preloaded using link preload but not used within a few seconds from the window's load event. Please make sure it has an appropriate `as` value and it is preloaded intentionally.
The resource <URL> was preloaded using link preload but not used within a few seconds from the window's load event. Please make sure it has an appropriate `as` value and it is preloaded intentionally.
The resource <URL> was preloaded using link preload but not used within a few seconds from the window's load event. Please make sure it has an appropriate `as` value and it is preloaded intentionally.
The resource <URL> was preloaded using link preload but not used within a few seconds from the window's load event. Please make sure it has an appropriate `as` value and it is preloaded intentionally.
The resource <URL> was preloaded using link preload but not used within a few seconds from the window's load event. Please make sure it has an appropriate `as` value and it is preloaded intentionally.
The resource <URL> was preloaded using link preload but not used within a few seconds from the window's load event. Please make sure it has an appropriate `as` value and it is preloaded intentionally.
The resource <URL> was preloaded using link preload but not used within a few seconds from the window's load event. Please make sure it has an appropriate `as` value and it is preloaded intentionally.
The resource <URL> was preloaded using link preload but not used within a few seconds from the window's load event. Please make sure it has an appropriate `as` value and it is preloaded intentionally.
The resource <URL> was preloaded using link preload but not used within a few seconds from the window's load event. Please make sure it has an appropriate `as` value and it is preloaded intentionally.
The resource <URL> was preloaded using link preload but not used within a few seconds from the window's load event. Please make sure it has an appropriate `as` value and it is preloaded intentionally.
The resource <URL> was preloaded using link preload but not used within a few seconds from the window's load event. Please make sure it has an appropriate `as` value and it is preloaded intentionally.
The resource <URL> was preloaded using link preload but not used within a few seconds from the window's load event. Please make sure it has an appropriate `as` value and it is preloaded intentionally.
The resource <URL> was preloaded using link preload but not used within a few seconds from the window's load event. Please make sure it has an appropriate `as` value and it is preloaded intentionally.
The resource <URL> was preloaded using link preload but not used within a few seconds from the window's load event. Please make sure it has an appropriate `as` value and it is preloaded intentionally.
The resource <URL> was preloaded using link preload but not used within a few seconds from the window's load event. Please make sure it has an appropriate `as` value and it is preloaded intentionally.
The resource <URL> was preloaded using link preload but not used within a few seconds from the window's load event. Please make sure it has an appropriate `as` value and it is preloaded intentionally.
The resource <URL> was preloaded using link preload but not used within a few seconds from the window's load event. Please make sure it has an appropriate `as` value and it is preloaded intentionally.
The resource <URL> was preloaded using link preload but not used within a few seconds from the window's load event. Please make sure it has an appropriate `as` value and it is preloaded intentionally.
The resource <URL> was preloaded using link preload but not used within a few seconds from the window's load event. Please make sure it has an appropriate `as` value and it is preloaded intentionally.
The resource <URL> was preloaded using link preload but not used within a few seconds from the window's load event. Please make sure it has an appropriate `as` value and it is preloaded intentionally.
The resource <URL> was preloaded using link preload but not used within a few seconds from the window's load event. Please make sure it has an appropriate `as` value and it is preloaded intentionally.
The resource <URL> was preloaded using link preload but not used within a few seconds from the window's load event. Please make sure it has an appropriate `as` value and it is preloaded intentionally.
The resource <URL> was preloaded using link preload but not used within a few seconds from the window's load event. Please make sure it has an appropriate `as` value and it is preloaded intentionally.
The resource <URL> was preloaded using link preload but not used within a few seconds from the window's load event. Please make sure it has an appropriate `as` value and it is preloaded intentionally.
The resource <URL> was preloaded using link preload but not used within a few seconds from the window's load event. Please make sure it has an appropriate `as` value and it is preloaded intentionally.
The resource <URL> was preloaded using link preload but not used within a few seconds from the window's load event. Please make sure it has an appropriate `as` value and it is preloaded intentionally.
The resource <URL> was preloaded using link preload but not used within a few seconds from the window's load event. Please make sure it has an appropriate `as` value and it is preloaded intentionally.
The resource <URL> was preloaded using link preload but not used within a few seconds from the window's load event. Please make sure it has an appropriate `as` value and it is preloaded intentionally.
The resource <URL> was preloaded using link preload but not used within a few seconds from the window's load event. Please make sure it has an appropriate `as` value and it is preloaded intentionally.
The resource <URL> was preloaded using link preload but not used within a few seconds from the window's load event. Please make sure it has an appropriate `as` value and it is preloaded intentionally.
The resource <URL> was preloaded using link preload but not used within a few seconds from the window's load event. Please make sure it has an appropriate `as` value and it is preloaded intentionally.
The resource <URL> was preloaded using link preload but not used within a few seconds from the window's load event. Please make sure it has an appropriate `as` value and it is preloaded intentionally.
The resource <URL> was preloaded using link preload but not used within a few seconds from the window's load event. Please make sure it has an appropriate `as` value and it is preloaded intentionally.
The resource <URL> was preloaded using link preload but not used within a few seconds from the window's load event. Please make sure it has an appropriate `as` value and it is preloaded intentionally.
The resource <URL> was preloaded using link preload but not used within a few seconds from the window's load event. Please make sure it has an appropriate `as` value and it is preloaded intentionally.
The resource <URL> was preloaded using link preload but not used within a few seconds from the window's load event. Please make sure it has an appropriate `as` value and it is preloaded intentionally.
VM104:40 Page 2/647: 200 10 UUIDs | total unique: 20
VM104:40 Page 3/647: 200 10 UUIDs | total unique: 30
VM104:40 Page 4/647: 200 10 UUIDs | total unique: 40
VM104:40 Page 5/647: 200 10 UUIDs | total unique: 50
VM104:40 Page 6/647: 200 10 UUIDs | total unique: 60
VM104:40 Page 7/647: 200 10 UUIDs | total unique: 70
VM104:40 Page 8/647: 200 10 UUIDs | total unique: 80
VM104:40 Page 9/647: 200 10 UUIDs | total unique: 90
VM104:40 Page 10/647: 200 10 UUIDs | total unique: 100
VM104:40 Page 11/647: 200 10 UUIDs | total unique: 110
VM104:40 Page 12/647: 200 10 UUIDs | total unique: 120
VM104:40 Page 13/647: 200 10 UUIDs | total unique: 130
VM104:40 Page 14/647: 200 10 UUIDs | total unique: 140
VM104:40 Page 15/647: 200 10 UUIDs | total unique: 150
VM104:40 Page 16/647: 200 10 UUIDs | total unique: 160
VM104:40 Page 17/647: 200 10 UUIDs | total unique: 170
VM104:40 Page 18/647: 200 10 UUIDs | total unique: 180
VM104:40 Page 19/647: 200 10 UUIDs | total unique: 190
VM104:40 Page 20/647: 200 10 UUIDs | total unique: 200
VM104:40 Page 21/647: 200 10 UUIDs | total unique: 210
VM104:40 Page 22/647: 200 10 UUIDs | total unique: 220
VM104:40 Page 23/647: 200 10 UUIDs | total unique: 230
VM104:40 Page 24/647: 200 10 UUIDs | total unique: 240
VM104:40 Page 25/647: 200 10 UUIDs | total unique: 250
VM104:40 Page 26/647: 200 10 UUIDs | total unique: 260
VM104:40 Page 27/647: 200 10 UUIDs | total unique: 270
VM104:40 Page 28/647: 200 10 UUIDs | total unique: 280
VM104:40 Page 29/647: 200 10 UUIDs | total unique: 290
VM104:40 Page 30/647: 200 10 UUIDs | total unique: 300
VM104:40 Page 31/647: 200 10 UUIDs | total unique: 310
VM104:40 Page 32/647: 200 10 UUIDs | total unique: 320
VM104:40 Page 33/647: 200 10 UUIDs | total unique: 330
VM104:40 Page 34/647: 200 10 UUIDs | total unique: 340
VM104:40 Page 35/647: 200 10 UUIDs | total unique: 350
VM104:40 Page 36/647: 200 10 UUIDs | total unique: 360
VM104:40 Page 37/647: 200 10 UUIDs | total unique: 370
VM104:40 Page 38/647: 200 10 UUIDs | total unique: 380
VM104:40 Page 39/647: 200 10 UUIDs | total unique: 390
VM104:40 Page 40/647: 200 10 UUIDs | total unique: 400
VM104:40 Page 41/647: 200 10 UUIDs | total unique: 410
VM104:40 Page 42/647: 200 10 UUIDs | total unique: 420
VM104:40 Page 43/647: 200 10 UUIDs | total unique: 430
VM104:40 Page 44/647: 200 10 UUIDs | total unique: 440
VM104:40 Page 45/647: 200 10 UUIDs | total unique: 450
VM104:40 Page 46/647: 200 10 UUIDs | total unique: 460
VM104:40 Page 47/647: 200 10 UUIDs | total unique: 470
VM104:40 Page 48/647: 200 10 UUIDs | total unique: 480
VM104:40 Page 49/647: 200 10 UUIDs | total unique: 490
VM104:40 Page 50/647: 200 10 UUIDs | total unique: 500
VM104:40 Page 51/647: 200 10 UUIDs | total unique: 510
VM104:40 Page 52/647: 200 10 UUIDs | total unique: 520
VM104:40 Page 53/647: 200 10 UUIDs | total unique: 530
VM104:40 Page 54/647: 200 10 UUIDs | total unique: 540
VM104:40 Page 55/647: 200 10 UUIDs | total unique: 550
VM104:40 Page 56/647: 200 10 UUIDs | total unique: 560
VM104:40 Page 57/647: 200 10 UUIDs | total unique: 570
VM104:40 Page 58/647: 200 10 UUIDs | total unique: 580
VM104:40 Page 59/647: 200 10 UUIDs | total unique: 590
VM104:40 Page 60/647: 200 10 UUIDs | total unique: 600
VM104:40 Page 61/647: 200 10 UUIDs | total unique: 610
VM104:40 Page 62/647: 200 10 UUIDs | total unique: 620
VM104:40 Page 63/647: 200 10 UUIDs | total unique: 630
VM104:40 Page 64/647: 200 10 UUIDs | total unique: 640
VM104:40 Page 65/647: 200 10 UUIDs | total unique: 650
VM104:40 Page 66/647: 200 10 UUIDs | total unique: 660
VM104:40 Page 67/647: 200 10 UUIDs | total unique: 670
VM104:40 Page 68/647: 200 10 UUIDs | total unique: 680
VM104:40 Page 69/647: 200 10 UUIDs | total unique: 690
VM104:40 Page 70/647: 200 10 UUIDs | total unique: 700
VM104:40 Page 71/647: 200 10 UUIDs | total unique: 710
VM104:40 Page 72/647: 200 10 UUIDs | total unique: 720
VM104:40 Page 73/647: 200 10 UUIDs | total unique: 730
VM104:40 Page 74/647: 200 10 UUIDs | total unique: 740
VM104:40 Page 75/647: 200 10 UUIDs | total unique: 750
VM104:40 Page 76/647: 200 10 UUIDs | total unique: 760
VM104:40 Page 77/647: 200 10 UUIDs | total unique: 770
VM104:40 Page 78/647: 200 10 UUIDs | total unique: 780
VM104:40 Page 79/647: 200 10 UUIDs | total unique: 790
VM104:40 Page 80/647: 200 10 UUIDs | total unique: 800
VM104:40 Page 81/647: 200 10 UUIDs | total unique: 810
VM104:40 Page 82/647: 200 10 UUIDs | total unique: 820
VM104:40 Page 83/647: 200 10 UUIDs | total unique: 830
VM104:40 Page 84/647: 200 10 UUIDs | total unique: 840
VM104:40 Page 85/647: 200 10 UUIDs | total unique: 850
VM104:40 Page 86/647: 200 10 UUIDs | total unique: 860
VM104:40 Page 87/647: 200 10 UUIDs | total unique: 870
VM104:40 Page 88/647: 200 10 UUIDs | total unique: 880
VM104:40 Page 89/647: 200 10 UUIDs | total unique: 890
VM104:40 Page 90/647: 200 10 UUIDs | total unique: 900
VM104:40 Page 91/647: 200 10 UUIDs | total unique: 910
VM104:40 Page 92/647: 200 10 UUIDs | total unique: 920
VM104:40 Page 93/647: 200 10 UUIDs | total unique: 930
VM104:40 Page 94/647: 200 10 UUIDs | total unique: 940
VM104:40 Page 95/647: 200 10 UUIDs | total unique: 950
VM104:40 Page 96/647: 200 10 UUIDs | total unique: 960
VM104:40 Page 97/647: 200 10 UUIDs | total unique: 970
VM104:40 Page 98/647: 200 10 UUIDs | total unique: 980
VM104:40 Page 99/647: 200 10 UUIDs | total unique: 990
VM104:40 Page 100/647: 200 10 UUIDs | total unique: 1000
VM104:40 Page 101/647: 200 10 UUIDs | total unique: 1010
VM104:40 Page 102/647: 200 10 UUIDs | total unique: 1020
VM104:40 Page 103/647: 200 10 UUIDs | total unique: 1030
VM104:40 Page 104/647: 200 10 UUIDs | total unique: 1040
VM104:40 Page 105/647: 200 10 UUIDs | total unique: 1050
VM104:40 Page 106/647: 200 10 UUIDs | total unique: 1060
VM104:40 Page 107/647: 200 10 UUIDs | total unique: 1070
VM104:40 Page 108/647: 200 10 UUIDs | total unique: 1080
VM104:40 Page 109/647: 200 10 UUIDs | total unique: 1090
VM104:40 Page 110/647: 200 10 UUIDs | total unique: 1100
VM104:40 Page 111/647: 200 10 UUIDs | total unique: 1110
VM104:40 Page 112/647: 200 10 UUIDs | total unique: 1120
VM104:40 Page 113/647: 200 10 UUIDs | total unique: 1130
VM104:40 Page 114/647: 200 10 UUIDs | total unique: 1140
VM104:40 Page 115/647: 200 10 UUIDs | total unique: 1150
VM104:40 Page 116/647: 200 10 UUIDs | total unique: 1160
VM104:40 Page 117/647: 200 10 UUIDs | total unique: 1170
VM104:40 Page 118/647: 200 10 UUIDs | total unique: 1180
VM104:40 Page 119/647: 200 10 UUIDs | total unique: 1190
VM104:40 Page 120/647: 200 10 UUIDs | total unique: 1200
VM104:40 Page 121/647: 200 10 UUIDs | total unique: 1210
VM104:40 Page 122/647: 200 10 UUIDs | total unique: 1220
VM104:40 Page 123/647: 200 10 UUIDs | total unique: 1230
VM104:40 Page 124/647: 200 10 UUIDs | total unique: 1240
VM104:40 Page 125/647: 200 10 UUIDs | total unique: 1250
VM104:40 Page 126/647: 200 10 UUIDs | total unique: 1260
VM104:40 Page 127/647: 200 10 UUIDs | total unique: 1270
VM104:40 Page 128/647: 200 10 UUIDs | total unique: 1280
VM104:40 Page 129/647: 200 10 UUIDs | total unique: 1290
VM104:40 Page 130/647: 200 10 UUIDs | total unique: 1300
VM104:40 Page 131/647: 200 10 UUIDs | total unique: 1310
VM104:40 Page 132/647: 200 10 UUIDs | total unique: 1320
VM104:40 Page 133/647: 200 10 UUIDs | total unique: 1330
VM104:40 Page 134/647: 200 10 UUIDs | total unique: 1340
VM104:40 Page 135/647: 200 10 UUIDs | total unique: 1350
VM104:40 Page 136/647: 200 10 UUIDs | total unique: 1360
VM104:40 Page 137/647: 200 10 UUIDs | total unique: 1370
VM104:40 Page 138/647: 200 10 UUIDs | total unique: 1380
VM104:40 Page 139/647: 200 10 UUIDs | total unique: 1390
VM104:40 Page 140/647: 200 10 UUIDs | total unique: 1400
VM104:40 Page 141/647: 200 10 UUIDs | total unique: 1410
VM104:40 Page 142/647: 200 10 UUIDs | total unique: 1420
VM104:40 Page 143/647: 200 10 UUIDs | total unique: 1430
VM104:40 Page 144/647: 200 10 UUIDs | total unique: 1440
VM104:40 Page 145/647: 200 10 UUIDs | total unique: 1450
VM104:40 Page 146/647: 200 10 UUIDs | total unique: 1460
VM104:40 Page 147/647: 200 10 UUIDs | total unique: 1470
VM104:40 Page 148/647: 200 10 UUIDs | total unique: 1480
VM104:40 Page 149/647: 200 10 UUIDs | total unique: 1490
VM104:40 Page 150/647: 200 10 UUIDs | total unique: 1500
VM104:40 Page 151/647: 200 10 UUIDs | total unique: 1510
VM104:40 Page 152/647: 200 10 UUIDs | total unique: 1520
VM104:40 Page 153/647: 200 10 UUIDs | total unique: 1530
VM104:40 Page 154/647: 200 10 UUIDs | total unique: 1540
VM104:40 Page 155/647: 200 10 UUIDs | total unique: 1550
VM104:40 Page 156/647: 200 10 UUIDs | total unique: 1560
VM104:40 Page 157/647: 200 10 UUIDs | total unique: 1570
VM104:40 Page 158/647: 200 10 UUIDs | total unique: 1580
VM104:40 Page 159/647: 200 10 UUIDs | total unique: 1590
VM104:40 Page 160/647: 200 10 UUIDs | total unique: 1600
VM104:40 Page 161/647: 200 10 UUIDs | total unique: 1610
VM104:40 Page 162/647: 200 10 UUIDs | total unique: 1620
VM104:40 Page 163/647: 200 10 UUIDs | total unique: 1630
VM104:40 Page 164/647: 200 10 UUIDs | total unique: 1640
VM104:40 Page 165/647: 200 10 UUIDs | total unique: 1650
VM104:40 Page 166/647: 200 10 UUIDs | total unique: 1660
VM104:40 Page 167/647: 200 10 UUIDs | total unique: 1670
VM104:40 Page 168/647: 200 10 UUIDs | total unique: 1680
VM104:40 Page 169/647: 200 10 UUIDs | total unique: 1690
VM104:40 Page 170/647: 200 10 UUIDs | total unique: 1700
VM104:40 Page 171/647: 200 10 UUIDs | total unique: 1710
VM104:40 Page 172/647: 200 10 UUIDs | total unique: 1720
VM104:40 Page 173/647: 200 10 UUIDs | total unique: 1730
VM104:40 Page 174/647: 200 10 UUIDs | total unique: 1740
VM104:40 Page 175/647: 200 10 UUIDs | total unique: 1750
VM104:40 Page 176/647: 200 10 UUIDs | total unique: 1760
VM104:40 Page 177/647: 200 10 UUIDs | total unique: 1770
VM104:40 Page 178/647: 200 10 UUIDs | total unique: 1780
VM104:40 Page 179/647: 200 10 UUIDs | total unique: 1790
VM104:40 Page 180/647: 200 10 UUIDs | total unique: 1800
VM104:40 Page 181/647: 200 10 UUIDs | total unique: 1810
VM104:40 Page 182/647: 200 10 UUIDs | total unique: 1820
VM104:40 Page 183/647: 200 10 UUIDs | total unique: 1830
VM104:40 Page 184/647: 200 10 UUIDs | total unique: 1840
VM104:40 Page 185/647: 200 10 UUIDs | total unique: 1850
VM104:40 Page 186/647: 200 10 UUIDs | total unique: 1860
VM104:40 Page 187/647: 200 10 UUIDs | total unique: 1870
VM104:40 Page 188/647: 200 10 UUIDs | total unique: 1880
VM104:40 Page 189/647: 200 10 UUIDs | total unique: 1890
VM104:40 Page 190/647: 200 10 UUIDs | total unique: 1900
VM104:40 Page 191/647: 200 10 UUIDs | total unique: 1910
VM104:40 Page 192/647: 200 10 UUIDs | total unique: 1920
VM104:40 Page 193/647: 200 10 UUIDs | total unique: 1930
VM104:40 Page 194/647: 200 10 UUIDs | total unique: 1940
VM104:40 Page 195/647: 200 10 UUIDs | total unique: 1950
VM104:40 Page 196/647: 200 10 UUIDs | total unique: 1960
VM104:40 Page 197/647: 200 10 UUIDs | total unique: 1970
VM104:40 Page 198/647: 200 10 UUIDs | total unique: 1980
VM104:40 Page 199/647: 200 10 UUIDs | total unique: 1990
VM104:40 Page 200/647: 200 10 UUIDs | total unique: 2000
VM104:40 Page 201/647: 200 10 UUIDs | total unique: 2010
VM104:40 Page 202/647: 200 10 UUIDs | total unique: 2020
VM104:40 Page 203/647: 200 10 UUIDs | total unique: 2030
VM104:40 Page 204/647: 200 10 UUIDs | total unique: 2040
VM104:40 Page 205/647: 200 10 UUIDs | total unique: 2050
VM104:40 Page 206/647: 200 10 UUIDs | total unique: 2060
VM104:40 Page 207/647: 200 10 UUIDs | total unique: 2070
VM104:40 Page 208/647: 200 10 UUIDs | total unique: 2080
VM104:40 Page 209/647: 200 10 UUIDs | total unique: 2090
VM104:40 Page 210/647: 200 10 UUIDs | total unique: 2100
VM104:40 Page 211/647: 200 10 UUIDs | total unique: 2110
VM104:40 Page 212/647: 200 10 UUIDs | total unique: 2120
VM104:40 Page 213/647: 200 10 UUIDs | total unique: 2130
VM104:40 Page 214/647: 200 10 UUIDs | total unique: 2140
VM104:40 Page 215/647: 200 10 UUIDs | total unique: 2150
VM104:40 Page 216/647: 200 10 UUIDs | total unique: 2160
VM104:40 Page 217/647: 200 10 UUIDs | total unique: 2170
VM104:40 Page 218/647: 200 10 UUIDs | total unique: 2180
VM104:40 Page 219/647: 200 10 UUIDs | total unique: 2190
VM104:40 Page 220/647: 200 10 UUIDs | total unique: 2200
VM104:40 Page 221/647: 200 10 UUIDs | total unique: 2210
VM104:40 Page 222/647: 200 10 UUIDs | total unique: 2220
VM104:40 Page 223/647: 200 10 UUIDs | total unique: 2230
VM104:40 Page 224/647: 200 10 UUIDs | total unique: 2240
VM104:40 Page 225/647: 200 10 UUIDs | total unique: 2250
VM104:40 Page 226/647: 200 10 UUIDs | total unique: 2260
VM104:40 Page 227/647: 200 10 UUIDs | total unique: 2270
VM104:40 Page 228/647: 200 10 UUIDs | total unique: 2280
VM104:40 Page 229/647: 200 10 UUIDs | total unique: 2290
VM104:40 Page 230/647: 200 10 UUIDs | total unique: 2300
VM104:40 Page 231/647: 200 10 UUIDs | total unique: 2310
VM104:40 Page 232/647: 200 10 UUIDs | total unique: 2320
VM104:40 Page 233/647: 200 10 UUIDs | total unique: 2330
VM104:40 Page 234/647: 200 10 UUIDs | total unique: 2340
VM104:40 Page 235/647: 200 10 UUIDs | total unique: 2350
VM104:40 Page 236/647: 200 10 UUIDs | total unique: 2360
VM104:40 Page 237/647: 200 10 UUIDs | total unique: 2370
VM104:40 Page 238/647: 200 10 UUIDs | total unique: 2380
VM104:40 Page 239/647: 200 10 UUIDs | total unique: 2390
VM104:40 Page 240/647: 200 10 UUIDs | total unique: 2400
VM104:40 Page 241/647: 200 10 UUIDs | total unique: 2410
VM104:40 Page 242/647: 200 10 UUIDs | total unique: 2420
VM104:40 Page 243/647: 200 10 UUIDs | total unique: 2430
VM104:40 Page 244/647: 200 10 UUIDs | total unique: 2440
VM104:40 Page 245/647: 200 10 UUIDs | total unique: 2450
VM104:40 Page 246/647: 200 10 UUIDs | total unique: 2460
VM104:40 Page 247/647: 200 10 UUIDs | total unique: 2470
VM104:40 Page 248/647: 200 10 UUIDs | total unique: 2480
VM104:40 Page 249/647: 200 10 UUIDs | total unique: 2490
VM104:40 Page 250/647: 200 10 UUIDs | total unique: 2500
VM104:40 Page 251/647: 200 10 UUIDs | total unique: 2510
VM104:40 Page 252/647: 200 10 UUIDs | total unique: 2520
VM104:40 Page 253/647: 200 10 UUIDs | total unique: 2530
VM104:40 Page 254/647: 200 10 UUIDs | total unique: 2540
VM104:40 Page 255/647: 200 10 UUIDs | total unique: 2550
VM104:40 Page 256/647: 200 10 UUIDs | total unique: 2560
VM104:40 Page 257/647: 200 10 UUIDs | total unique: 2570
VM104:40 Page 258/647: 200 10 UUIDs | total unique: 2580
VM104:40 Page 259/647: 200 10 UUIDs | total unique: 2590
VM104:40 Page 260/647: 200 10 UUIDs | total unique: 2600
VM104:40 Page 261/647: 200 10 UUIDs | total unique: 2610
VM104:40 Page 262/647: 200 10 UUIDs | total unique: 2620
VM104:40 Page 263/647: 200 10 UUIDs | total unique: 2630
VM104:40 Page 264/647: 200 10 UUIDs | total unique: 2640
VM104:40 Page 265/647: 200 10 UUIDs | total unique: 2650
VM104:40 Page 266/647: 200 10 UUIDs | total unique: 2660
VM104:40 Page 267/647: 200 10 UUIDs | total unique: 2670
VM104:40 Page 268/647: 200 10 UUIDs | total unique: 2680
VM104:40 Page 269/647: 200 10 UUIDs | total unique: 2690
VM104:40 Page 270/647: 200 10 UUIDs | total unique: 2700
VM104:40 Page 271/647: 200 10 UUIDs | total unique: 2710
VM104:40 Page 272/647: 200 10 UUIDs | total unique: 2720
VM104:40 Page 273/647: 200 10 UUIDs | total unique: 2730
VM104:40 Page 274/647: 200 10 UUIDs | total unique: 2740
VM104:40 Page 275/647: 200 10 UUIDs | total unique: 2750
VM104:40 Page 276/647: 200 10 UUIDs | total unique: 2760
VM104:40 Page 277/647: 200 10 UUIDs | total unique: 2770
VM104:40 Page 278/647: 200 10 UUIDs | total unique: 2780
VM104:40 Page 279/647: 200 10 UUIDs | total unique: 2790
VM104:40 Page 280/647: 200 10 UUIDs | total unique: 2800
VM104:40 Page 281/647: 200 10 UUIDs | total unique: 2810
VM104:40 Page 282/647: 200 10 UUIDs | total unique: 2820
VM104:40 Page 283/647: 200 10 UUIDs | total unique: 2830
VM104:40 Page 284/647: 200 10 UUIDs | total unique: 2840
VM104:40 Page 285/647: 200 10 UUIDs | total unique: 2850
VM104:40 Page 286/647: 200 10 UUIDs | total unique: 2860
VM104:40 Page 287/647: 200 10 UUIDs | total unique: 2870
VM104:40 Page 288/647: 200 10 UUIDs | total unique: 2880
VM104:40 Page 289/647: 200 10 UUIDs | total unique: 2890
VM104:40 Page 290/647: 200 10 UUIDs | total unique: 2900
VM104:40 Page 291/647: 200 10 UUIDs | total unique: 2910
VM104:40 Page 292/647: 200 10 UUIDs | total unique: 2920
VM104:40 Page 293/647: 200 10 UUIDs | total unique: 2930
VM104:40 Page 294/647: 200 10 UUIDs | total unique: 2940
VM104:40 Page 295/647: 200 10 UUIDs | total unique: 2950
VM104:40 Page 296/647: 200 10 UUIDs | total unique: 2960
VM104:40 Page 297/647: 200 10 UUIDs | total unique: 2970
VM104:40 Page 298/647: 200 10 UUIDs | total unique: 2980
VM104:40 Page 299/647: 200 10 UUIDs | total unique: 2990
VM104:40 Page 300/647: 200 10 UUIDs | total unique: 3000
VM104:40 Page 301/647: 200 10 UUIDs | total unique: 3010
VM104:40 Page 302/647: 200 10 UUIDs | total unique: 3020
VM104:40 Page 303/647: 200 10 UUIDs | total unique: 3030
VM104:40 Page 304/647: 200 10 UUIDs | total unique: 3040
VM104:40 Page 305/647: 200 10 UUIDs | total unique: 3050
VM104:40 Page 306/647: 200 10 UUIDs | total unique: 3060
VM104:40 Page 307/647: 200 10 UUIDs | total unique: 3070
VM104:40 Page 308/647: 200 10 UUIDs | total unique: 3080
VM104:40 Page 309/647: 200 10 UUIDs | total unique: 3090
VM104:40 Page 310/647: 200 10 UUIDs | total unique: 3100
VM104:40 Page 311/647: 200 10 UUIDs | total unique: 3110
VM104:40 Page 312/647: 200 10 UUIDs | total unique: 3120
VM104:40 Page 313/647: 200 10 UUIDs | total unique: 3130
VM104:40 Page 314/647: 200 10 UUIDs | total unique: 3140
VM104:40 Page 315/647: 200 10 UUIDs | total unique: 3150
VM104:40 Page 316/647: 200 10 UUIDs | total unique: 3160
VM104:40 Page 317/647: 200 10 UUIDs | total unique: 3170
VM104:40 Page 318/647: 200 10 UUIDs | total unique: 3180
VM104:40 Page 319/647: 200 10 UUIDs | total unique: 3190
VM104:40 Page 320/647: 200 10 UUIDs | total unique: 3200
VM104:40 Page 321/647: 200 10 UUIDs | total unique: 3210
VM104:40 Page 322/647: 200 10 UUIDs | total unique: 3220
VM104:40 Page 323/647: 200 10 UUIDs | total unique: 3230
VM104:40 Page 324/647: 200 10 UUIDs | total unique: 3240
VM104:40 Page 325/647: 200 10 UUIDs | total unique: 3250
VM104:40 Page 326/647: 200 10 UUIDs | total unique: 3260
VM104:40 Page 327/647: 200 10 UUIDs | total unique: 3270
VM104:40 Page 328/647: 200 10 UUIDs | total unique: 3280
VM104:40 Page 329/647: 200 10 UUIDs | total unique: 3290
VM104:40 Page 330/647: 200 10 UUIDs | total unique: 3300
VM104:40 Page 331/647: 200 10 UUIDs | total unique: 3310
VM104:40 Page 332/647: 200 10 UUIDs | total unique: 3320
VM104:40 Page 333/647: 200 10 UUIDs | total unique: 3330
VM104:40 Page 334/647: 200 10 UUIDs | total unique: 3340
VM104:40 Page 335/647: 200 10 UUIDs | total unique: 3350
VM104:40 Page 336/647: 200 10 UUIDs | total unique: 3360
VM104:40 Page 337/647: 200 10 UUIDs | total unique: 3370
VM104:40 Page 338/647: 200 10 UUIDs | total unique: 3380
VM104:40 Page 339/647: 200 10 UUIDs | total unique: 3390
VM104:40 Page 340/647: 200 10 UUIDs | total unique: 3400
VM104:40 Page 341/647: 200 10 UUIDs | total unique: 3410
VM104:40 Page 342/647: 200 10 UUIDs | total unique: 3420
VM104:40 Page 343/647: 200 10 UUIDs | total unique: 3430
VM104:40 Page 344/647: 200 10 UUIDs | total unique: 3440
VM104:40 Page 345/647: 200 10 UUIDs | total unique: 3450
VM104:40 Page 346/647: 200 10 UUIDs | total unique: 3460
VM104:40 Page 347/647: 200 10 UUIDs | total unique: 3470
VM104:40 Page 348/647: 200 10 UUIDs | total unique: 3480
VM104:40 Page 349/647: 200 10 UUIDs | total unique: 3490
VM104:40 Page 350/647: 200 10 UUIDs | total unique: 3500
VM104:40 Page 351/647: 200 10 UUIDs | total unique: 3510
VM104:40 Page 352/647: 200 10 UUIDs | total unique: 3520
VM104:40 Page 353/647: 200 10 UUIDs | total unique: 3530
VM104:40 Page 354/647: 200 10 UUIDs | total unique: 3540
VM104:40 Page 355/647: 200 10 UUIDs | total unique: 3550
VM104:40 Page 356/647: 200 10 UUIDs | total unique: 3560
VM104:40 Page 357/647: 200 10 UUIDs | total unique: 3570
VM104:40 Page 358/647: 200 10 UUIDs | total unique: 3580
VM104:40 Page 359/647: 200 10 UUIDs | total unique: 3590
VM104:40 Page 360/647: 200 10 UUIDs | total unique: 3600
VM104:40 Page 361/647: 200 10 UUIDs | total unique: 3610
VM104:40 Page 362/647: 200 10 UUIDs | total unique: 3620
VM104:40 Page 363/647: 200 10 UUIDs | total unique: 3630
VM104:40 Page 364/647: 200 10 UUIDs | total unique: 3640
VM104:40 Page 365/647: 200 10 UUIDs | total unique: 3650
VM104:40 Page 366/647: 200 10 UUIDs | total unique: 3660
VM104:40 Page 367/647: 200 10 UUIDs | total unique: 3670
VM104:40 Page 368/647: 200 10 UUIDs | total unique: 3680
VM104:40 Page 369/647: 200 10 UUIDs | total unique: 3690
VM104:40 Page 370/647: 200 10 UUIDs | total unique: 3700
VM104:40 Page 371/647: 200 10 UUIDs | total unique: 3710
VM104:40 Page 372/647: 200 10 UUIDs | total unique: 3720
VM104:40 Page 373/647: 200 10 UUIDs | total unique: 3730
VM104:40 Page 374/647: 200 10 UUIDs | total unique: 3740
VM104:40 Page 375/647: 200 10 UUIDs | total unique: 3750
VM104:40 Page 376/647: 200 10 UUIDs | total unique: 3760
VM104:40 Page 377/647: 200 10 UUIDs | total unique: 3770
VM104:40 Page 378/647: 200 10 UUIDs | total unique: 3780
VM104:40 Page 379/647: 200 10 UUIDs | total unique: 3790
VM104:40 Page 380/647: 200 10 UUIDs | total unique: 3800
VM104:40 Page 381/647: 200 10 UUIDs | total unique: 3810
VM104:40 Page 382/647: 200 10 UUIDs | total unique: 3820
VM104:40 Page 383/647: 200 10 UUIDs | total unique: 3830
VM104:40 Page 384/647: 200 10 UUIDs | total unique: 3840
VM104:40 Page 385/647: 200 10 UUIDs | total unique: 3850
VM104:40 Page 386/647: 200 10 UUIDs | total unique: 3860
VM104:40 Page 387/647: 200 10 UUIDs | total unique: 3870
VM104:40 Page 388/647: 200 10 UUIDs | total unique: 3880
VM104:40 Page 389/647: 200 10 UUIDs | total unique: 3890
VM104:40 Page 390/647: 200 10 UUIDs | total unique: 3900
VM104:40 Page 391/647: 200 10 UUIDs | total unique: 3910
VM104:40 Page 392/647: 200 10 UUIDs | total unique: 3920
VM104:40 Page 393/647: 200 10 UUIDs | total unique: 3930
VM104:40 Page 394/647: 200 10 UUIDs | total unique: 3940
VM104:40 Page 395/647: 200 10 UUIDs | total unique: 3950
VM104:40 Page 396/647: 200 10 UUIDs | total unique: 3960
VM104:40 Page 397/647: 200 10 UUIDs | total unique: 3970
VM104:40 Page 398/647: 200 10 UUIDs | total unique: 3980
VM104:40 Page 399/647: 200 10 UUIDs | total unique: 3990
VM104:40 Page 400/647: 200 10 UUIDs | total unique: 4000
VM104:40 Page 401/647: 200 10 UUIDs | total unique: 4010
VM104:40 Page 402/647: 200 10 UUIDs | total unique: 4020
VM104:40 Page 403/647: 200 10 UUIDs | total unique: 4030
VM104:40 Page 404/647: 200 10 UUIDs | total unique: 4040
VM104:40 Page 405/647: 200 10 UUIDs | total unique: 4050
VM104:40 Page 406/647: 200 10 UUIDs | total unique: 4060
VM104:40 Page 407/647: 200 10 UUIDs | total unique: 4070
VM104:40 Page 408/647: 200 10 UUIDs | total unique: 4080
VM104:40 Page 409/647: 200 10 UUIDs | total unique: 4090
VM104:40 Page 410/647: 200 10 UUIDs | total unique: 4100
VM104:40 Page 411/647: 200 10 UUIDs | total unique: 4110
VM104:40 Page 412/647: 200 10 UUIDs | total unique: 4120
VM104:40 Page 413/647: 200 10 UUIDs | total unique: 4130
VM104:40 Page 414/647: 200 10 UUIDs | total unique: 4140
VM104:40 Page 415/647: 200 10 UUIDs | total unique: 4150
VM104:40 Page 416/647: 200 10 UUIDs | total unique: 4160
VM104:40 Page 417/647: 200 10 UUIDs | total unique: 4170
VM104:40 Page 418/647: 200 10 UUIDs | total unique: 4180
VM104:40 Page 419/647: 200 10 UUIDs | total unique: 4190
VM104:40 Page 420/647: 200 10 UUIDs | total unique: 4200
VM104:40 Page 421/647: 200 10 UUIDs | total unique: 4210
VM104:40 Page 422/647: 200 10 UUIDs | total unique: 4220
VM104:40 Page 423/647: 200 10 UUIDs | total unique: 4230
VM104:40 Page 424/647: 200 10 UUIDs | total unique: 4240
VM104:40 Page 425/647: 200 10 UUIDs | total unique: 4250
VM104:40 Page 426/647: 200 10 UUIDs | total unique: 4260
VM104:40 Page 427/647: 200 10 UUIDs | total unique: 4270
VM104:40 Page 428/647: 200 10 UUIDs | total unique: 4280
VM104:40 Page 429/647: 200 10 UUIDs | total unique: 4290
VM104:40 Page 430/647: 200 10 UUIDs | total unique: 4300
VM104:40 Page 431/647: 200 10 UUIDs | total unique: 4310
VM104:40 Page 432/647: 200 10 UUIDs | total unique: 4320
VM104:40 Page 433/647: 200 10 UUIDs | total unique: 4330
VM104:40 Page 434/647: 200 10 UUIDs | total unique: 4340
VM104:40 Page 435/647: 200 10 UUIDs | total unique: 4350
VM104:40 Page 436/647: 200 10 UUIDs | total unique: 4360
VM104:40 Page 437/647: 200 10 UUIDs | total unique: 4370
VM104:40 Page 438/647: 200 10 UUIDs | total unique: 4380
VM104:40 Page 439/647: 200 10 UUIDs | total unique: 4390
VM104:40 Page 440/647: 200 10 UUIDs | total unique: 4400
VM104:40 Page 441/647: 200 10 UUIDs | total unique: 4410
VM104:40 Page 442/647: 200 10 UUIDs | total unique: 4420
VM104:40 Page 443/647: 200 10 UUIDs | total unique: 4430
VM104:40 Page 444/647: 200 10 UUIDs | total unique: 4440
VM104:40 Page 445/647: 200 10 UUIDs | total unique: 4450
VM104:40 Page 446/647: 200 10 UUIDs | total unique: 4460
VM104:40 Page 447/647: 200 10 UUIDs | total unique: 4470
VM104:40 Page 448/647: 200 10 UUIDs | total unique: 4480
VM104:40 Page 449/647: 200 10 UUIDs | total unique: 4490
VM104:40 Page 450/647: 200 10 UUIDs | total unique: 4500
VM104:40 Page 451/647: 200 10 UUIDs | total unique: 4510
VM104:40 Page 452/647: 200 10 UUIDs | total unique: 4520
VM104:40 Page 453/647: 200 10 UUIDs | total unique: 4530
VM104:40 Page 454/647: 200 10 UUIDs | total unique: 4540
VM104:40 Page 455/647: 200 10 UUIDs | total unique: 4550
VM104:40 Page 456/647: 200 10 UUIDs | total unique: 4560
VM104:40 Page 457/647: 200 10 UUIDs | total unique: 4570
VM104:40 Page 458/647: 200 10 UUIDs | total unique: 4580
VM104:40 Page 459/647: 200 10 UUIDs | total unique: 4590
VM104:40 Page 460/647: 200 10 UUIDs | total unique: 4600
VM104:40 Page 461/647: 200 10 UUIDs | total unique: 4610
VM104:40 Page 462/647: 200 10 UUIDs | total unique: 4620
VM104:40 Page 463/647: 200 10 UUIDs | total unique: 4630
VM104:40 Page 464/647: 200 10 UUIDs | total unique: 4640
VM104:40 Page 465/647: 200 10 UUIDs | total unique: 4650
VM104:40 Page 466/647: 200 10 UUIDs | total unique: 4660
VM104:40 Page 467/647: 200 10 UUIDs | total unique: 4670
VM104:40 Page 468/647: 200 10 UUIDs | total unique: 4680
VM104:40 Page 469/647: 200 10 UUIDs | total unique: 4690
VM104:40 Page 470/647: 200 10 UUIDs | total unique: 4700
VM104:40 Page 471/647: 200 10 UUIDs | total unique: 4710
VM104:40 Page 472/647: 200 10 UUIDs | total unique: 4720
VM104:40 Page 473/647: 200 10 UUIDs | total unique: 4730
VM104:40 Page 474/647: 200 10 UUIDs | total unique: 4740
VM104:40 Page 475/647: 200 10 UUIDs | total unique: 4750
VM104:40 Page 476/647: 200 10 UUIDs | total unique: 4760
VM104:40 Page 477/647: 200 10 UUIDs | total unique: 4770
VM104:40 Page 478/647: 200 10 UUIDs | total unique: 4780
VM104:40 Page 479/647: 200 10 UUIDs | total unique: 4790
VM104:40 Page 480/647: 200 10 UUIDs | total unique: 4800
VM104:40 Page 481/647: 200 10 UUIDs | total unique: 4810
VM104:40 Page 482/647: 200 10 UUIDs | total unique: 4820
VM104:40 Page 483/647: 200 10 UUIDs | total unique: 4830
VM104:40 Page 484/647: 200 10 UUIDs | total unique: 4840
VM104:40 Page 485/647: 200 10 UUIDs | total unique: 4850
VM104:40 Page 486/647: 200 10 UUIDs | total unique: 4860
VM104:40 Page 487/647: 200 10 UUIDs | total unique: 4870
VM104:40 Page 488/647: 200 10 UUIDs | total unique: 4880
VM104:40 Page 489/647: 200 10 UUIDs | total unique: 4890
VM104:40 Page 490/647: 200 10 UUIDs | total unique: 4900
VM104:40 Page 491/647: 200 10 UUIDs | total unique: 4910
VM104:40 Page 492/647: 200 10 UUIDs | total unique: 4920
VM104:40 Page 493/647: 200 10 UUIDs | total unique: 4930
VM104:40 Page 494/647: 200 10 UUIDs | total unique: 4940
VM104:40 Page 495/647: 200 10 UUIDs | total unique: 4950
VM104:40 Page 496/647: 200 10 UUIDs | total unique: 4960
VM104:40 Page 497/647: 200 10 UUIDs | total unique: 4970
VM104:40 Page 498/647: 200 10 UUIDs | total unique: 4980
VM104:40 Page 499/647: 200 10 UUIDs | total unique: 4990
VM104:40 Page 500/647: 200 10 UUIDs | total unique: 5000
VM104:40 Page 501/647: 200 10 UUIDs | total unique: 5010
VM104:40 Page 502/647: 200 10 UUIDs | total unique: 5020
VM104:40 Page 503/647: 200 10 UUIDs | total unique: 5030
VM104:40 Page 504/647: 200 10 UUIDs | total unique: 5040
VM104:40 Page 505/647: 200 10 UUIDs | total unique: 5050
VM104:40 Page 506/647: 200 10 UUIDs | total unique: 5060
VM104:40 Page 507/647: 200 10 UUIDs | total unique: 5070
VM104:40 Page 508/647: 200 10 UUIDs | total unique: 5080
VM104:40 Page 509/647: 200 10 UUIDs | total unique: 5090
VM104:40 Page 510/647: 200 10 UUIDs | total unique: 5100
VM104:40 Page 511/647: 200 10 UUIDs | total unique: 5110
VM104:40 Page 512/647: 200 10 UUIDs | total unique: 5120
VM104:40 Page 513/647: 200 10 UUIDs | total unique: 5130
VM104:40 Page 514/647: 200 10 UUIDs | total unique: 5140
VM104:40 Page 515/647: 200 10 UUIDs | total unique: 5150
VM104:40 Page 516/647: 200 10 UUIDs | total unique: 5160
VM104:40 Page 517/647: 200 10 UUIDs | total unique: 5170
VM104:40 Page 518/647: 200 10 UUIDs | total unique: 5180
VM104:40 Page 519/647: 200 10 UUIDs | total unique: 5190
VM104:40 Page 520/647: 200 10 UUIDs | total unique: 5200
VM104:40 Page 521/647: 200 10 UUIDs | total unique: 5210
VM104:40 Page 522/647: 200 10 UUIDs | total unique: 5220
VM104:40 Page 523/647: 200 10 UUIDs | total unique: 5230
VM104:40 Page 524/647: 200 10 UUIDs | total unique: 5240
VM104:40 Page 525/647: 200 10 UUIDs | total unique: 5250
VM104:40 Page 526/647: 200 10 UUIDs | total unique: 5260
VM104:40 Page 527/647: 200 10 UUIDs | total unique: 5270
VM104:40 Page 528/647: 200 10 UUIDs | total unique: 5280
VM104:40 Page 529/647: 200 10 UUIDs | total unique: 5290
VM104:40 Page 530/647: 200 10 UUIDs | total unique: 5300
VM104:40 Page 531/647: 200 10 UUIDs | total unique: 5310
VM104:40 Page 532/647: 200 10 UUIDs | total unique: 5320
VM104:40 Page 533/647: 200 10 UUIDs | total unique: 5330
VM104:40 Page 534/647: 200 10 UUIDs | total unique: 5340
VM104:40 Page 535/647: 200 10 UUIDs | total unique: 5350
VM104:40 Page 536/647: 200 10 UUIDs | total unique: 5360
VM104:40 Page 537/647: 200 10 UUIDs | total unique: 5370
VM104:40 Page 538/647: 200 10 UUIDs | total unique: 5380
VM104:40 Page 539/647: 200 10 UUIDs | total unique: 5390
VM104:40 Page 540/647: 200 10 UUIDs | total unique: 5400
VM104:40 Page 541/647: 200 10 UUIDs | total unique: 5410
VM104:40 Page 542/647: 200 10 UUIDs | total unique: 5420
VM104:40 Page 543/647: 200 10 UUIDs | total unique: 5430
VM104:40 Page 544/647: 200 10 UUIDs | total unique: 5440
VM104:40 Page 545/647: 200 10 UUIDs | total unique: 5450
VM104:40 Page 546/647: 200 10 UUIDs | total unique: 5460
VM104:40 Page 547/647: 200 10 UUIDs | total unique: 5470
VM104:40 Page 548/647: 200 10 UUIDs | total unique: 5480
VM104:40 Page 549/647: 200 10 UUIDs | total unique: 5490
VM104:40 Page 550/647: 200 10 UUIDs | total unique: 5500
VM104:40 Page 551/647: 200 10 UUIDs | total unique: 5510
VM104:40 Page 552/647: 200 10 UUIDs | total unique: 5520
VM104:40 Page 553/647: 200 10 UUIDs | total unique: 5530
VM104:40 Page 554/647: 200 10 UUIDs | total unique: 5540
VM104:40 Page 555/647: 200 10 UUIDs | total unique: 5550
VM104:40 Page 556/647: 200 10 UUIDs | total unique: 5560
VM104:40 Page 557/647: 200 10 UUIDs | total unique: 5570
VM104:40 Page 558/647: 200 10 UUIDs | total unique: 5580
VM104:40 Page 559/647: 200 10 UUIDs | total unique: 5590
VM104:40 Page 560/647: 200 10 UUIDs | total unique: 5600
VM104:40 Page 561/647: 200 10 UUIDs | total unique: 5610
VM104:40 Page 562/647: 200 10 UUIDs | total unique: 5620
VM104:40 Page 563/647: 200 10 UUIDs | total unique: 5630
VM104:40 Page 564/647: 200 10 UUIDs | total unique: 5640
VM104:40 Page 565/647: 200 10 UUIDs | total unique: 5650
VM104:40 Page 566/647: 200 10 UUIDs | total unique: 5660
VM104:40 Page 567/647: 200 10 UUIDs | total unique: 5670
VM104:40 Page 568/647: 200 10 UUIDs | total unique: 5680
VM104:40 Page 569/647: 200 10 UUIDs | total unique: 5690
VM104:40 Page 570/647: 200 10 UUIDs | total unique: 5700
VM104:40 Page 571/647: 200 10 UUIDs | total unique: 5710
VM104:40 Page 572/647: 200 10 UUIDs | total unique: 5720
VM104:40 Page 573/647: 200 10 UUIDs | total unique: 5730
VM104:40 Page 574/647: 200 10 UUIDs | total unique: 5740
VM104:40 Page 575/647: 200 10 UUIDs | total unique: 5750
VM104:40 Page 576/647: 200 10 UUIDs | total unique: 5760
VM104:40 Page 577/647: 200 10 UUIDs | total unique: 5770
VM104:40 Page 578/647: 200 10 UUIDs | total unique: 5780
VM104:40 Page 579/647: 200 10 UUIDs | total unique: 5790
VM104:40 Page 580/647: 200 10 UUIDs | total unique: 5800
VM104:40 Page 581/647: 200 10 UUIDs | total unique: 5810
VM104:40 Page 582/647: 200 10 UUIDs | total unique: 5820
VM104:40 Page 583/647: 200 10 UUIDs | total unique: 5830
VM104:40 Page 584/647: 200 10 UUIDs | total unique: 5840
VM104:40 Page 585/647: 200 10 UUIDs | total unique: 5850
VM104:40 Page 586/647: 200 10 UUIDs | total unique: 5860
VM104:40 Page 587/647: 200 10 UUIDs | total unique: 5870
VM104:40 Page 588/647: 200 10 UUIDs | total unique: 5880
VM104:40 Page 589/647: 200 10 UUIDs | total unique: 5890
VM104:40 Page 590/647: 200 10 UUIDs | total unique: 5900
VM104:40 Page 591/647: 200 10 UUIDs | total unique: 5910
VM104:40 Page 592/647: 200 10 UUIDs | total unique: 5920
VM104:40 Page 593/647: 200 10 UUIDs | total unique: 5930
VM104:40 Page 594/647: 200 10 UUIDs | total unique: 5940
VM104:40 Page 595/647: 200 10 UUIDs | total unique: 5950
VM104:40 Page 596/647: 200 10 UUIDs | total unique: 5960
VM104:40 Page 597/647: 200 10 UUIDs | total unique: 5970
VM104:40 Page 598/647: 200 10 UUIDs | total unique: 5980
VM104:40 Page 599/647: 200 10 UUIDs | total unique: 5990
VM104:40 Page 600/647: 200 10 UUIDs | total unique: 6000
VM104:40 Page 601/647: 200 10 UUIDs | total unique: 6010
VM104:40 Page 602/647: 200 10 UUIDs | total unique: 6020
VM104:40 Page 603/647: 200 10 UUIDs | total unique: 6030
VM104:40 Page 604/647: 200 10 UUIDs | total unique: 6040
VM104:40 Page 605/647: 200 10 UUIDs | total unique: 6050
VM104:40 Page 606/647: 200 10 UUIDs | total unique: 6060
VM104:40 Page 607/647: 200 10 UUIDs | total unique: 6070
VM104:40 Page 608/647: 200 10 UUIDs | total unique: 6080
VM104:40 Page 609/647: 200 10 UUIDs | total unique: 6090
VM104:40 Page 610/647: 200 10 UUIDs | total unique: 6100
VM104:40 Page 611/647: 200 10 UUIDs | total unique: 6110
VM104:40 Page 612/647: 200 10 UUIDs | total unique: 6120
VM104:40 Page 613/647: 200 10 UUIDs | total unique: 6130
VM104:40 Page 614/647: 200 10 UUIDs | total unique: 6140
VM104:40 Page 615/647: 200 10 UUIDs | total unique: 6150
VM104:40 Page 616/647: 200 10 UUIDs | total unique: 6160
VM104:40 Page 617/647: 200 10 UUIDs | total unique: 6170
VM104:40 Page 618/647: 200 10 UUIDs | total unique: 6180
VM104:40 Page 619/647: 200 10 UUIDs | total unique: 6190
VM104:40 Page 620/647: 200 10 UUIDs | total unique: 6200
VM104:40 Page 621/647: 200 10 UUIDs | total unique: 6210
VM104:40 Page 622/647: 200 10 UUIDs | total unique: 6220
VM104:40 Page 623/647: 200 10 UUIDs | total unique: 6230
VM104:40 Page 624/647: 200 10 UUIDs | total unique: 6240
VM104:40 Page 625/647: 200 10 UUIDs | total unique: 6250
VM104:40 Page 626/647: 200 10 UUIDs | total unique: 6260
VM104:40 Page 627/647: 200 10 UUIDs | total unique: 6270
VM104:40 Page 628/647: 200 10 UUIDs | total unique: 6280
VM104:40 Page 629/647: 200 10 UUIDs | total unique: 6290
VM104:40 Page 630/647: 200 10 UUIDs | total unique: 6300
VM104:40 Page 631/647: 200 10 UUIDs | total unique: 6310
VM104:40 Page 632/647: 200 10 UUIDs | total unique: 6320
VM104:40 Page 633/647: 200 10 UUIDs | total unique: 6330
VM104:40 Page 634/647: 200 10 UUIDs | total unique: 6340
VM104:40 Page 635/647: 200 10 UUIDs | total unique: 6350
VM104:40 Page 636/647: 200 10 UUIDs | total unique: 6360
VM104:40 Page 637/647: 200 10 UUIDs | total unique: 6370
VM104:40 Page 638/647: 200 10 UUIDs | total unique: 6380
VM104:40 Page 639/647: 200 10 UUIDs | total unique: 6390
VM104:40 Page 640/647: 200 10 UUIDs | total unique: 6400
VM104:40 Page 641/647: 200 10 UUIDs | total unique: 6410
VM104:40 Page 642/647: 200 10 UUIDs | total unique: 6420
VM104:40 Page 643/647: 200 10 UUIDs | total unique: 6430
VM104:40 Page 644/647: 200 10 UUIDs | total unique: 6440
VM104:40 Page 645/647: 200 10 UUIDs | total unique: 6450
VM104:40 Page 646/647: 200 10 UUIDs | total unique: 6460
VM104:40 Page 647/647: 200 7 UUIDs | total unique: 6467
VM104:73 ========== FE2 SUMMARY ==========
VM104:74 {total_pages_attempted: 647, successful_pages: 647, failed_pages: 0, unique_uuids: 6467, expected_projects: 6467, …}
VM104:87 DONE. Unique UUIDs found: 6467 / expected 6467
26ygzh7nknm56.js:1  GET https://fmrwatch.bafe.gov.ph/projects/dfcc79ec-350d-458e-9469-973104a064ad?view=table&page=3&_rsc=rVOxZyJZQf-ncF1B net::ERR_NAME_NOT_RESOLVED
T @ 26ygzh7nknm56.js:1
await in T
eE @ 26ygzh7nknm56.js:1
eh @ 26ygzh7nknm56.js:1
(anonymous) @ 26ygzh7nknm56.js:1
(anonymous) @ 26ygzh7nknm56.js:1
N @ 26ygzh7nknm56.js:1
26ygzh7nknm56.js:1  GET https://fmrwatch.bafe.gov.ph/projects/dfcc79ec-350d-458e-9469-973104a064ad?_rsc=rVOxZyJZQf-ncF1B 526
T @ 26ygzh7nknm56.js:1
await in T
eE @ 26ygzh7nknm56.js:1
eh @ 26ygzh7nknm56.js:1
(anonymous) @ 26ygzh7nknm56.js:1
N @ 26ygzh7nknm56.js:1
26ygzh7nknm56.js:1  GET https://fmrwatch.bafe.gov.ph/projects/dfcc79ec-350d-458e-9469-973104a064ad?view=table&page=3&_rsc=rVOxZyJZQf-ncF1B 526
T @ 26ygzh7nknm56.js:1
await in T
eE @ 26ygzh7nknm56.js:1
eh @ 26ygzh7nknm56.js:1
(anonymous) @ 26ygzh7nknm56.js:1
(anonymous) @ 26ygzh7nknm56.js:1
N @ 26ygzh7nknm56.js:1
26ygzh7nknm56.js:1  GET https://fmrwatch.bafe.gov.ph/projects/dfcc79ec-350d-458e-9469-973104a064ad?_rsc=rVOxZyJZQf-ncF1B 526
T @ 26ygzh7nknm56.js:1
await in T
eE @ 26ygzh7nknm56.js:1
eh @ 26ygzh7nknm56.js:1
(anonymous) @ 26ygzh7nknm56.js:1
N @ 26ygzh7nknm56.js:1
(() => {
  const r = window.__FMR_FE2_RESULTS__;

  if (!r) {
    console.error("FE2 results not found in window.__FMR_FE2_RESULTS__");
    return;
  }

  const errors = [];

  // Basic totals
  if (r.total_pages_attempted !== 647)
    errors.push(`Expected 647 pages, got ${r.total_pages_attempted}`);

  if (r.successful_pages !== 647)
    errors.push(`Expected 647 successful pages, got ${r.successful_pages}`);

  if (r.failed_pages !== 0)
    errors.push(`Expected 0 failed pages, got ${r.failed_pages}`);

  if (r.expected_projects !== 6467)
    errors.push(`Expected project count 6467, got ${r.expected_projects}`);

  if (r.unique_uuids !== 6467)
    errors.push(`Expected 6467 unique UUIDs, got ${r.unique_uuids}`);

  // Page-by-page validation
  const pageMap = new Map();
  const allIds = [];

  for (const x of r.results) {
    pageMap.set(x.page, x);

    if (x.status !== 200)
      errors.push(`Page ${x.page}: HTTP ${x.status}`);

    allIds.push(...(x.uuids || []));
  }

  for (let page = 1; page <= 646; page++) {
    const x = pageMap.get(page);

    if (!x) {
      errors.push(`Missing page ${page}`);
      continue;
    }

    if (x.uuids_found !== 10)
      errors.push(`Page ${page}: expected 10 UUIDs, got ${x.uuids_found}`);
  }

  const last = pageMap.get(647);

  if (!last) {
    errors.push("Missing page 647");
  } else if (last.uuids_found !== 7) {
    errors.push(`Page 647: expected 7 UUIDs, got ${last.uuids_found}`);
  }

  // Duplicate test
  const unique = new Set(allIds);

  if (unique.size !== allIds.length) {
    errors.push(
      `Duplicate UUIDs detected: ${allIds.length - unique.size}`
    );
  }

  // Count reconciliation
  const enumeratedCount = allIds.length;

  if (enumeratedCount !== 6467)
    errors.push(`Enumerated UUID count = ${enumeratedCount}, expected 6467`);

  console.log("========== G3-FE VALIDATION ==========");
  console.log("Pages:", r.results.length);
  console.log("Successful pages:", r.successful_pages);
  console.log("Failed pages:", r.failed_pages);
  console.log("Enumerated UUIDs:", enumeratedCount);
  console.log("Unique UUIDs:", unique.size);
  console.log("Expected projects:", 6467);

  if (errors.length) {
    console.error("VALIDATION FAILED");
    console.error(errors);
    window.__FMR_FE2_VALIDATION__ = {
      status: "FAIL",
      errors
    };
    return;
  }

  console.log("VALIDATION PASSED");
  console.log("6467 / 6467 unique UUIDs");
  console.log("647 / 647 pages");
  console.log("0 failed pages");
  console.log("No duplicate UUIDs detected");

  window.__FMR_FE2_VALIDATION__ = {
    status: "PASS",
    pages: 647,
    enumerated: enumeratedCount,
    unique: unique.size,
    expected: 6467,
    duplicates: 0
  };
})();
VM107:75 ========== G3-FE VALIDATION ==========
VM107:76 Pages: 647
VM107:77 Successful pages: 647
VM107:78 Failed pages: 0
VM107:79 Enumerated UUIDs: 6467
VM107:80 Unique UUIDs: 6467
VM107:81 Expected projects: 6467
VM107:93 VALIDATION PASSED
VM107:94 6467 / 6467 unique UUIDs
VM107:95 647 / 647 pages
VM107:96 0 failed pages
VM107:97 No duplicate UUIDs detected
undefined
26ygzh7nknm56.js:1  GET https://fmrwatch.bafe.gov.ph/projects/dfcc79ec-350d-458e-9469-973104a064ad?view=table&page=3&_rsc=rVOxZyJZQf-ncF1B 403 (Forbidden)
T @ 26ygzh7nknm56.js:1
await in T
eE @ 26ygzh7nknm56.js:1
eh @ 26ygzh7nknm56.js:1
(anonymous) @ 26ygzh7nknm56.js:1
(anonymous) @ 26ygzh7nknm56.js:1
N @ 26ygzh7nknm56.js:1
26ygzh7nknm56.js:1  GET https://fmrwatch.bafe.gov.ph/projects/dfcc79ec-350d-458e-9469-973104a064ad?_rsc=rVOxZyJZQf-ncF1B 403 (Forbidden)
T @ 26ygzh7nknm56.js:1
await in T
eE @ 26ygzh7nknm56.js:1
eh @ 26ygzh7nknm56.js:1
(anonymous) @ 26ygzh7nknm56.js:1
N @ 26ygzh7nknm56.js:1
(async () => {
  const r = window.__FMR_FE2_RESULTS__;
  const v = window.__FMR_FE2_VALIDATION__;

  if (!r || !v || v.status !== "PASS") {
    console.error("FE2 validated results not found. Stop.");
    return;
  }

  // Flatten page records while preserving page membership.
  const records = [];

  for (const pageResult of r.results) {
    for (let i = 0; i < pageResult.uuids.length; i++) {
      records.push({
        page: pageResult.page,
        position_on_page: i + 1,
        uuid: pageResult.uuids[i].toLowerCase()
      });
    }
  }

  // Stable canonical ordering for reproducible hashing.
  records.sort((a, b) => {
    if (a.page !== b.page) return a.page - b.page;
    if (a.position_on_page !== b.position_on_page) {
      return a.position_on_page - b.position_on_page;
    }
    return a.uuid.localeCompare(b.uuid);
  });

  const frame = {
    frame_type: "FMR_WATCH_PUBLIC_PROJECT_FRAME",
    source: "https://fmrwatch.bafe.gov.ph/projects",
    portal_version_observed: "1.3.13",
    observed_project_count: 6467,
    pages: 647,
    page_size: 10,
    enumeration_method:
      "GET /projects?view=table&page=N via same-origin browser fetch; UUID extraction from returned project routes",
    validation_status: "PASS",
    records
  };

  const canonical = JSON.stringify(frame);

  const bytes = new TextEncoder().encode(canonical);
  const digest = await crypto.subtle.digest("SHA-256", bytes);

  const hash = [...new Uint8Array(digest)]
    .map(b => b.toString(16).padStart(2, "0"))
    .join("");

  const freeze = {
    frame_id: `FMR-FRAME-2026-09-03-${hash.slice(0, 12)}`,
    frozen_at: new Date().toISOString(),
    sha256: hash,
    record_count: records.length,
    page_count: 647,
    source: frame.source,
    portal_version_observed: frame.portal_version_observed,
    frame
  };

  window.__FMR_FROZEN_FRAME__ = freeze;

  // Download immutable snapshot.
  const blob = new Blob(
    [JSON.stringify(freeze, null, 2)],
    { type: "application/json" }
  );

  const a = document.createElement("a");
  a.href = URL.createObjectURL(blob);
  a.download = "FMR_Watch_Frozen_Frame_6467_2026-09-03.json";
  document.body.appendChild(a);
  a.click();
  a.remove();

  console.log("========== G3-FE FRAME FREEZE ==========");
  console.log("FRAME ID:", freeze.frame_id);
  console.log("Frozen at:", freeze.frozen_at);
  console.log("Records:", freeze.record_count);
  console.log("Pages:", freeze.page_count);
  console.log("SHA-256:", freeze.sha256);
  console.log("STATUS: FRAME FROZEN");
})();
VM110:80 ========== G3-FE FRAME FREEZE ==========
VM110:81 FRAME ID: FMR-FRAME-2026-09-03-859cc9bd480e
VM110:82 Frozen at: 2026-09-03T02:30:22.811Z
VM110:83 Records: 6467
VM110:84 Pages: 647
VM110:85 SHA-256: 859cc9bd480e3d219e9586d02e162889b5462553c40666fd2f10d49853fd4fc9
VM110:86 STATUS: FRAME FROZEN
Promise {<fulfilled>: undefined}
26ygzh7nknm56.js:1  GET https://fmrwatch.bafe.gov.ph/sign-in?_rsc=rVOxZyJZQf-ncF1B 403 (Forbidden)
T @ 26ygzh7nknm56.js:1
await in T
eE @ 26ygzh7nknm56.js:1
eh @ 26ygzh7nknm56.js:1
(anonymous) @ 26ygzh7nknm56.js:1
(anonymous) @ 26ygzh7nknm56.js:1
N @ 26ygzh7nknm56.js:1
26ygzh7nknm56.js:1  GET https://fmrwatch.bafe.gov.ph/projects/dfcc79ec-350d-458e-9469-973104a064ad?view=table&page=3&_rsc=rVOxZyJZQf-ncF1B 403 (Forbidden)
T @ 26ygzh7nknm56.js:1
await in T
eE @ 26ygzh7nknm56.js:1
eh @ 26ygzh7nknm56.js:1
(anonymous) @ 26ygzh7nknm56.js:1
(anonymous) @ 26ygzh7nknm56.js:1
N @ 26ygzh7nknm56.js:1
26ygzh7nknm56.js:1  GET https://fmrwatch.bafe.gov.ph/projects/dfcc79ec-350d-458e-9469-973104a064ad?_rsc=rVOxZyJZQf-ncF1B 403 (Forbidden)
T @ 26ygzh7nknm56.js:1
await in T
eE @ 26ygzh7nknm56.js:1
eh @ 26ygzh7nknm56.js:1
(anonymous) @ 26ygzh7nknm56.js:1
N @ 26ygzh7nknm56.js:1
(async () => {
  const frozen = window.__FMR_FROZEN_FRAME__;

  if (!frozen) {
    console.error(
      "STOP: __FMR_FROZEN_FRAME__ is not available in this page session."
    );
    console.error(
      "Do not proceed until the frozen frame is restored."
    );
    return;
  }

  console.log("========== FE7 R1 INDEPENDENT REPRODUCTION ==========");
  console.log("Frozen Frame ID:", frozen.frame_id);
  console.log("Frozen Record Count:", frozen.record_count);
  console.log("Frozen SHA-256:", frozen.sha256);

  const TOTAL_PAGES = 647;
  const EXPECTED_PROJECTS = 6467;
  const results = [];
  const allRecords = [];
  const seen = new Set();

  const uuidRegex =
    /\/projects\/([0-9a-f]{8}-[0-9a-f]{4}-[0-9a-f]{4}-[0-9a-f]{4}-[0-9a-f]{12})(?:[?/"'\\])/gi;

  const reproductionStartedAt = new Date().toISOString();

  for (let page = 1; page <= TOTAL_PAGES; page++) {
    const url = `/projects?view=table&page=${page}`;

    try {
      const response = await fetch(url, {
        method: "GET",
        credentials: "same-origin",
        headers: {
          "Accept": "text/html,application/xhtml+xml"
        }
      });

      const text = await response.text();

      const pageIds = [...text.matchAll(uuidRegex)]
        .map(m => m[1].toLowerCase());

      const uniquePageIds = [...new Set(pageIds)];

      uniquePageIds.forEach((uuid, index) => {
        allRecords.push({
          page,
          position_on_page: index + 1,
          uuid
        });
        seen.add(uuid);
      });

      results.push({
        page,
        status: response.status,
        bytes: text.length,
        uuids_found: uniquePageIds.length,
        uuids: uniquePageIds
      });

      console.log(
        `R1 Page ${page}/${TOTAL_PAGES}:`,
        response.status,
        uniquePageIds.length,
        `UUIDs | total unique: ${seen.size}`
      );

      await new Promise(r => setTimeout(r, 250));

    } catch (err) {
      results.push({
        page,
        status: null,
        bytes: 0,
        uuids_found: 0,
        uuids: [],
        error: String(err)
      });

      console.error(`R1 Page ${page} failed:`, err);
    }
  }

  const reproductionFinishedAt = new Date().toISOString();

  // Build canonical ordered R1 frame.
  allRecords.sort((a, b) => {
    if (a.page !== b.page) return a.page - b.page;
    return a.position_on_page - b.position_on_page;
  });

  // Basic checks.
  const successfulPages =
    results.filter(x => x.status === 200).length;

  const failedPages =
    results.filter(x => x.status !== 200 || x.error).length;

  const enumeratedCount = allRecords.length;
  const uniqueCount = seen.size;

  // Compare against frozen frame exactly.
  const frozenRecords = frozen.frame.records || [];

  const differences = [];

  if (frozenRecords.length !== allRecords.length) {
    differences.push({
      type: "COUNT_MISMATCH",
      frozen: frozenRecords.length,
      reproduction: allRecords.length
    });
  }

  const compareLength = Math.max(
    frozenRecords.length,
    allRecords.length
  );

  for (let i = 0; i < compareLength; i++) {
    const a = frozenRecords[i];
    const b = allRecords[i];

    if (!a || !b) {
      differences.push({
        type: "MISSING_RECORD",
        index: i,
        frozen: a || null,
        reproduction: b || null
      });
      continue;
    }

    if (
      a.page !== b.page ||
      a.position_on_page !== b.position_on_page ||
      a.uuid !== b.uuid
    ) {
      differences.push({
        type: "RECORD_MISMATCH",
        index: i,
        frozen: a,
        reproduction: b
      });

      // Keep evidence manageable while still proving mismatch.
      if (differences.length >= 100) break;
    }
  }

  const exactMatch =
    successfulPages === TOTAL_PAGES &&
    failedPages === 0 &&
    enumeratedCount === EXPECTED_PROJECTS &&
    uniqueCount === EXPECTED_PROJECTS &&
    differences.length === 0;

  const r1 = {
    reproduction_id: `FE7-R1-${reproductionFinishedAt.replace(/[:.]/g, "-")}`,
    reproduction_started_at: reproductionStartedAt,
    reproduction_finished_at: reproductionFinishedAt,

    method:
      "Independent rerun of GET /projects?view=table&page=N using same-origin browser fetch and UUID extraction.",

    source:
      "https://fmrwatch.bafe.gov.ph/projects",

    pages_attempted: TOTAL_PAGES,
    successful_pages: successfulPages,
    failed_pages: failedPages,

    enumerated_records: enumeratedCount,
    unique_uuids: uniqueCount,
    expected_projects: EXPECTED_PROJECTS,

    frozen_frame_id: frozen.frame_id,
    frozen_sha256: frozen.sha256,
    frozen_record_count: frozen.record_count,

    exact_ordered_frame_match: exactMatch,
    differences_count: differences.length,
    differences,

    results,
    records: allRecords,

    final_status: exactMatch
      ? "PASS"
      : "NOT_MATCHING"
  };

  // IMPORTANT: frozen frame is NOT modified.
  window.__FMR_FE7_R1__ = r1;

  const blob = new Blob(
    [JSON.stringify(r1, null, 2)],
    { type: "application/json" }
  );

  const a = document.createElement("a");
  a.href = URL.createObjectURL(blob);
  a.download = "FMR_Watch_FE7_R1_Independent_Reproduction.json";
  document.body.appendChild(a);
  a.click();
  a.remove();

  console.log("\n========== FE7 R1 SUMMARY ==========");
  console.log("Pages attempted:", r1.pages_attempted);
  console.log("Successful pages:", r1.successful_pages);
  console.log("Failed pages:", r1.failed_pages);
  console.log("Enumerated records:", r1.enumerated_records);
  console.log("Unique UUIDs:", r1.unique_uuids);
  console.log("Expected:", r1.expected_projects);
  console.log("Frozen Frame:", r1.frozen_frame_id);
  console.log("Frozen SHA-256:", r1.frozen_sha256);
  console.log("Differences:", r1.differences_count);
  console.log(
    "EXACT ORDERED FRAME MATCH:",
    r1.exact_ordered_frame_match
  );

  if (exactMatch) {
    console.log(
      "FE7 R1 RESULT: PASS — reproduction exactly matches frozen frame."
    );
  } else {
    console.warn(
      "FE7 R1 RESULT: NOT MATCHING — investigate differences/source change."
    );

    if (differences.length) {
      console.warn("First differences:", differences.slice(0, 10));
    }
  }
})();
VM113:14 ========== FE7 R1 INDEPENDENT REPRODUCTION ==========
VM113:15 Frozen Frame ID: FMR-FRAME-2026-09-03-859cc9bd480e
VM113:16 Frozen Record Count: 6467
VM113:17 Frozen SHA-256: 859cc9bd480e3d219e9586d02e162889b5462553c40666fd2f10d49853fd4fc9
Promise {<pending>}
VM113:34  GET https://fmrwatch.bafe.gov.ph/projects?view=table&page=1 403 (Forbidden)
(anonymous) @ VM113:34
(anonymous) @ VM113:241
VM113:66 R1 Page 1/647: 403 0 UUIDs | total unique: 0
VM113:34  GET https://fmrwatch.bafe.gov.ph/projects?view=table&page=2 403 (Forbidden)
(anonymous) @ VM113:34
await in (anonymous)
(anonymous) @ VM113:241
VM113:66 R1 Page 2/647: 403 0 UUIDs | total unique: 0
VM113:34  GET https://fmrwatch.bafe.gov.ph/projects?view=table&page=3 403 (Forbidden)
(anonymous) @ VM113:34
await in (anonymous)
(anonymous) @ VM113:241
VM113:66 R1 Page 3/647: 403 0 UUIDs | total unique: 0
VM113:34  GET https://fmrwatch.bafe.gov.ph/projects?view=table&page=4 403 (Forbidden)
(anonymous) @ VM113:34
await in (anonymous)
(anonymous) @ VM113:241
VM113:66 R1 Page 4/647: 403 0 UUIDs | total unique: 0
VM113:34  GET https://fmrwatch.bafe.gov.ph/projects?view=table&page=5 403 (Forbidden)
(anonymous) @ VM113:34
await in (anonymous)
(anonymous) @ VM113:241
VM113:66 R1 Page 5/647: 403 0 UUIDs | total unique: 0
VM113:34  GET https://fmrwatch.bafe.gov.ph/projects?view=table&page=6 403 (Forbidden)
(anonymous) @ VM113:34
await in (anonymous)
(anonymous) @ VM113:241
VM113:66 R1 Page 6/647: 403 0 UUIDs | total unique: 0
VM113:34  GET https://fmrwatch.bafe.gov.ph/projects?view=table&page=7 403 (Forbidden)
(anonymous) @ VM113:34
await in (anonymous)
(anonymous) @ VM113:241
VM113:66 R1 Page 7/647: 403 0 UUIDs | total unique: 0
VM113:34  GET https://fmrwatch.bafe.gov.ph/projects?view=table&page=8 403 (Forbidden)
(anonymous) @ VM113:34
await in (anonymous)
(anonymous) @ VM113:241
VM113:66 R1 Page 8/647: 403 0 UUIDs | total unique: 0
VM113:34  GET https://fmrwatch.bafe.gov.ph/projects?view=table&page=9 403 (Forbidden)
(anonymous) @ VM113:34
await in (anonymous)
(anonymous) @ VM113:241
VM113:66 R1 Page 9/647: 403 0 UUIDs | total unique: 0
VM113:34  GET https://fmrwatch.bafe.gov.ph/projects?view=table&page=10 403 (Forbidden)
(anonymous) @ VM113:34
await in (anonymous)
(anonymous) @ VM113:241
VM113:66 R1 Page 10/647: 403 0 UUIDs | total unique: 0
VM113:34  GET https://fmrwatch.bafe.gov.ph/projects?view=table&page=11 403 (Forbidden)
(anonymous) @ VM113:34
await in (anonymous)
(anonymous) @ VM113:241
VM113:66 R1 Page 11/647: 403 0 UUIDs | total unique: 0
VM113:34  GET https://fmrwatch.bafe.gov.ph/projects?view=table&page=12 403 (Forbidden)
(anonymous) @ VM113:34
await in (anonymous)
(anonymous) @ VM113:241
VM113:66 R1 Page 12/647: 403 0 UUIDs | total unique: 0
VM113:34  GET https://fmrwatch.bafe.gov.ph/projects?view=table&page=13 403 (Forbidden)
(anonymous) @ VM113:34
await in (anonymous)
(anonymous) @ VM113:241
VM113:66 R1 Page 13/647: 403 0 UUIDs | total unique: 0
VM113:34  GET https://fmrwatch.bafe.gov.ph/projects?view=table&page=14 403 (Forbidden)
(anonymous) @ VM113:34
await in (anonymous)
(anonymous) @ VM113:241
VM113:66 R1 Page 14/647: 403 0 UUIDs | total unique: 0
VM113:34  GET https://fmrwatch.bafe.gov.ph/projects?view=table&page=15 403 (Forbidden)
(anonymous) @ VM113:34
await in (anonymous)
(anonymous) @ VM113:241
VM113:66 R1 Page 15/647: 403 0 UUIDs | total unique: 0
VM113:34  GET https://fmrwatch.bafe.gov.ph/projects?view=table&page=16 403 (Forbidden)
(anonymous) @ VM113:34
await in (anonymous)
(anonymous) @ VM113:241
VM113:66 R1 Page 16/647: 403 0 UUIDs | total unique: 0
VM113:34  GET https://fmrwatch.bafe.gov.ph/projects?view=table&page=17 403 (Forbidden)
(anonymous) @ VM113:34
await in (anonymous)
(anonymous) @ VM113:241
VM113:66 R1 Page 17/647: 403 0 UUIDs | total unique: 0
VM113:34  GET https://fmrwatch.bafe.gov.ph/projects?view=table&page=18 403 (Forbidden)
(anonymous) @ VM113:34
await in (anonymous)
(anonymous) @ VM113:241
VM113:66 R1 Page 18/647: 403 0 UUIDs | total unique: 0
VM113:34  GET https://fmrwatch.bafe.gov.ph/projects?view=table&page=19 403 (Forbidden)
(anonymous) @ VM113:34
await in (anonymous)
(anonymous) @ VM113:241
VM113:66 R1 Page 19/647: 403 0 UUIDs | total unique: 0
VM113:34  GET https://fmrwatch.bafe.gov.ph/projects?view=table&page=20 403 (Forbidden)
(anonymous) @ VM113:34
await in (anonymous)
(anonymous) @ VM113:241
VM113:66 R1 Page 20/647: 403 0 UUIDs | total unique: 0
VM113:34  GET https://fmrwatch.bafe.gov.ph/projects?view=table&page=21 403 (Forbidden)
(anonymous) @ VM113:34
await in (anonymous)
(anonymous) @ VM113:241
VM113:66 R1 Page 21/647: 403 0 UUIDs | total unique: 0
VM113:34  GET https://fmrwatch.bafe.gov.ph/projects?view=table&page=22 403 (Forbidden)
(anonymous) @ VM113:34
await in (anonymous)
(anonymous) @ VM113:241
VM113:66 R1 Page 22/647: 403 0 UUIDs | total unique: 0
VM113:34  GET https://fmrwatch.bafe.gov.ph/projects?view=table&page=23 403 (Forbidden)
(anonymous) @ VM113:34
await in (anonymous)
(anonymous) @ VM113:241
VM113:66 R1 Page 23/647: 403 0 UUIDs | total unique: 0
VM113:34  GET https://fmrwatch.bafe.gov.ph/projects?view=table&page=24 403 (Forbidden)
(anonymous) @ VM113:34
await in (anonymous)
(anonymous) @ VM113:241
VM113:66 R1 Page 24/647: 403 0 UUIDs | total unique: 0
VM113:34  GET https://fmrwatch.bafe.gov.ph/projects?view=table&page=25 403 (Forbidden)
(anonymous) @ VM113:34
await in (anonymous)
(anonymous) @ VM113:241
VM113:66 R1 Page 25/647: 403 0 UUIDs | total unique: 0
VM113:34  GET https://fmrwatch.bafe.gov.ph/projects?view=table&page=26 403 (Forbidden)
(anonymous) @ VM113:34
await in (anonymous)
(anonymous) @ VM113:241
VM113:66 R1 Page 26/647: 403 0 UUIDs | total unique: 0
VM113:34  GET https://fmrwatch.bafe.gov.ph/projects?view=table&page=27 403 (Forbidden)
(anonymous) @ VM113:34
await in (anonymous)
(anonymous) @ VM113:241
VM113:66 R1 Page 27/647: 403 0 UUIDs | total unique: 0
VM113:34  GET https://fmrwatch.bafe.gov.ph/projects?view=table&page=28 403 (Forbidden)
(anonymous) @ VM113:34
await in (anonymous)
(anonymous) @ VM113:241
VM113:66 R1 Page 28/647: 403 0 UUIDs | total unique: 0
VM113:34  GET https://fmrwatch.bafe.gov.ph/projects?view=table&page=29 403 (Forbidden)
(anonymous) @ VM113:34
await in (anonymous)
(anonymous) @ VM113:241
VM113:66 R1 Page 29/647: 403 0 UUIDs | total unique: 0
VM113:34  GET https://fmrwatch.bafe.gov.ph/projects?view=table&page=30 403 (Forbidden)
(anonymous) @ VM113:34
await in (anonymous)
(anonymous) @ VM113:241
VM113:66 R1 Page 30/647: 403 0 UUIDs | total unique: 0
VM113:34  GET https://fmrwatch.bafe.gov.ph/projects?view=table&page=31 403 (Forbidden)
(anonymous) @ VM113:34
await in (anonymous)
(anonymous) @ VM113:241
VM113:66 R1 Page 31/647: 403 0 UUIDs | total unique: 0
VM113:34  GET https://fmrwatch.bafe.gov.ph/projects?view=table&page=32 403 (Forbidden)
(anonymous) @ VM113:34
await in (anonymous)
(anonymous) @ VM113:241
VM113:66 R1 Page 32/647: 403 0 UUIDs | total unique: 0
VM113:34  GET https://fmrwatch.bafe.gov.ph/projects?view=table&page=33 403 (Forbidden)
(anonymous) @ VM113:34
await in (anonymous)
(anonymous) @ VM113:241
VM113:66 R1 Page 33/647: 403 0 UUIDs | total unique: 0
VM113:34  GET https://fmrwatch.bafe.gov.ph/projects?view=table&page=34 403 (Forbidden)
(anonymous) @ VM113:34
await in (anonymous)
(anonymous) @ VM113:241
VM113:66 R1 Page 34/647: 403 0 UUIDs | total unique: 0
VM113:34  GET https://fmrwatch.bafe.gov.ph/projects?view=table&page=35 403 (Forbidden)
(anonymous) @ VM113:34
await in (anonymous)
(anonymous) @ VM113:241
VM113:66 R1 Page 35/647: 403 0 UUIDs | total unique: 0
VM113:34  GET https://fmrwatch.bafe.gov.ph/projects?view=table&page=36 403 (Forbidden)
(anonymous) @ VM113:34
await in (anonymous)
(anonymous) @ VM113:241
VM113:66 R1 Page 36/647: 403 0 UUIDs | total unique: 0
VM113:34  GET https://fmrwatch.bafe.gov.ph/projects?view=table&page=37 403 (Forbidden)
(anonymous) @ VM113:34
await in (anonymous)
(anonymous) @ VM113:241
VM113:66 R1 Page 37/647: 403 0 UUIDs | total unique: 0
VM113:34  GET https://fmrwatch.bafe.gov.ph/projects?view=table&page=38 403 (Forbidden)
(anonymous) @ VM113:34
await in (anonymous)
(anonymous) @ VM113:241
VM113:66 R1 Page 38/647: 403 0 UUIDs | total unique: 0
VM113:34  GET https://fmrwatch.bafe.gov.ph/projects?view=table&page=39 403 (Forbidden)
(anonymous) @ VM113:34
await in (anonymous)
(anonymous) @ VM113:241
VM113:66 R1 Page 39/647: 403 0 UUIDs | total unique: 0
VM113:34  GET https://fmrwatch.bafe.gov.ph/projects?view=table&page=40 403 (Forbidden)
(anonymous) @ VM113:34
await in (anonymous)
(anonymous) @ VM113:241
VM113:66 R1 Page 40/647: 403 0 UUIDs | total unique: 0
VM113:34  GET https://fmrwatch.bafe.gov.ph/projects?view=table&page=41 403 (Forbidden)
(anonymous) @ VM113:34
await in (anonymous)
(anonymous) @ VM113:241
VM113:66 R1 Page 41/647: 403 0 UUIDs | total unique: 0
VM113:34  GET https://fmrwatch.bafe.gov.ph/projects?view=table&page=42 403 (Forbidden)
(anonymous) @ VM113:34
await in (anonymous)
(anonymous) @ VM113:241
VM113:66 R1 Page 42/647: 403 0 UUIDs | total unique: 0
VM113:34  GET https://fmrwatch.bafe.gov.ph/projects?view=table&page=43 403 (Forbidden)
(anonymous) @ VM113:34
await in (anonymous)
(anonymous) @ VM113:241
VM113:66 R1 Page 43/647: 403 0 UUIDs | total unique: 0
VM113:34  GET https://fmrwatch.bafe.gov.ph/projects?view=table&page=44 403 (Forbidden)
(anonymous) @ VM113:34
await in (anonymous)
(anonymous) @ VM113:241
VM113:66 R1 Page 44/647: 403 0 UUIDs | total unique: 0
VM113:34  GET https://fmrwatch.bafe.gov.ph/projects?view=table&page=45 403 (Forbidden)
(anonymous) @ VM113:34
await in (anonymous)
(anonymous) @ VM113:241
VM113:66 R1 Page 45/647: 403 0 UUIDs | total unique: 0
VM113:34  GET https://fmrwatch.bafe.gov.ph/projects?view=table&page=46 403 (Forbidden)
(anonymous) @ VM113:34
await in (anonymous)
(anonymous) @ VM113:241
VM113:66 R1 Page 46/647: 403 0 UUIDs | total unique: 0
VM113:34  GET https://fmrwatch.bafe.gov.ph/projects?view=table&page=47 403 (Forbidden)
(anonymous) @ VM113:34
await in (anonymous)
(anonymous) @ VM113:241
VM113:66 R1 Page 47/647: 403 0 UUIDs | total unique: 0
VM113:34  GET https://fmrwatch.bafe.gov.ph/projects?view=table&page=48 403 (Forbidden)
(anonymous) @ VM113:34
await in (anonymous)
(anonymous) @ VM113:241
VM113:66 R1 Page 48/647: 403 0 UUIDs | total unique: 0
VM113:34  GET https://fmrwatch.bafe.gov.ph/projects?view=table&page=49 403 (Forbidden)
(anonymous) @ VM113:34
await in (anonymous)
(anonymous) @ VM113:241
VM113:66 R1 Page 49/647: 403 0 UUIDs | total unique: 0
VM113:34  GET https://fmrwatch.bafe.gov.ph/projects?view=table&page=50 403 (Forbidden)
(anonymous) @ VM113:34
await in (anonymous)
(anonymous) @ VM113:241
VM113:66 R1 Page 50/647: 403 0 UUIDs | total unique: 0
VM113:34  GET https://fmrwatch.bafe.gov.ph/projects?view=table&page=51 403 (Forbidden)
(anonymous) @ VM113:34
await in (anonymous)
(anonymous) @ VM113:241
VM113:66 R1 Page 51/647: 403 0 UUIDs | total unique: 0
VM113:34  GET https://fmrwatch.bafe.gov.ph/projects?view=table&page=52 403 (Forbidden)
(anonymous) @ VM113:34
await in (anonymous)
(anonymous) @ VM113:241
VM113:66 R1 Page 52/647: 403 0 UUIDs | total unique: 0
VM113:34  GET https://fmrwatch.bafe.gov.ph/projects?view=table&page=53 403 (Forbidden)
(anonymous) @ VM113:34
await in (anonymous)
(anonymous) @ VM113:241
VM113:66 R1 Page 53/647: 403 0 UUIDs | total unique: 0
VM113:34  GET https://fmrwatch.bafe.gov.ph/projects?view=table&page=54 403 (Forbidden)
(anonymous) @ VM113:34
await in (anonymous)
(anonymous) @ VM113:241
VM113:66 R1 Page 54/647: 403 0 UUIDs | total unique: 0
VM113:34  GET https://fmrwatch.bafe.gov.ph/projects?view=table&page=55 403 (Forbidden)
(anonymous) @ VM113:34
await in (anonymous)
(anonymous) @ VM113:241
VM113:66 R1 Page 55/647: 403 0 UUIDs | total unique: 0
VM113:34  GET https://fmrwatch.bafe.gov.ph/projects?view=table&page=56 403 (Forbidden)
(anonymous) @ VM113:34
await in (anonymous)
(anonymous) @ VM113:241
VM113:66 R1 Page 56/647: 403 0 UUIDs | total unique: 0
VM113:34  GET https://fmrwatch.bafe.gov.ph/projects?view=table&page=57 403 (Forbidden)
(anonymous) @ VM113:34
await in (anonymous)
(anonymous) @ VM113:241
VM113:66 R1 Page 57/647: 403 0 UUIDs | total unique: 0
VM113:34  GET https://fmrwatch.bafe.gov.ph/projects?view=table&page=58 403 (Forbidden)
(anonymous) @ VM113:34
await in (anonymous)
(anonymous) @ VM113:241
VM113:66 R1 Page 58/647: 403 0 UUIDs | total unique: 0
VM113:34  GET https://fmrwatch.bafe.gov.ph/projects?view=table&page=59 403 (Forbidden)
(anonymous) @ VM113:34
await in (anonymous)
(anonymous) @ VM113:241
VM113:66 R1 Page 59/647: 403 0 UUIDs | total unique: 0
VM113:34  GET https://fmrwatch.bafe.gov.ph/projects?view=table&page=60 403 (Forbidden)
(anonymous) @ VM113:34
await in (anonymous)
(anonymous) @ VM113:241
VM113:66 R1 Page 60/647: 403 0 UUIDs | total unique: 0
VM113:34  GET https://fmrwatch.bafe.gov.ph/projects?view=table&page=61 403 (Forbidden)
(anonymous) @ VM113:34
await in (anonymous)
(anonymous) @ VM113:241
VM113:66 R1 Page 61/647: 403 0 UUIDs | total unique: 0
VM113:34  GET https://fmrwatch.bafe.gov.ph/projects?view=table&page=62 403 (Forbidden)
(anonymous) @ VM113:34
await in (anonymous)
(anonymous) @ VM113:241
VM113:66 R1 Page 62/647: 403 0 UUIDs | total unique: 0
VM113:34  GET https://fmrwatch.bafe.gov.ph/projects?view=table&page=63 403 (Forbidden)
(anonymous) @ VM113:34
await in (anonymous)
(anonymous) @ VM113:241
VM113:66 R1 Page 63/647: 403 0 UUIDs | total unique: 0
VM113:34  GET https://fmrwatch.bafe.gov.ph/projects?view=table&page=64 403 (Forbidden)
(anonymous) @ VM113:34
await in (anonymous)
(anonymous) @ VM113:241
VM113:66 R1 Page 64/647: 403 0 UUIDs | total unique: 0
VM113:34  GET https://fmrwatch.bafe.gov.ph/projects?view=table&page=65 403 (Forbidden)
(anonymous) @ VM113:34
await in (anonymous)
(anonymous) @ VM113:241
VM113:66 R1 Page 65/647: 403 0 UUIDs | total unique: 0
VM113:34  GET https://fmrwatch.bafe.gov.ph/projects?view=table&page=66 403 (Forbidden)
(anonymous) @ VM113:34
await in (anonymous)
(anonymous) @ VM113:241
VM113:66 R1 Page 66/647: 403 0 UUIDs | total unique: 0
VM113:34  GET https://fmrwatch.bafe.gov.ph/projects?view=table&page=67 403 (Forbidden)
(anonymous) @ VM113:34
await in (anonymous)
(anonymous) @ VM113:241
VM113:66 R1 Page 67/647: 403 0 UUIDs | total unique: 0
VM113:34  GET https://fmrwatch.bafe.gov.ph/projects?view=table&page=68 403 (Forbidden)
(anonymous) @ VM113:34
await in (anonymous)
(anonymous) @ VM113:241
VM113:66 R1 Page 68/647: 403 0 UUIDs | total unique: 0
VM113:34  GET https://fmrwatch.bafe.gov.ph/projects?view=table&page=69 403 (Forbidden)
(anonymous) @ VM113:34
await in (anonymous)
(anonymous) @ VM113:241
VM113:66 R1 Page 69/647: 403 0 UUIDs | total unique: 0
VM113:34  GET https://fmrwatch.bafe.gov.ph/projects?view=table&page=70 403 (Forbidden)
(anonymous) @ VM113:34
await in (anonymous)
(anonymous) @ VM113:241
VM113:66 R1 Page 70/647: 403 0 UUIDs | total unique: 0
VM113:34  GET https://fmrwatch.bafe.gov.ph/projects?view=table&page=71 403 (Forbidden)
(anonymous) @ VM113:34
await in (anonymous)
(anonymous) @ VM113:241
VM113:66 R1 Page 71/647: 403 0 UUIDs | total unique: 0
VM113:34  GET https://fmrwatch.bafe.gov.ph/projects?view=table&page=72 403 (Forbidden)
(anonymous) @ VM113:34
await in (anonymous)
(anonymous) @ VM113:241
VM113:66 R1 Page 72/647: 403 0 UUIDs | total unique: 0
VM113:34  GET https://fmrwatch.bafe.gov.ph/projects?view=table&page=73 403 (Forbidden)
(anonymous) @ VM113:34
await in (anonymous)
(anonymous) @ VM113:241
VM113:66 R1 Page 73/647: 403 0 UUIDs | total unique: 0
VM113:34  GET https://fmrwatch.bafe.gov.ph/projects?view=table&page=74 403 (Forbidden)
(anonymous) @ VM113:34
await in (anonymous)
(anonymous) @ VM113:241
VM113:66 R1 Page 74/647: 403 0 UUIDs | total unique: 0
VM113:34  GET https://fmrwatch.bafe.gov.ph/projects?view=table&page=75 403 (Forbidden)
(anonymous) @ VM113:34
await in (anonymous)
(anonymous) @ VM113:241
VM113:66 R1 Page 75/647: 403 0 UUIDs | total unique: 0
VM113:34  GET https://fmrwatch.bafe.gov.ph/projects?view=table&page=76 403 (Forbidden)
(anonymous) @ VM113:34
await in (anonymous)
(anonymous) @ VM113:241
VM113:66 R1 Page 76/647: 403 0 UUIDs | total unique: 0
VM113:34  GET https://fmrwatch.bafe.gov.ph/projects?view=table&page=77 403 (Forbidden)
(anonymous) @ VM113:34
await in (anonymous)
(anonymous) @ VM113:241
VM113:66 R1 Page 77/647: 403 0 UUIDs | total unique: 0
VM113:34  GET https://fmrwatch.bafe.gov.ph/projects?view=table&page=78 403 (Forbidden)
(anonymous) @ VM113:34
await in (anonymous)
(anonymous) @ VM113:241
VM113:66 R1 Page 78/647: 403 0 UUIDs | total unique: 0
VM113:34  GET https://fmrwatch.bafe.gov.ph/projects?view=table&page=79 403 (Forbidden)
(anonymous) @ VM113:34
await in (anonymous)
(anonymous) @ VM113:241
VM113:66 R1 Page 79/647: 403 0 UUIDs | total unique: 0
VM113:34  GET https://fmrwatch.bafe.gov.ph/projects?view=table&page=80 403 (Forbidden)
(anonymous) @ VM113:34
await in (anonymous)
(anonymous) @ VM113:241
VM113:66 R1 Page 80/647: 403 0 UUIDs | total unique: 0
VM113:34  GET https://fmrwatch.bafe.gov.ph/projects?view=table&page=81 403 (Forbidden)
(anonymous) @ VM113:34
await in (anonymous)
(anonymous) @ VM113:241
VM113:66 R1 Page 81/647: 403 0 UUIDs | total unique: 0
VM113:34  GET https://fmrwatch.bafe.gov.ph/projects?view=table&page=82 403 (Forbidden)
(anonymous) @ VM113:34
await in (anonymous)
(anonymous) @ VM113:241
VM113:66 R1 Page 82/647: 403 0 UUIDs | total unique: 0
VM113:34  GET https://fmrwatch.bafe.gov.ph/projects?view=table&page=83 403 (Forbidden)
(anonymous) @ VM113:34
await in (anonymous)
(anonymous) @ VM113:241
VM113:66 R1 Page 83/647: 403 0 UUIDs | total unique: 0
VM113:34  GET https://fmrwatch.bafe.gov.ph/projects?view=table&page=84 403 (Forbidden)
(anonymous) @ VM113:34
await in (anonymous)
(anonymous) @ VM113:241
VM113:66 R1 Page 84/647: 403 0 UUIDs | total unique: 0
VM113:34  GET https://fmrwatch.bafe.gov.ph/projects?view=table&page=85 403 (Forbidden)
(anonymous) @ VM113:34
await in (anonymous)
(anonymous) @ VM113:241
VM113:66 R1 Page 85/647: 403 0 UUIDs | total unique: 0
VM113:34  GET https://fmrwatch.bafe.gov.ph/projects?view=table&page=86 403 (Forbidden)
(anonymous) @ VM113:34
await in (anonymous)
(anonymous) @ VM113:241
VM113:66 R1 Page 86/647: 403 0 UUIDs | total unique: 0
VM113:34  GET https://fmrwatch.bafe.gov.ph/projects?view=table&page=87 403 (Forbidden)
(anonymous) @ VM113:34
await in (anonymous)
(anonymous) @ VM113:241
VM113:66 R1 Page 87/647: 403 0 UUIDs | total unique: 0
VM113:34  GET https://fmrwatch.bafe.gov.ph/projects?view=table&page=88 403 (Forbidden)
(anonymous) @ VM113:34
await in (anonymous)
(anonymous) @ VM113:241
VM113:66 R1 Page 88/647: 403 0 UUIDs | total unique: 0
VM113:34  GET https://fmrwatch.bafe.gov.ph/projects?view=table&page=89 403 (Forbidden)
(anonymous) @ VM113:34
await in (anonymous)
(anonymous) @ VM113:241
VM113:66 R1 Page 89/647: 403 0 UUIDs | total unique: 0
VM113:34  GET https://fmrwatch.bafe.gov.ph/projects?view=table&page=90 403 (Forbidden)
(anonymous) @ VM113:34
await in (anonymous)
(anonymous) @ VM113:241
VM113:66 R1 Page 90/647: 403 0 UUIDs | total unique: 0
VM113:34  GET https://fmrwatch.bafe.gov.ph/projects?view=table&page=91 403 (Forbidden)
(anonymous) @ VM113:34
await in (anonymous)
(anonymous) @ VM113:241
VM113:66 R1 Page 91/647: 403 0 UUIDs | total unique: 0
VM113:34  GET https://fmrwatch.bafe.gov.ph/projects?view=table&page=92 403 (Forbidden)
(anonymous) @ VM113:34
await in (anonymous)
(anonymous) @ VM113:241
VM113:66 R1 Page 92/647: 403 0 UUIDs | total unique: 0
VM113:34  GET https://fmrwatch.bafe.gov.ph/projects?view=table&page=93 403 (Forbidden)
(anonymous) @ VM113:34
await in (anonymous)
(anonymous) @ VM113:241
VM113:66 R1 Page 93/647: 403 0 UUIDs | total unique: 0
VM113:34  GET https://fmrwatch.bafe.gov.ph/projects?view=table&page=94 403 (Forbidden)
(anonymous) @ VM113:34
await in (anonymous)
(anonymous) @ VM113:241
VM113:66 R1 Page 94/647: 403 0 UUIDs | total unique: 0
VM113:34  GET https://fmrwatch.bafe.gov.ph/projects?view=table&page=95 403 (Forbidden)
(anonymous) @ VM113:34
await in (anonymous)
(anonymous) @ VM113:241
VM113:66 R1 Page 95/647: 403 0 UUIDs | total unique: 0
VM113:34  GET https://fmrwatch.bafe.gov.ph/projects?view=table&page=96 403 (Forbidden)
(anonymous) @ VM113:34
await in (anonymous)
(anonymous) @ VM113:241
VM113:66 R1 Page 96/647: 403 0 UUIDs | total unique: 0
VM113:34  GET https://fmrwatch.bafe.gov.ph/projects?view=table&page=97 403 (Forbidden)
(anonymous) @ VM113:34
await in (anonymous)
(anonymous) @ VM113:241
VM113:66 R1 Page 97/647: 403 0 UUIDs | total unique: 0
VM113:34  GET https://fmrwatch.bafe.gov.ph/projects?view=table&page=98 403 (Forbidden)
(anonymous) @ VM113:34
await in (anonymous)
(anonymous) @ VM113:241
VM113:66 R1 Page 98/647: 403 0 UUIDs | total unique: 0
VM113:34  GET https://fmrwatch.bafe.gov.ph/projects?view=table&page=99 403 (Forbidden)
(anonymous) @ VM113:34
await in (anonymous)
(anonymous) @ VM113:241
VM113:66 R1 Page 99/647: 403 0 UUIDs | total unique: 0
VM113:34  GET https://fmrwatch.bafe.gov.ph/projects?view=table&page=100 403 (Forbidden)
(anonymous) @ VM113:34
await in (anonymous)
(anonymous) @ VM113:241
VM113:66 R1 Page 100/647: 403 0 UUIDs | total unique: 0
VM113:34  GET https://fmrwatch.bafe.gov.ph/projects?view=table&page=101 403 (Forbidden)
(anonymous) @ VM113:34
await in (anonymous)
(anonymous) @ VM113:241
VM113:66 R1 Page 101/647: 403 0 UUIDs | total unique: 0
VM113:34  GET https://fmrwatch.bafe.gov.ph/projects?view=table&page=102 403 (Forbidden)
(anonymous) @ VM113:34
await in (anonymous)
(anonymous) @ VM113:241
VM113:66 R1 Page 102/647: 403 0 UUIDs | total unique: 0
VM113:34  GET https://fmrwatch.bafe.gov.ph/projects?view=table&page=103 403 (Forbidden)
(anonymous) @ VM113:34
await in (anonymous)
(anonymous) @ VM113:241
VM113:66 R1 Page 103/647: 403 0 UUIDs | total unique: 0
VM113:34  GET https://fmrwatch.bafe.gov.ph/projects?view=table&page=104 403 (Forbidden)
(anonymous) @ VM113:34
await in (anonymous)
(anonymous) @ VM113:241
VM113:66 R1 Page 104/647: 403 0 UUIDs | total unique: 0
VM113:34  GET https://fmrwatch.bafe.gov.ph/projects?view=table&page=105 403 (Forbidden)
(anonymous) @ VM113:34
await in (anonymous)
(anonymous) @ VM113:241
VM113:66 R1 Page 105/647: 403 0 UUIDs | total unique: 0
VM113:34  GET https://fmrwatch.bafe.gov.ph/projects?view=table&page=106 403 (Forbidden)
(anonymous) @ VM113:34
await in (anonymous)
(anonymous) @ VM113:241
VM113:66 R1 Page 106/647: 403 0 UUIDs | total unique: 0
VM113:34  GET https://fmrwatch.bafe.gov.ph/projects?view=table&page=107 403 (Forbidden)
(anonymous) @ VM113:34
await in (anonymous)
(anonymous) @ VM113:241
VM113:66 R1 Page 107/647: 403 0 UUIDs | total unique: 0
VM113:34  GET https://fmrwatch.bafe.gov.ph/projects?view=table&page=108 403 (Forbidden)
(anonymous) @ VM113:34
await in (anonymous)
(anonymous) @ VM113:241
VM113:66 R1 Page 108/647: 403 0 UUIDs | total unique: 0
VM113:34  GET https://fmrwatch.bafe.gov.ph/projects?view=table&page=109 403 (Forbidden)
(anonymous) @ VM113:34
await in (anonymous)
(anonymous) @ VM113:241
VM113:66 R1 Page 109/647: 403 0 UUIDs | total unique: 0
VM113:34  GET https://fmrwatch.bafe.gov.ph/projects?view=table&page=110 403 (Forbidden)
(anonymous) @ VM113:34
await in (anonymous)
(anonymous) @ VM113:241
VM113:66 R1 Page 110/647: 403 0 UUIDs | total unique: 0
VM113:34  GET https://fmrwatch.bafe.gov.ph/projects?view=table&page=111 403 (Forbidden)
(anonymous) @ VM113:34
await in (anonymous)
(anonymous) @ VM113:241
VM113:66 R1 Page 111/647: 403 0 UUIDs | total unique: 0
VM113:34  GET https://fmrwatch.bafe.gov.ph/projects?view=table&page=112 403 (Forbidden)
(anonymous) @ VM113:34
await in (anonymous)
(anonymous) @ VM113:241
VM113:66 R1 Page 112/647: 403 0 UUIDs | total unique: 0
VM113:34  GET https://fmrwatch.bafe.gov.ph/projects?view=table&page=113 403 (Forbidden)
(anonymous) @ VM113:34
await in (anonymous)
(anonymous) @ VM113:241
VM113:66 R1 Page 113/647: 403 0 UUIDs | total unique: 0
VM113:34  GET https://fmrwatch.bafe.gov.ph/projects?view=table&page=114 403 (Forbidden)
(anonymous) @ VM113:34
await in (anonymous)
(anonymous) @ VM113:241
VM113:66 R1 Page 114/647: 403 0 UUIDs | total unique: 0
VM113:34  GET https://fmrwatch.bafe.gov.ph/projects?view=table&page=115 403 (Forbidden)
(anonymous) @ VM113:34
await in (anonymous)
(anonymous) @ VM113:241
VM113:66 R1 Page 115/647: 403 0 UUIDs | total unique: 0
VM113:34  GET https://fmrwatch.bafe.gov.ph/projects?view=table&page=116 403 (Forbidden)
(anonymous) @ VM113:34
await in (anonymous)
(anonymous) @ VM113:241
VM113:66 R1 Page 116/647: 403 0 UUIDs | total unique: 0
VM113:34  GET https://fmrwatch.bafe.gov.ph/projects?view=table&page=117 403 (Forbidden)
(anonymous) @ VM113:34
await in (anonymous)
(anonymous) @ VM113:241
VM113:66 R1 Page 117/647: 403 0 UUIDs | total unique: 0
VM113:34  GET https://fmrwatch.bafe.gov.ph/projects?view=table&page=118 403 (Forbidden)
(anonymous) @ VM113:34
await in (anonymous)
(anonymous) @ VM113:241
VM113:66 R1 Page 118/647: 403 0 UUIDs | total unique: 0
VM113:34  GET https://fmrwatch.bafe.gov.ph/projects?view=table&page=119 403 (Forbidden)
(anonymous) @ VM113:34
await in (anonymous)
(anonymous) @ VM113:241
VM113:66 R1 Page 119/647: 403 0 UUIDs | total unique: 0
VM113:34  GET https://fmrwatch.bafe.gov.ph/projects?view=table&page=120 403 (Forbidden)
(anonymous) @ VM113:34
await in (anonymous)
(anonymous) @ VM113:241
VM113:66 R1 Page 120/647: 403 0 UUIDs | total unique: 0
VM113:34  GET https://fmrwatch.bafe.gov.ph/projects?view=table&page=121 403 (Forbidden)
(anonymous) @ VM113:34
await in (anonymous)
(anonymous) @ VM113:241
VM113:66 R1 Page 121/647: 403 0 UUIDs | total unique: 0
VM113:34  GET https://fmrwatch.bafe.gov.ph/projects?view=table&page=122 403 (Forbidden)
(anonymous) @ VM113:34
await in (anonymous)
(anonymous) @ VM113:241
VM113:66 R1 Page 122/647: 403 0 UUIDs | total unique: 0
VM113:34  GET https://fmrwatch.bafe.gov.ph/projects?view=table&page=123 403 (Forbidden)
(anonymous) @ VM113:34
await in (anonymous)
(anonymous) @ VM113:241
VM113:66 R1 Page 123/647: 403 0 UUIDs | total unique: 0
VM113:34  GET https://fmrwatch.bafe.gov.ph/projects?view=table&page=124 403 (Forbidden)
(anonymous) @ VM113:34
await in (anonymous)
(anonymous) @ VM113:241
VM113:66 R1 Page 124/647: 403 0 UUIDs | total unique: 0
VM113:34  GET https://fmrwatch.bafe.gov.ph/projects?view=table&page=125 403 (Forbidden)
(anonymous) @ VM113:34
await in (anonymous)
(anonymous) @ VM113:241
VM113:66 R1 Page 125/647: 403 0 UUIDs | total unique: 0
VM113:34  GET https://fmrwatch.bafe.gov.ph/projects?view=table&page=126 403 (Forbidden)
(anonymous) @ VM113:34
await in (anonymous)
(anonymous) @ VM113:241
VM113:66 R1 Page 126/647: 403 0 UUIDs | total unique: 0
VM113:34  GET https://fmrwatch.bafe.gov.ph/projects?view=table&page=127 403 (Forbidden)
(anonymous) @ VM113:34
await in (anonymous)
(anonymous) @ VM113:241
VM113:66 R1 Page 127/647: 403 0 UUIDs | total unique: 0
VM113:34  GET https://fmrwatch.bafe.gov.ph/projects?view=table&page=128 403 (Forbidden)
(anonymous) @ VM113:34
await in (anonymous)
(anonymous) @ VM113:241
VM113:66 R1 Page 128/647: 403 0 UUIDs | total unique: 0
VM113:34  GET https://fmrwatch.bafe.gov.ph/projects?view=table&page=129 403 (Forbidden)
(anonymous) @ VM113:34
await in (anonymous)
(anonymous) @ VM113:241
VM113:66 R1 Page 129/647: 403 0 UUIDs | total unique: 0
VM113:34  GET https://fmrwatch.bafe.gov.ph/projects?view=table&page=130 403 (Forbidden)
(anonymous) @ VM113:34
await in (anonymous)
(anonymous) @ VM113:241
VM113:66 R1 Page 130/647: 403 0 UUIDs | total unique: 0
VM113:34  GET https://fmrwatch.bafe.gov.ph/projects?view=table&page=131 403 (Forbidden)
(anonymous) @ VM113:34
await in (anonymous)
(anonymous) @ VM113:241
VM113:66 R1 Page 131/647: 403 0 UUIDs | total unique: 0
VM113:34  GET https://fmrwatch.bafe.gov.ph/projects?view=table&page=132 403 (Forbidden)
(anonymous) @ VM113:34
await in (anonymous)
(anonymous) @ VM113:241
VM113:66 R1 Page 132/647: 403 0 UUIDs | total unique: 0
VM113:34  GET https://fmrwatch.bafe.gov.ph/projects?view=table&page=133 403 (Forbidden)
(anonymous) @ VM113:34
await in (anonymous)
(anonymous) @ VM113:241
VM113:66 R1 Page 133/647: 403 0 UUIDs | total unique: 0
VM113:34  GET https://fmrwatch.bafe.gov.ph/projects?view=table&page=134 403 (Forbidden)
(anonymous) @ VM113:34
await in (anonymous)
(anonymous) @ VM113:241
VM113:66 R1 Page 134/647: 403 0 UUIDs | total unique: 0
VM113:34  GET https://fmrwatch.bafe.gov.ph/projects?view=table&page=135 403 (Forbidden)
(anonymous) @ VM113:34
await in (anonymous)
(anonymous) @ VM113:241
VM113:66 R1 Page 135/647: 403 0 UUIDs | total unique: 0
VM113:34  GET https://fmrwatch.bafe.gov.ph/projects?view=table&page=136 403 (Forbidden)
(anonymous) @ VM113:34
await in (anonymous)
(anonymous) @ VM113:241
VM113:66 R1 Page 136/647: 403 0 UUIDs | total unique: 0
VM113:34  GET https://fmrwatch.bafe.gov.ph/projects?view=table&page=137 403 (Forbidden)
(anonymous) @ VM113:34
await in (anonymous)
(anonymous) @ VM113:241
VM113:66 R1 Page 137/647: 403 0 UUIDs | total unique: 0
VM113:34  GET https://fmrwatch.bafe.gov.ph/projects?view=table&page=138 403 (Forbidden)
(anonymous) @ VM113:34
await in (anonymous)
(anonymous) @ VM113:241
VM113:66 R1 Page 138/647: 403 0 UUIDs | total unique: 0
VM113:34  GET https://fmrwatch.bafe.gov.ph/projects?view=table&page=139 403 (Forbidden)
(anonymous) @ VM113:34
await in (anonymous)
(anonymous) @ VM113:241
VM113:66 R1 Page 139/647: 403 0 UUIDs | total unique: 0
VM113:34  GET https://fmrwatch.bafe.gov.ph/projects?view=table&page=140 403 (Forbidden)
(anonymous) @ VM113:34
await in (anonymous)
(anonymous) @ VM113:241
VM113:66 R1 Page 140/647: 403 0 UUIDs | total unique: 0
VM113:34  GET https://fmrwatch.bafe.gov.ph/projects?view=table&page=141 403 (Forbidden)
(anonymous) @ VM113:34
await in (anonymous)
(anonymous) @ VM113:241
VM113:66 R1 Page 141/647: 403 0 UUIDs | total unique: 0
VM113:34  GET https://fmrwatch.bafe.gov.ph/projects?view=table&page=142 403 (Forbidden)
(anonymous) @ VM113:34
await in (anonymous)
(anonymous) @ VM113:241
VM113:66 R1 Page 142/647: 403 0 UUIDs | total unique: 0
VM113:34  GET https://fmrwatch.bafe.gov.ph/projects?view=table&page=143 403 (Forbidden)
(anonymous) @ VM113:34
await in (anonymous)
(anonymous) @ VM113:241
VM113:66 R1 Page 143/647: 403 0 UUIDs | total unique: 0
VM113:34  GET https://fmrwatch.bafe.gov.ph/projects?view=table&page=144 403 (Forbidden)
(anonymous) @ VM113:34
await in (anonymous)
(anonymous) @ VM113:241
VM113:66 R1 Page 144/647: 403 0 UUIDs | total unique: 0
VM113:34  GET https://fmrwatch.bafe.gov.ph/projects?view=table&page=145 403 (Forbidden)
(anonymous) @ VM113:34
await in (anonymous)
(anonymous) @ VM113:241
VM113:66 R1 Page 145/647: 403 0 UUIDs | total unique: 0
VM113:34  GET https://fmrwatch.bafe.gov.ph/projects?view=table&page=146 403 (Forbidden)
(anonymous) @ VM113:34
await in (anonymous)
(anonymous) @ VM113:241
VM113:66 R1 Page 146/647: 403 0 UUIDs | total unique: 0
VM113:34  GET https://fmrwatch.bafe.gov.ph/projects?view=table&page=147 403 (Forbidden)
(anonymous) @ VM113:34
await in (anonymous)
(anonymous) @ VM113:241
VM113:66 R1 Page 147/647: 403 0 UUIDs | total unique: 0
VM113:34  GET https://fmrwatch.bafe.gov.ph/projects?view=table&page=148 403 (Forbidden)
(anonymous) @ VM113:34
await in (anonymous)
(anonymous) @ VM113:241
VM113:66 R1 Page 148/647: 403 0 UUIDs | total unique: 0
VM113:34  GET https://fmrwatch.bafe.gov.ph/projects?view=table&page=149 403 (Forbidden)
(anonymous) @ VM113:34
await in (anonymous)
(anonymous) @ VM113:241
VM113:66 R1 Page 149/647: 403 0 UUIDs | total unique: 0
VM113:34  GET https://fmrwatch.bafe.gov.ph/projects?view=table&page=150 403 (Forbidden)
(anonymous) @ VM113:34
await in (anonymous)
(anonymous) @ VM113:241
VM113:66 R1 Page 150/647: 403 0 UUIDs | total unique: 0
VM113:34  GET https://fmrwatch.bafe.gov.ph/projects?view=table&page=151 403 (Forbidden)
(anonymous) @ VM113:34
await in (anonymous)
(anonymous) @ VM113:241
VM113:66 R1 Page 151/647: 403 0 UUIDs | total unique: 0
VM113:34  GET https://fmrwatch.bafe.gov.ph/projects?view=table&page=152 403 (Forbidden)
(anonymous) @ VM113:34
await in (anonymous)
(anonymous) @ VM113:241
VM113:66 R1 Page 152/647: 403 0 UUIDs | total unique: 0
VM113:34  GET https://fmrwatch.bafe.gov.ph/projects?view=table&page=153 403 (Forbidden)
(anonymous) @ VM113:34
await in (anonymous)
(anonymous) @ VM113:241
VM113:66 R1 Page 153/647: 403 0 UUIDs | total unique: 0
VM113:34  GET https://fmrwatch.bafe.gov.ph/projects?view=table&page=154 403 (Forbidden)
(anonymous) @ VM113:34
await in (anonymous)
(anonymous) @ VM113:241
VM113:66 R1 Page 154/647: 403 0 UUIDs | total unique: 0
VM113:34  GET https://fmrwatch.bafe.gov.ph/projects?view=table&page=155 403 (Forbidden)
(anonymous) @ VM113:34
await in (anonymous)
(anonymous) @ VM113:241
VM113:66 R1 Page 155/647: 403 0 UUIDs | total unique: 0
VM113:34  GET https://fmrwatch.bafe.gov.ph/projects?view=table&page=156 403 (Forbidden)
(anonymous) @ VM113:34
await in (anonymous)
(anonymous) @ VM113:241
VM113:66 R1 Page 156/647: 403 0 UUIDs | total unique: 0
VM113:34  GET https://fmrwatch.bafe.gov.ph/projects?view=table&page=157 403 (Forbidden)
(anonymous) @ VM113:34
await in (anonymous)
(anonymous) @ VM113:241
VM113:66 R1 Page 157/647: 403 0 UUIDs | total unique: 0
VM113:34  GET https://fmrwatch.bafe.gov.ph/projects?view=table&page=158 403 (Forbidden)
(anonymous) @ VM113:34
await in (anonymous)
(anonymous) @ VM113:241
VM113:66 R1 Page 158/647: 403 0 UUIDs | total unique: 0
VM113:34  GET https://fmrwatch.bafe.gov.ph/projects?view=table&page=159 403 (Forbidden)
(anonymous) @ VM113:34
await in (anonymous)
(anonymous) @ VM113:241
VM113:66 R1 Page 159/647: 403 0 UUIDs | total unique: 0
VM113:34  GET https://fmrwatch.bafe.gov.ph/projects?view=table&page=160 403 (Forbidden)
(anonymous) @ VM113:34
await in (anonymous)
(anonymous) @ VM113:241
VM113:66 R1 Page 160/647: 403 0 UUIDs | total unique: 0
VM113:34  GET https://fmrwatch.bafe.gov.ph/projects?view=table&page=161 403 (Forbidden)
(anonymous) @ VM113:34
await in (anonymous)
(anonymous) @ VM113:241
VM113:66 R1 Page 161/647: 403 0 UUIDs | total unique: 0
VM113:34  GET https://fmrwatch.bafe.gov.ph/projects?view=table&page=162 403 (Forbidden)
(anonymous) @ VM113:34
await in (anonymous)
(anonymous) @ VM113:241
VM113:66 R1 Page 162/647: 403 0 UUIDs | total unique: 0
VM113:34  GET https://fmrwatch.bafe.gov.ph/projects?view=table&page=163 403 (Forbidden)
(anonymous) @ VM113:34
await in (anonymous)
(anonymous) @ VM113:241
VM113:66 R1 Page 163/647: 403 0 UUIDs | total unique: 0
VM113:34  GET https://fmrwatch.bafe.gov.ph/projects?view=table&page=164 403 (Forbidden)
(anonymous) @ VM113:34
await in (anonymous)
(anonymous) @ VM113:241
VM113:66 R1 Page 164/647: 403 0 UUIDs | total unique: 0
VM113:34  GET https://fmrwatch.bafe.gov.ph/projects?view=table&page=165 403 (Forbidden)
(anonymous) @ VM113:34
await in (anonymous)
(anonymous) @ VM113:241
VM113:66 R1 Page 165/647: 403 0 UUIDs | total unique: 0
VM113:34  GET https://fmrwatch.bafe.gov.ph/projects?view=table&page=166 403 (Forbidden)
(anonymous) @ VM113:34
await in (anonymous)
(anonymous) @ VM113:241
VM113:66 R1 Page 166/647: 403 0 UUIDs | total unique: 0
VM113:34  GET https://fmrwatch.bafe.gov.ph/projects?view=table&page=167 403 (Forbidden)
(anonymous) @ VM113:34
await in (anonymous)
(anonymous) @ VM113:241
VM113:66 R1 Page 167/647: 403 0 UUIDs | total unique: 0
VM113:34  GET https://fmrwatch.bafe.gov.ph/projects?view=table&page=168 403 (Forbidden)
(anonymous) @ VM113:34
await in (anonymous)
(anonymous) @ VM113:241
VM113:66 R1 Page 168/647: 403 0 UUIDs | total unique: 0
VM113:34  GET https://fmrwatch.bafe.gov.ph/projects?view=table&page=169 403 (Forbidden)
(anonymous) @ VM113:34
await in (anonymous)
(anonymous) @ VM113:241
VM113:66 R1 Page 169/647: 403 0 UUIDs | total unique: 0
VM113:34  GET https://fmrwatch.bafe.gov.ph/projects?view=table&page=170 403 (Forbidden)
(anonymous) @ VM113:34
await in (anonymous)
(anonymous) @ VM113:241
VM113:66 R1 Page 170/647: 403 0 UUIDs | total unique: 0
VM113:34  GET https://fmrwatch.bafe.gov.ph/projects?view=table&page=171 403 (Forbidden)
(anonymous) @ VM113:34
await in (anonymous)
(anonymous) @ VM113:241
VM113:66 R1 Page 171/647: 403 0 UUIDs | total unique: 0
VM113:34  GET https://fmrwatch.bafe.gov.ph/projects?view=table&page=172 403 (Forbidden)
(anonymous) @ VM113:34
await in (anonymous)
(anonymous) @ VM113:241
VM113:66 R1 Page 172/647: 403 0 UUIDs | total unique: 0
VM113:34  GET https://fmrwatch.bafe.gov.ph/projects?view=table&page=173 403 (Forbidden)
(anonymous) @ VM113:34
await in (anonymous)
(anonymous) @ VM113:241
VM113:66 R1 Page 173/647: 403 0 UUIDs | total unique: 0
VM113:34  GET https://fmrwatch.bafe.gov.ph/projects?view=table&page=174 403 (Forbidden)
(anonymous) @ VM113:34
await in (anonymous)
(anonymous) @ VM113:241
VM113:66 R1 Page 174/647: 403 0 UUIDs | total unique: 0
VM113:34  GET https://fmrwatch.bafe.gov.ph/projects?view=table&page=175 403 (Forbidden)
(anonymous) @ VM113:34
await in (anonymous)
(anonymous) @ VM113:241
VM113:66 R1 Page 175/647: 403 0 UUIDs | total unique: 0
VM113:34  GET https://fmrwatch.bafe.gov.ph/projects?view=table&page=176 403 (Forbidden)
(anonymous) @ VM113:34
await in (anonymous)
(anonymous) @ VM113:241
VM113:66 R1 Page 176/647: 403 0 UUIDs | total unique: 0
VM113:34  GET https://fmrwatch.bafe.gov.ph/projects?view=table&page=177 403 (Forbidden)
(anonymous) @ VM113:34
await in (anonymous)
(anonymous) @ VM113:241
VM113:66 R1 Page 177/647: 403 0 UUIDs | total unique: 0
VM113:34  GET https://fmrwatch.bafe.gov.ph/projects?view=table&page=178 403 (Forbidden)
(anonymous) @ VM113:34
await in (anonymous)
(anonymous) @ VM113:241
VM113:66 R1 Page 178/647: 403 0 UUIDs | total unique: 0
VM113:34  GET https://fmrwatch.bafe.gov.ph/projects?view=table&page=179 403 (Forbidden)
(anonymous) @ VM113:34
await in (anonymous)
(anonymous) @ VM113:241
VM113:66 R1 Page 179/647: 403 0 UUIDs | total unique: 0
VM113:34  GET https://fmrwatch.bafe.gov.ph/projects?view=table&page=180 403 (Forbidden)
(anonymous) @ VM113:34
await in (anonymous)
(anonymous) @ VM113:241
VM113:66 R1 Page 180/647: 403 0 UUIDs | total unique: 0
VM113:34  GET https://fmrwatch.bafe.gov.ph/projects?view=table&page=181 403 (Forbidden)
(anonymous) @ VM113:34
await in (anonymous)
(anonymous) @ VM113:241
VM113:66 R1 Page 181/647: 403 0 UUIDs | total unique: 0
VM113:34  GET https://fmrwatch.bafe.gov.ph/projects?view=table&page=182 403 (Forbidden)
(anonymous) @ VM113:34
await in (anonymous)
(anonymous) @ VM113:241
VM113:66 R1 Page 182/647: 403 0 UUIDs | total unique: 0
VM113:34  GET https://fmrwatch.bafe.gov.ph/projects?view=table&page=183 403 (Forbidden)
(anonymous) @ VM113:34
await in (anonymous)
(anonymous) @ VM113:241
VM113:66 R1 Page 183/647: 403 0 UUIDs | total unique: 0
VM113:34  GET https://fmrwatch.bafe.gov.ph/projects?view=table&page=184 403 (Forbidden)
(anonymous) @ VM113:34
await in (anonymous)
(anonymous) @ VM113:241
VM113:66 R1 Page 184/647: 403 0 UUIDs | total unique: 0
VM113:34  GET https://fmrwatch.bafe.gov.ph/projects?view=table&page=185 403 (Forbidden)
(anonymous) @ VM113:34
await in (anonymous)
(anonymous) @ VM113:241
VM113:66 R1 Page 185/647: 403 0 UUIDs | total unique: 0
VM113:34  GET https://fmrwatch.bafe.gov.ph/projects?view=table&page=186 403 (Forbidden)
(anonymous) @ VM113:34
await in (anonymous)
(anonymous) @ VM113:241
VM113:66 R1 Page 186/647: 403 0 UUIDs | total unique: 0
VM113:34  GET https://fmrwatch.bafe.gov.ph/projects?view=table&page=187 403 (Forbidden)
(anonymous) @ VM113:34
await in (anonymous)
(anonymous) @ VM113:241
VM113:66 R1 Page 187/647: 403 0 UUIDs | total unique: 0
VM113:34  GET https://fmrwatch.bafe.gov.ph/projects?view=table&page=188 403 (Forbidden)
(anonymous) @ VM113:34
await in (anonymous)
(anonymous) @ VM113:241
VM113:66 R1 Page 188/647: 403 0 UUIDs | total unique: 0
VM113:34  GET https://fmrwatch.bafe.gov.ph/projects?view=table&page=189 403 (Forbidden)
(anonymous) @ VM113:34
await in (anonymous)
(anonymous) @ VM113:241
VM113:66 R1 Page 189/647: 403 0 UUIDs | total unique: 0
VM113:34  GET https://fmrwatch.bafe.gov.ph/projects?view=table&page=190 403 (Forbidden)
(anonymous) @ VM113:34
await in (anonymous)
(anonymous) @ VM113:241
VM113:66 R1 Page 190/647: 403 0 UUIDs | total unique: 0
VM113:34  GET https://fmrwatch.bafe.gov.ph/projects?view=table&page=191 403 (Forbidden)
(anonymous) @ VM113:34
await in (anonymous)
(anonymous) @ VM113:241
VM113:66 R1 Page 191/647: 403 0 UUIDs | total unique: 0
VM113:34  GET https://fmrwatch.bafe.gov.ph/projects?view=table&page=192 403 (Forbidden)
(anonymous) @ VM113:34
await in (anonymous)
(anonymous) @ VM113:241
VM113:66 R1 Page 192/647: 403 0 UUIDs | total unique: 0
VM113:34  GET https://fmrwatch.bafe.gov.ph/projects?view=table&page=193 403 (Forbidden)
(anonymous) @ VM113:34
await in (anonymous)
(anonymous) @ VM113:241
VM113:66 R1 Page 193/647: 403 0 UUIDs | total unique: 0
VM113:34  GET https://fmrwatch.bafe.gov.ph/projects?view=table&page=194 403 (Forbidden)
(anonymous) @ VM113:34
await in (anonymous)
(anonymous) @ VM113:241
VM113:66 R1 Page 194/647: 403 0 UUIDs | total unique: 0
VM113:34  GET https://fmrwatch.bafe.gov.ph/projects?view=table&page=195 403 (Forbidden)
(anonymous) @ VM113:34
await in (anonymous)
(anonymous) @ VM113:241
VM113:66 R1 Page 195/647: 403 0 UUIDs | total unique: 0
VM113:34  GET https://fmrwatch.bafe.gov.ph/projects?view=table&page=196 403 (Forbidden)
(anonymous) @ VM113:34
await in (anonymous)
(anonymous) @ VM113:241
VM113:66 R1 Page 196/647: 403 0 UUIDs | total unique: 0
VM113:34  GET https://fmrwatch.bafe.gov.ph/projects?view=table&page=197 403 (Forbidden)
(anonymous) @ VM113:34
await in (anonymous)
(anonymous) @ VM113:241
VM113:66 R1 Page 197/647: 403 0 UUIDs | total unique: 0
VM113:34  GET https://fmrwatch.bafe.gov.ph/projects?view=table&page=198 403 (Forbidden)
(anonymous) @ VM113:34
await in (anonymous)
(anonymous) @ VM113:241
VM113:66 R1 Page 198/647: 403 0 UUIDs | total unique: 0
VM113:34  GET https://fmrwatch.bafe.gov.ph/projects?view=table&page=199 403 (Forbidden)
(anonymous) @ VM113:34
await in (anonymous)
(anonymous) @ VM113:241
VM113:66 R1 Page 199/647: 403 0 UUIDs | total unique: 0
VM113:34  GET https://fmrwatch.bafe.gov.ph/projects?view=table&page=200 403 (Forbidden)
(anonymous) @ VM113:34
await in (anonymous)
(anonymous) @ VM113:241
VM113:66 R1 Page 200/647: 403 0 UUIDs | total unique: 0
VM113:34  GET https://fmrwatch.bafe.gov.ph/projects?view=table&page=201 403 (Forbidden)
(anonymous) @ VM113:34
await in (anonymous)
(anonymous) @ VM113:241
VM113:66 R1 Page 201/647: 403 0 UUIDs | total unique: 0
VM113:34  GET https://fmrwatch.bafe.gov.ph/projects?view=table&page=202 403 (Forbidden)
(anonymous) @ VM113:34
await in (anonymous)
(anonymous) @ VM113:241
VM113:66 R1 Page 202/647: 403 0 UUIDs | total unique: 0
VM113:34  GET https://fmrwatch.bafe.gov.ph/projects?view=table&page=203 403 (Forbidden)
(anonymous) @ VM113:34
await in (anonymous)
(anonymous) @ VM113:241
VM113:66 R1 Page 203/647: 403 0 UUIDs | total unique: 0
VM113:34  GET https://fmrwatch.bafe.gov.ph/projects?view=table&page=204 403 (Forbidden)
(anonymous) @ VM113:34
await in (anonymous)
(anonymous) @ VM113:241
VM113:66 R1 Page 204/647: 403 0 UUIDs | total unique: 0
VM113:34  GET https://fmrwatch.bafe.gov.ph/projects?view=table&page=205 403 (Forbidden)
(anonymous) @ VM113:34
await in (anonymous)
(anonymous) @ VM113:241
VM113:66 R1 Page 205/647: 403 0 UUIDs | total unique: 0
VM113:34  GET https://fmrwatch.bafe.gov.ph/projects?view=table&page=206 403 (Forbidden)
(anonymous) @ VM113:34
await in (anonymous)
(anonymous) @ VM113:241
VM113:66 R1 Page 206/647: 403 0 UUIDs | total unique: 0
VM113:34  GET https://fmrwatch.bafe.gov.ph/projects?view=table&page=207 403 (Forbidden)
(anonymous) @ VM113:34
await in (anonymous)
(anonymous) @ VM113:241
VM113:66 R1 Page 207/647: 403 0 UUIDs | total unique: 0
VM113:34  GET https://fmrwatch.bafe.gov.ph/projects?view=table&page=208 403 (Forbidden)
(anonymous) @ VM113:34
await in (anonymous)
(anonymous) @ VM113:241
VM113:66 R1 Page 208/647: 403 0 UUIDs | total unique: 0
VM113:34  GET https://fmrwatch.bafe.gov.ph/projects?view=table&page=209 403 (Forbidden)
(anonymous) @ VM113:34
await in (anonymous)
(anonymous) @ VM113:241
VM113:66 R1 Page 209/647: 403 0 UUIDs | total unique: 0
VM113:34  GET https://fmrwatch.bafe.gov.ph/projects?view=table&page=210 403 (Forbidden)
(anonymous) @ VM113:34
await in (anonymous)
(anonymous) @ VM113:241
VM113:66 R1 Page 210/647: 403 0 UUIDs | total unique: 0
VM113:34  GET https://fmrwatch.bafe.gov.ph/projects?view=table&page=211 403 (Forbidden)
(anonymous) @ VM113:34
await in (anonymous)
(anonymous) @ VM113:241
VM113:66 R1 Page 211/647: 403 0 UUIDs | total unique: 0
VM113:34  GET https://fmrwatch.bafe.gov.ph/projects?view=table&page=212 403 (Forbidden)
(anonymous) @ VM113:34
await in (anonymous)
(anonymous) @ VM113:241
VM113:66 R1 Page 212/647: 403 0 UUIDs | total unique: 0
VM113:34  GET https://fmrwatch.bafe.gov.ph/projects?view=table&page=213 403 (Forbidden)
(anonymous) @ VM113:34
await in (anonymous)
(anonymous) @ VM113:241
VM113:66 R1 Page 213/647: 403 0 UUIDs | total unique: 0
VM113:34  GET https://fmrwatch.bafe.gov.ph/projects?view=table&page=214 403 (Forbidden)
(anonymous) @ VM113:34
await in (anonymous)
(anonymous) @ VM113:241
VM113:66 R1 Page 214/647: 403 0 UUIDs | total unique: 0
VM113:34  GET https://fmrwatch.bafe.gov.ph/projects?view=table&page=215 403 (Forbidden)
(anonymous) @ VM113:34
await in (anonymous)
(anonymous) @ VM113:241
VM113:66 R1 Page 215/647: 403 0 UUIDs | total unique: 0
VM113:34  GET https://fmrwatch.bafe.gov.ph/projects?view=table&page=216 403 (Forbidden)
(anonymous) @ VM113:34
await in (anonymous)
(anonymous) @ VM113:241
VM113:66 R1 Page 216/647: 403 0 UUIDs | total unique: 0
VM113:34  GET https://fmrwatch.bafe.gov.ph/projects?view=table&page=217 403 (Forbidden)
(anonymous) @ VM113:34
await in (anonymous)
(anonymous) @ VM113:241
VM113:66 R1 Page 217/647: 403 0 UUIDs | total unique: 0
VM113:34  GET https://fmrwatch.bafe.gov.ph/projects?view=table&page=218 403 (Forbidden)
(anonymous) @ VM113:34
await in (anonymous)
(anonymous) @ VM113:241
VM113:66 R1 Page 218/647: 403 0 UUIDs | total unique: 0
VM113:34  GET https://fmrwatch.bafe.gov.ph/projects?view=table&page=219 403 (Forbidden)
(anonymous) @ VM113:34
await in (anonymous)
(anonymous) @ VM113:241
VM113:66 R1 Page 219/647: 403 0 UUIDs | total unique: 0
VM113:34  GET https://fmrwatch.bafe.gov.ph/projects?view=table&page=220 403 (Forbidden)
(anonymous) @ VM113:34
await in (anonymous)
(anonymous) @ VM113:241
VM113:66 R1 Page 220/647: 403 0 UUIDs | total unique: 0
VM113:34  GET https://fmrwatch.bafe.gov.ph/projects?view=table&page=221 403 (Forbidden)
(anonymous) @ VM113:34
await in (anonymous)
(anonymous) @ VM113:241
VM113:66 R1 Page 221/647: 403 0 UUIDs | total unique: 0
VM113:34  GET https://fmrwatch.bafe.gov.ph/projects?view=table&page=222 403 (Forbidden)
(anonymous) @ VM113:34
await in (anonymous)
(anonymous) @ VM113:241
VM113:66 R1 Page 222/647: 403 0 UUIDs | total unique: 0
VM113:34  GET https://fmrwatch.bafe.gov.ph/projects?view=table&page=223 403 (Forbidden)
(anonymous) @ VM113:34
await in (anonymous)
(anonymous) @ VM113:241
VM113:66 R1 Page 223/647: 403 0 UUIDs | total unique: 0
VM113:34  GET https://fmrwatch.bafe.gov.ph/projects?view=table&page=224 403 (Forbidden)
(anonymous) @ VM113:34
await in (anonymous)
(anonymous) @ VM113:241
VM113:66 R1 Page 224/647: 403 0 UUIDs | total unique: 0
VM113:34  GET https://fmrwatch.bafe.gov.ph/projects?view=table&page=225 403 (Forbidden)
(anonymous) @ VM113:34
await in (anonymous)
(anonymous) @ VM113:241
VM113:66 R1 Page 225/647: 403 0 UUIDs | total unique: 0
VM113:34  GET https://fmrwatch.bafe.gov.ph/projects?view=table&page=226 403 (Forbidden)
(anonymous) @ VM113:34
await in (anonymous)
(anonymous) @ VM113:241
VM113:66 R1 Page 226/647: 403 0 UUIDs | total unique: 0
VM113:34  GET https://fmrwatch.bafe.gov.ph/projects?view=table&page=227 403 (Forbidden)
(anonymous) @ VM113:34
await in (anonymous)
(anonymous) @ VM113:241
VM113:66 R1 Page 227/647: 403 0 UUIDs | total unique: 0
VM113:34  GET https://fmrwatch.bafe.gov.ph/projects?view=table&page=228 403 (Forbidden)
(anonymous) @ VM113:34
await in (anonymous)
(anonymous) @ VM113:241
VM113:66 R1 Page 228/647: 403 0 UUIDs | total unique: 0
VM113:34  GET https://fmrwatch.bafe.gov.ph/projects?view=table&page=229 403 (Forbidden)
(anonymous) @ VM113:34
await in (anonymous)
(anonymous) @ VM113:241
VM113:66 R1 Page 229/647: 403 0 UUIDs | total unique: 0
VM113:34  GET https://fmrwatch.bafe.gov.ph/projects?view=table&page=230 403 (Forbidden)
(anonymous) @ VM113:34
await in (anonymous)
(anonymous) @ VM113:241
VM113:66 R1 Page 230/647: 403 0 UUIDs | total unique: 0
VM113:34  GET https://fmrwatch.bafe.gov.ph/projects?view=table&page=231 403 (Forbidden)
(anonymous) @ VM113:34
await in (anonymous)
(anonymous) @ VM113:241
VM113:66 R1 Page 231/647: 403 0 UUIDs | total unique: 0
VM113:34  GET https://fmrwatch.bafe.gov.ph/projects?view=table&page=232 403 (Forbidden)
(anonymous) @ VM113:34
await in (anonymous)
(anonymous) @ VM113:241
VM113:66 R1 Page 232/647: 403 0 UUIDs | total unique: 0
VM113:34  GET https://fmrwatch.bafe.gov.ph/projects?view=table&page=233 403 (Forbidden)
(anonymous) @ VM113:34
await in (anonymous)
(anonymous) @ VM113:241
VM113:66 R1 Page 233/647: 403 0 UUIDs | total unique: 0
VM113:34  GET https://fmrwatch.bafe.gov.ph/projects?view=table&page=234 403 (Forbidden)
(anonymous) @ VM113:34
await in (anonymous)
(anonymous) @ VM113:241
VM113:66 R1 Page 234/647: 403 0 UUIDs | total unique: 0
VM113:34  GET https://fmrwatch.bafe.gov.ph/projects?view=table&page=235 403 (Forbidden)
(anonymous) @ VM113:34
await in (anonymous)
(anonymous) @ VM113:241
VM113:66 R1 Page 235/647: 403 0 UUIDs | total unique: 0
VM113:34  GET https://fmrwatch.bafe.gov.ph/projects?view=table&page=236 403 (Forbidden)
(anonymous) @ VM113:34
await in (anonymous)
(anonymous) @ VM113:241
VM113:66 R1 Page 236/647: 403 0 UUIDs | total unique: 0
VM113:34  GET https://fmrwatch.bafe.gov.ph/projects?view=table&page=237 403 (Forbidden)
(anonymous) @ VM113:34
await in (anonymous)
(anonymous) @ VM113:241
VM113:66 R1 Page 237/647: 403 0 UUIDs | total unique: 0
VM113:34  GET https://fmrwatch.bafe.gov.ph/projects?view=table&page=238 403 (Forbidden)
(anonymous) @ VM113:34
await in (anonymous)
(anonymous) @ VM113:241
VM113:66 R1 Page 238/647: 403 0 UUIDs | total unique: 0
VM113:34  GET https://fmrwatch.bafe.gov.ph/projects?view=table&page=239 403 (Forbidden)
(anonymous) @ VM113:34
await in (anonymous)
(anonymous) @ VM113:241
VM113:66 R1 Page 239/647: 403 0 UUIDs | total unique: 0
VM113:34  GET https://fmrwatch.bafe.gov.ph/projects?view=table&page=240 403 (Forbidden)
(anonymous) @ VM113:34
await in (anonymous)
(anonymous) @ VM113:241
VM113:66 R1 Page 240/647: 403 0 UUIDs | total unique: 0
VM113:34  GET https://fmrwatch.bafe.gov.ph/projects?view=table&page=241 403 (Forbidden)
(anonymous) @ VM113:34
await in (anonymous)
(anonymous) @ VM113:241
VM113:66 R1 Page 241/647: 403 0 UUIDs | total unique: 0
VM113:34  GET https://fmrwatch.bafe.gov.ph/projects?view=table&page=242 403 (Forbidden)
(anonymous) @ VM113:34
await in (anonymous)
(anonymous) @ VM113:241
VM113:66 R1 Page 242/647: 403 0 UUIDs | total unique: 0
VM113:34  GET https://fmrwatch.bafe.gov.ph/projects?view=table&page=243 403 (Forbidden)
(anonymous) @ VM113:34
await in (anonymous)
(anonymous) @ VM113:241
VM113:66 R1 Page 243/647: 403 0 UUIDs | total unique: 0
VM113:34  GET https://fmrwatch.bafe.gov.ph/projects?view=table&page=244 403 (Forbidden)
(anonymous) @ VM113:34
await in (anonymous)
(anonymous) @ VM113:241
VM113:66 R1 Page 244/647: 403 0 UUIDs | total unique: 0
VM113:34  GET https://fmrwatch.bafe.gov.ph/projects?view=table&page=245 403 (Forbidden)
(anonymous) @ VM113:34
await in (anonymous)
(anonymous) @ VM113:241
VM113:66 R1 Page 245/647: 403 0 UUIDs | total unique: 0
VM113:34  GET https://fmrwatch.bafe.gov.ph/projects?view=table&page=246 403 (Forbidden)
(anonymous) @ VM113:34
await in (anonymous)
(anonymous) @ VM113:241
VM113:66 R1 Page 246/647: 403 0 UUIDs | total unique: 0
VM113:34  GET https://fmrwatch.bafe.gov.ph/projects?view=table&page=247 403 (Forbidden)
(anonymous) @ VM113:34
await in (anonymous)
(anonymous) @ VM113:241
VM113:66 R1 Page 247/647: 403 0 UUIDs | total unique: 0
VM113:34  GET https://fmrwatch.bafe.gov.ph/projects?view=table&page=248 403 (Forbidden)
(anonymous) @ VM113:34
await in (anonymous)
(anonymous) @ VM113:241
VM113:66 R1 Page 248/647: 403 0 UUIDs | total unique: 0
VM113:34  GET https://fmrwatch.bafe.gov.ph/projects?view=table&page=249 403 (Forbidden)
(anonymous) @ VM113:34
await in (anonymous)
(anonymous) @ VM113:241
VM113:66 R1 Page 249/647: 403 0 UUIDs | total unique: 0
VM113:34  GET https://fmrwatch.bafe.gov.ph/projects?view=table&page=250 403 (Forbidden)
(anonymous) @ VM113:34
await in (anonymous)
(anonymous) @ VM113:241
VM113:66 R1 Page 250/647: 403 0 UUIDs | total unique: 0
VM113:34  GET https://fmrwatch.bafe.gov.ph/projects?view=table&page=251 403 (Forbidden)
(anonymous) @ VM113:34
await in (anonymous)
(anonymous) @ VM113:241
VM113:66 R1 Page 251/647: 403 0 UUIDs | total unique: 0
VM113:34  GET https://fmrwatch.bafe.gov.ph/projects?view=table&page=252 403 (Forbidden)
(anonymous) @ VM113:34
await in (anonymous)
(anonymous) @ VM113:241
VM113:66 R1 Page 252/647: 403 0 UUIDs | total unique: 0
VM113:34  GET https://fmrwatch.bafe.gov.ph/projects?view=table&page=253 403 (Forbidden)
(anonymous) @ VM113:34
await in (anonymous)
(anonymous) @ VM113:241
VM113:66 R1 Page 253/647: 403 0 UUIDs | total unique: 0
VM113:34  GET https://fmrwatch.bafe.gov.ph/projects?view=table&page=254 403 (Forbidden)
(anonymous) @ VM113:34
await in (anonymous)
(anonymous) @ VM113:241
VM113:66 R1 Page 254/647: 403 0 UUIDs | total unique: 0
VM113:34  GET https://fmrwatch.bafe.gov.ph/projects?view=table&page=255 403 (Forbidden)
(anonymous) @ VM113:34
await in (anonymous)
(anonymous) @ VM113:241
VM113:66 R1 Page 255/647: 403 0 UUIDs | total unique: 0
VM113:34  GET https://fmrwatch.bafe.gov.ph/projects?view=table&page=256 403 (Forbidden)
(anonymous) @ VM113:34
await in (anonymous)
(anonymous) @ VM113:241
VM113:66 R1 Page 256/647: 403 0 UUIDs | total unique: 0
VM113:34  GET https://fmrwatch.bafe.gov.ph/projects?view=table&page=257 403 (Forbidden)
(anonymous) @ VM113:34
await in (anonymous)
(anonymous) @ VM113:241
VM113:66 R1 Page 257/647: 403 0 UUIDs | total unique: 0
VM113:34  GET https://fmrwatch.bafe.gov.ph/projects?view=table&page=258 403 (Forbidden)
(anonymous) @ VM113:34
await in (anonymous)
(anonymous) @ VM113:241
VM113:66 R1 Page 258/647: 403 0 UUIDs | total unique: 0
VM113:34  GET https://fmrwatch.bafe.gov.ph/projects?view=table&page=259 403 (Forbidden)
(anonymous) @ VM113:34
await in (anonymous)
(anonymous) @ VM113:241
VM113:66 R1 Page 259/647: 403 0 UUIDs | total unique: 0
VM113:34  GET https://fmrwatch.bafe.gov.ph/projects?view=table&page=260 403 (Forbidden)
(anonymous) @ VM113:34
await in (anonymous)
(anonymous) @ VM113:241
VM113:66 R1 Page 260/647: 403 0 UUIDs | total unique: 0
VM113:34  GET https://fmrwatch.bafe.gov.ph/projects?view=table&page=261 403 (Forbidden)
(anonymous) @ VM113:34
await in (anonymous)
(anonymous) @ VM113:241
VM113:66 R1 Page 261/647: 403 0 UUIDs | total unique: 0
VM113:34  GET https://fmrwatch.bafe.gov.ph/projects?view=table&page=262 403 (Forbidden)
(anonymous) @ VM113:34
await in (anonymous)
(anonymous) @ VM113:241
VM113:66 R1 Page 262/647: 403 0 UUIDs | total unique: 0
VM113:34  GET https://fmrwatch.bafe.gov.ph/projects?view=table&page=263 403 (Forbidden)
(anonymous) @ VM113:34
await in (anonymous)
(anonymous) @ VM113:241
VM113:66 R1 Page 263/647: 403 0 UUIDs | total unique: 0
VM113:34  GET https://fmrwatch.bafe.gov.ph/projects?view=table&page=264 403 (Forbidden)
(anonymous) @ VM113:34
await in (anonymous)
(anonymous) @ VM113:241
VM113:66 R1 Page 264/647: 403 0 UUIDs | total unique: 0
VM113:34  GET https://fmrwatch.bafe.gov.ph/projects?view=table&page=265 403 (Forbidden)
(anonymous) @ VM113:34
await in (anonymous)
(anonymous) @ VM113:241
VM113:66 R1 Page 265/647: 403 0 UUIDs | total unique: 0
VM113:34  GET https://fmrwatch.bafe.gov.ph/projects?view=table&page=266 403 (Forbidden)
(anonymous) @ VM113:34
await in (anonymous)
(anonymous) @ VM113:241
VM113:66 R1 Page 266/647: 403 0 UUIDs | total unique: 0
VM113:34  GET https://fmrwatch.bafe.gov.ph/projects?view=table&page=267 403 (Forbidden)
(anonymous) @ VM113:34
await in (anonymous)
(anonymous) @ VM113:241
VM113:66 R1 Page 267/647: 403 0 UUIDs | total unique: 0
VM113:34  GET https://fmrwatch.bafe.gov.ph/projects?view=table&page=268 403 (Forbidden)
(anonymous) @ VM113:34
await in (anonymous)
(anonymous) @ VM113:241
VM113:66 R1 Page 268/647: 403 0 UUIDs | total unique: 0
VM113:34  GET https://fmrwatch.bafe.gov.ph/projects?view=table&page=269 403 (Forbidden)
(anonymous) @ VM113:34
await in (anonymous)
(anonymous) @ VM113:241
VM113:66 R1 Page 269/647: 403 0 UUIDs | total unique: 0
VM113:34  GET https://fmrwatch.bafe.gov.ph/projects?view=table&page=270 403 (Forbidden)
(anonymous) @ VM113:34
await in (anonymous)
(anonymous) @ VM113:241
VM113:66 R1 Page 270/647: 403 0 UUIDs | total unique: 0
VM113:34  GET https://fmrwatch.bafe.gov.ph/projects?view=table&page=271 403 (Forbidden)
(anonymous) @ VM113:34
await in (anonymous)
(anonymous) @ VM113:241
VM113:66 R1 Page 271/647: 403 0 UUIDs | total unique: 0
VM113:34  GET https://fmrwatch.bafe.gov.ph/projects?view=table&page=272 403 (Forbidden)
(anonymous) @ VM113:34
await in (anonymous)
(anonymous) @ VM113:241
VM113:66 R1 Page 272/647: 403 0 UUIDs | total unique: 0
VM113:34  GET https://fmrwatch.bafe.gov.ph/projects?view=table&page=273 403 (Forbidden)
(anonymous) @ VM113:34
await in (anonymous)
(anonymous) @ VM113:241
VM113:66 R1 Page 273/647: 403 0 UUIDs | total unique: 0
VM113:34  GET https://fmrwatch.bafe.gov.ph/projects?view=table&page=274 403 (Forbidden)
(anonymous) @ VM113:34
await in (anonymous)
(anonymous) @ VM113:241
VM113:66 R1 Page 274/647: 403 0 UUIDs | total unique: 0
VM113:34  GET https://fmrwatch.bafe.gov.ph/projects?view=table&page=275 403 (Forbidden)
(anonymous) @ VM113:34
await in (anonymous)
(anonymous) @ VM113:241
VM113:66 R1 Page 275/647: 403 0 UUIDs | total unique: 0
VM113:34  GET https://fmrwatch.bafe.gov.ph/projects?view=table&page=276 403 (Forbidden)
(anonymous) @ VM113:34
await in (anonymous)
(anonymous) @ VM113:241
VM113:66 R1 Page 276/647: 403 0 UUIDs | total unique: 0
VM113:34  GET https://fmrwatch.bafe.gov.ph/projects?view=table&page=277 403 (Forbidden)
(anonymous) @ VM113:34
await in (anonymous)
(anonymous) @ VM113:241
VM113:66 R1 Page 277/647: 403 0 UUIDs | total unique: 0
VM113:34  GET https://fmrwatch.bafe.gov.ph/projects?view=table&page=278 403 (Forbidden)
(anonymous) @ VM113:34
await in (anonymous)
(anonymous) @ VM113:241
VM113:66 R1 Page 278/647: 403 0 UUIDs | total unique: 0
VM113:34  GET https://fmrwatch.bafe.gov.ph/projects?view=table&page=279 403 (Forbidden)
(anonymous) @ VM113:34
await in (anonymous)
(anonymous) @ VM113:241
VM113:66 R1 Page 279/647: 403 0 UUIDs | total unique: 0
VM113:34  GET https://fmrwatch.bafe.gov.ph/projects?view=table&page=280 403 (Forbidden)
(anonymous) @ VM113:34
await in (anonymous)
(anonymous) @ VM113:241
VM113:66 R1 Page 280/647: 403 0 UUIDs | total unique: 0
VM113:34  GET https://fmrwatch.bafe.gov.ph/projects?view=table&page=281 403 (Forbidden)
(anonymous) @ VM113:34
await in (anonymous)
(anonymous) @ VM113:241
VM113:66 R1 Page 281/647: 403 0 UUIDs | total unique: 0
VM113:34  GET https://fmrwatch.bafe.gov.ph/projects?view=table&page=282 403 (Forbidden)
(anonymous) @ VM113:34
await in (anonymous)
(anonymous) @ VM113:241
VM113:66 R1 Page 282/647: 403 0 UUIDs | total unique: 0
VM113:34  GET https://fmrwatch.bafe.gov.ph/projects?view=table&page=283 403 (Forbidden)
(anonymous) @ VM113:34
await in (anonymous)
(anonymous) @ VM113:241
VM113:66 R1 Page 283/647: 403 0 UUIDs | total unique: 0
VM113:34  GET https://fmrwatch.bafe.gov.ph/projects?view=table&page=284 403 (Forbidden)
(anonymous) @ VM113:34
await in (anonymous)
(anonymous) @ VM113:241
VM113:66 R1 Page 284/647: 403 0 UUIDs | total unique: 0
VM113:34  GET https://fmrwatch.bafe.gov.ph/projects?view=table&page=285 403 (Forbidden)
(anonymous) @ VM113:34
await in (anonymous)
(anonymous) @ VM113:241
VM113:66 R1 Page 285/647: 403 0 UUIDs | total unique: 0
VM113:34  GET https://fmrwatch.bafe.gov.ph/projects?view=table&page=286 403 (Forbidden)
(anonymous) @ VM113:34
await in (anonymous)
(anonymous) @ VM113:241
VM113:66 R1 Page 286/647: 403 0 UUIDs | total unique: 0
VM113:34  GET https://fmrwatch.bafe.gov.ph/projects?view=table&page=287 403 (Forbidden)
(anonymous) @ VM113:34
await in (anonymous)
(anonymous) @ VM113:241
VM113:66 R1 Page 287/647: 403 0 UUIDs | total unique: 0
VM113:34  GET https://fmrwatch.bafe.gov.ph/projects?view=table&page=288 403 (Forbidden)
(anonymous) @ VM113:34
await in (anonymous)
(anonymous) @ VM113:241
VM113:66 R1 Page 288/647: 403 0 UUIDs | total unique: 0
VM113:34  GET https://fmrwatch.bafe.gov.ph/projects?view=table&page=289 403 (Forbidden)
(anonymous) @ VM113:34
await in (anonymous)
(anonymous) @ VM113:241
VM113:66 R1 Page 289/647: 403 0 UUIDs | total unique: 0
VM113:34  GET https://fmrwatch.bafe.gov.ph/projects?view=table&page=290 403 (Forbidden)
(anonymous) @ VM113:34
await in (anonymous)
(anonymous) @ VM113:241
VM113:66 R1 Page 290/647: 403 0 UUIDs | total unique: 0
VM113:34  GET https://fmrwatch.bafe.gov.ph/projects?view=table&page=291 403 (Forbidden)
(anonymous) @ VM113:34
await in (anonymous)
(anonymous) @ VM113:241
VM113:66 R1 Page 291/647: 403 0 UUIDs | total unique: 0
VM113:34  GET https://fmrwatch.bafe.gov.ph/projects?view=table&page=292 403 (Forbidden)
(anonymous) @ VM113:34
await in (anonymous)
(anonymous) @ VM113:241
VM113:66 R1 Page 292/647: 403 0 UUIDs | total unique: 0
VM113:34  GET https://fmrwatch.bafe.gov.ph/projects?view=table&page=293 403 (Forbidden)
(anonymous) @ VM113:34
await in (anonymous)
(anonymous) @ VM113:241
VM113:66 R1 Page 293/647: 403 0 UUIDs | total unique: 0
VM113:34  GET https://fmrwatch.bafe.gov.ph/projects?view=table&page=294 403 (Forbidden)
(anonymous) @ VM113:34
await in (anonymous)
(anonymous) @ VM113:241
VM113:66 R1 Page 294/647: 403 0 UUIDs | total unique: 0
VM113:34  GET https://fmrwatch.bafe.gov.ph/projects?view=table&page=295 403 (Forbidden)
(anonymous) @ VM113:34
await in (anonymous)
(anonymous) @ VM113:241
VM113:66 R1 Page 295/647: 403 0 UUIDs | total unique: 0
VM113:34  GET https://fmrwatch.bafe.gov.ph/projects?view=table&page=296 403 (Forbidden)
(anonymous) @ VM113:34
await in (anonymous)
(anonymous) @ VM113:241
VM113:66 R1 Page 296/647: 403 0 UUIDs | total unique: 0
VM113:34  GET https://fmrwatch.bafe.gov.ph/projects?view=table&page=297 403 (Forbidden)
(anonymous) @ VM113:34
await in (anonymous)
(anonymous) @ VM113:241
VM113:66 R1 Page 297/647: 403 0 UUIDs | total unique: 0
VM113:34  GET https://fmrwatch.bafe.gov.ph/projects?view=table&page=298 403 (Forbidden)
(anonymous) @ VM113:34
await in (anonymous)
(anonymous) @ VM113:241
VM113:66 R1 Page 298/647: 403 0 UUIDs | total unique: 0
VM113:34  GET https://fmrwatch.bafe.gov.ph/projects?view=table&page=299 403 (Forbidden)
(anonymous) @ VM113:34
await in (anonymous)
(anonymous) @ VM113:241
VM113:66 R1 Page 299/647: 403 0 UUIDs | total unique: 0
VM113:34  GET https://fmrwatch.bafe.gov.ph/projects?view=table&page=300 403 (Forbidden)
(anonymous) @ VM113:34
await in (anonymous)
(anonymous) @ VM113:241
VM113:66 R1 Page 300/647: 403 0 UUIDs | total unique: 0
VM113:34  GET https://fmrwatch.bafe.gov.ph/projects?view=table&page=301 403 (Forbidden)
(anonymous) @ VM113:34
await in (anonymous)
(anonymous) @ VM113:241
VM113:66 R1 Page 301/647: 403 0 UUIDs | total unique: 0
VM113:34  GET https://fmrwatch.bafe.gov.ph/projects?view=table&page=302 403 (Forbidden)
(anonymous) @ VM113:34
await in (anonymous)
(anonymous) @ VM113:241
VM113:66 R1 Page 302/647: 403 0 UUIDs | total unique: 0
VM113:34  GET https://fmrwatch.bafe.gov.ph/projects?view=table&page=303 403 (Forbidden)
(anonymous) @ VM113:34
await in (anonymous)
(anonymous) @ VM113:241
VM113:66 R1 Page 303/647: 403 0 UUIDs | total unique: 0
VM113:34  GET https://fmrwatch.bafe.gov.ph/projects?view=table&page=304 403 (Forbidden)
(anonymous) @ VM113:34
await in (anonymous)
(anonymous) @ VM113:241
VM113:66 R1 Page 304/647: 403 0 UUIDs | total unique: 0
VM113:34  GET https://fmrwatch.bafe.gov.ph/projects?view=table&page=305 403 (Forbidden)
(anonymous) @ VM113:34
await in (anonymous)
(anonymous) @ VM113:241
VM113:66 R1 Page 305/647: 403 0 UUIDs | total unique: 0
VM113:34  GET https://fmrwatch.bafe.gov.ph/projects?view=table&page=306 403 (Forbidden)
(anonymous) @ VM113:34
await in (anonymous)
(anonymous) @ VM113:241
VM113:66 R1 Page 306/647: 403 0 UUIDs | total unique: 0
VM113:34  GET https://fmrwatch.bafe.gov.ph/projects?view=table&page=307 403 (Forbidden)
(anonymous) @ VM113:34
await in (anonymous)
(anonymous) @ VM113:241
VM113:66 R1 Page 307/647: 403 0 UUIDs | total unique: 0
VM113:34  GET https://fmrwatch.bafe.gov.ph/projects?view=table&page=308 403 (Forbidden)
(anonymous) @ VM113:34
await in (anonymous)
(anonymous) @ VM113:241
VM113:66 R1 Page 308/647: 403 0 UUIDs | total unique: 0
VM113:34  GET https://fmrwatch.bafe.gov.ph/projects?view=table&page=309 403 (Forbidden)
(anonymous) @ VM113:34
await in (anonymous)
(anonymous) @ VM113:241
VM113:66 R1 Page 309/647: 403 0 UUIDs | total unique: 0
VM113:34  GET https://fmrwatch.bafe.gov.ph/projects?view=table&page=310 403 (Forbidden)
(anonymous) @ VM113:34
await in (anonymous)
(anonymous) @ VM113:241
VM113:66 R1 Page 310/647: 403 0 UUIDs | total unique: 0
VM113:34  GET https://fmrwatch.bafe.gov.ph/projects?view=table&page=311 403 (Forbidden)
(anonymous) @ VM113:34
await in (anonymous)
(anonymous) @ VM113:241
VM113:66 R1 Page 311/647: 403 0 UUIDs | total unique: 0
VM113:34  GET https://fmrwatch.bafe.gov.ph/projects?view=table&page=312 403 (Forbidden)
(anonymous) @ VM113:34
await in (anonymous)
(anonymous) @ VM113:241
VM113:66 R1 Page 312/647: 403 0 UUIDs | total unique: 0
VM113:34  GET https://fmrwatch.bafe.gov.ph/projects?view=table&page=313 403 (Forbidden)
(anonymous) @ VM113:34
await in (anonymous)
(anonymous) @ VM113:241
VM113:66 R1 Page 313/647: 403 0 UUIDs | total unique: 0
VM113:34  GET https://fmrwatch.bafe.gov.ph/projects?view=table&page=314 403 (Forbidden)
(anonymous) @ VM113:34
await in (anonymous)
(anonymous) @ VM113:241
VM113:66 R1 Page 314/647: 403 0 UUIDs | total unique: 0
VM113:34  GET https://fmrwatch.bafe.gov.ph/projects?view=table&page=315 403 (Forbidden)
(anonymous) @ VM113:34
await in (anonymous)
(anonymous) @ VM113:241
VM113:66 R1 Page 315/647: 403 0 UUIDs | total unique: 0
VM113:34  GET https://fmrwatch.bafe.gov.ph/projects?view=table&page=316 403 (Forbidden)
(anonymous) @ VM113:34
await in (anonymous)
(anonymous) @ VM113:241
VM113:66 R1 Page 316/647: 403 0 UUIDs | total unique: 0
VM113:34  GET https://fmrwatch.bafe.gov.ph/projects?view=table&page=317 403 (Forbidden)
(anonymous) @ VM113:34
await in (anonymous)
(anonymous) @ VM113:241
VM113:66 R1 Page 317/647: 403 0 UUIDs | total unique: 0
VM113:34  GET https://fmrwatch.bafe.gov.ph/projects?view=table&page=318 403 (Forbidden)
(anonymous) @ VM113:34
await in (anonymous)
(anonymous) @ VM113:241
VM113:66 R1 Page 318/647: 403 0 UUIDs | total unique: 0
VM113:34  GET https://fmrwatch.bafe.gov.ph/projects?view=table&page=319 403 (Forbidden)
(anonymous) @ VM113:34
await in (anonymous)
(anonymous) @ VM113:241
VM113:66 R1 Page 319/647: 403 0 UUIDs | total unique: 0
VM113:34  GET https://fmrwatch.bafe.gov.ph/projects?view=table&page=320 403 (Forbidden)
(anonymous) @ VM113:34
await in (anonymous)
(anonymous) @ VM113:241
VM113:66 R1 Page 320/647: 403 0 UUIDs | total unique: 0
VM113:34  GET https://fmrwatch.bafe.gov.ph/projects?view=table&page=321 403 (Forbidden)
(anonymous) @ VM113:34
await in (anonymous)
(anonymous) @ VM113:241
VM113:66 R1 Page 321/647: 403 0 UUIDs | total unique: 0
VM113:34  GET https://fmrwatch.bafe.gov.ph/projects?view=table&page=322 403 (Forbidden)
(anonymous) @ VM113:34
await in (anonymous)
(anonymous) @ VM113:241
VM113:66 R1 Page 322/647: 403 0 UUIDs | total unique: 0
VM113:34  GET https://fmrwatch.bafe.gov.ph/projects?view=table&page=323 403 (Forbidden)
(anonymous) @ VM113:34
await in (anonymous)
(anonymous) @ VM113:241
VM113:66 R1 Page 323/647: 403 0 UUIDs | total unique: 0
VM113:34  GET https://fmrwatch.bafe.gov.ph/projects?view=table&page=324 403 (Forbidden)
(anonymous) @ VM113:34
await in (anonymous)
(anonymous) @ VM113:241
VM113:66 R1 Page 324/647: 403 0 UUIDs | total unique: 0
VM113:34  GET https://fmrwatch.bafe.gov.ph/projects?view=table&page=325 403 (Forbidden)
(anonymous) @ VM113:34
await in (anonymous)
(anonymous) @ VM113:241
VM113:66 R1 Page 325/647: 403 0 UUIDs | total unique: 0
VM113:34  GET https://fmrwatch.bafe.gov.ph/projects?view=table&page=326 403 (Forbidden)
(anonymous) @ VM113:34
await in (anonymous)
(anonymous) @ VM113:241
VM113:66 R1 Page 326/647: 403 0 UUIDs | total unique: 0
VM113:34  GET https://fmrwatch.bafe.gov.ph/projects?view=table&page=327 403 (Forbidden)
(anonymous) @ VM113:34
await in (anonymous)
(anonymous) @ VM113:241
VM113:66 R1 Page 327/647: 403 0 UUIDs | total unique: 0
VM113:34  GET https://fmrwatch.bafe.gov.ph/projects?view=table&page=328 403 (Forbidden)
(anonymous) @ VM113:34
await in (anonymous)
(anonymous) @ VM113:241
VM113:66 R1 Page 328/647: 403 0 UUIDs | total unique: 0
VM113:34  GET https://fmrwatch.bafe.gov.ph/projects?view=table&page=329 403 (Forbidden)
(anonymous) @ VM113:34
await in (anonymous)
(anonymous) @ VM113:241
VM113:66 R1 Page 329/647: 403 0 UUIDs | total unique: 0
VM113:34  GET https://fmrwatch.bafe.gov.ph/projects?view=table&page=330 403 (Forbidden)
(anonymous) @ VM113:34
await in (anonymous)
(anonymous) @ VM113:241
VM113:66 R1 Page 330/647: 403 0 UUIDs | total unique: 0
VM113:34  GET https://fmrwatch.bafe.gov.ph/projects?view=table&page=331 403 (Forbidden)
(anonymous) @ VM113:34
await in (anonymous)
(anonymous) @ VM113:241
VM113:66 R1 Page 331/647: 403 0 UUIDs | total unique: 0
VM113:34  GET https://fmrwatch.bafe.gov.ph/projects?view=table&page=332 403 (Forbidden)
(anonymous) @ VM113:34
await in (anonymous)
(anonymous) @ VM113:241
VM113:66 R1 Page 332/647: 403 0 UUIDs | total unique: 0
VM113:34  GET https://fmrwatch.bafe.gov.ph/projects?view=table&page=333 403 (Forbidden)
(anonymous) @ VM113:34
await in (anonymous)
(anonymous) @ VM113:241
VM113:66 R1 Page 333/647: 403 0 UUIDs | total unique: 0
VM113:34  GET https://fmrwatch.bafe.gov.ph/projects?view=table&page=334 403 (Forbidden)
(anonymous) @ VM113:34
await in (anonymous)
(anonymous) @ VM113:241
VM113:66 R1 Page 334/647: 403 0 UUIDs | total unique: 0
VM113:34  GET https://fmrwatch.bafe.gov.ph/projects?view=table&page=335 403 (Forbidden)
(anonymous) @ VM113:34
await in (anonymous)
(anonymous) @ VM113:241
VM113:66 R1 Page 335/647: 403 0 UUIDs | total unique: 0
VM113:34  GET https://fmrwatch.bafe.gov.ph/projects?view=table&page=336 403 (Forbidden)
(anonymous) @ VM113:34
await in (anonymous)
(anonymous) @ VM113:241
VM113:66 R1 Page 336/647: 403 0 UUIDs | total unique: 0
VM113:34  GET https://fmrwatch.bafe.gov.ph/projects?view=table&page=337 403 (Forbidden)
(anonymous) @ VM113:34
await in (anonymous)
(anonymous) @ VM113:241
VM113:66 R1 Page 337/647: 403 0 UUIDs | total unique: 0
VM113:34  GET https://fmrwatch.bafe.gov.ph/projects?view=table&page=338 403 (Forbidden)
(anonymous) @ VM113:34
await in (anonymous)
(anonymous) @ VM113:241
VM113:66 R1 Page 338/647: 403 0 UUIDs | total unique: 0
VM113:34  GET https://fmrwatch.bafe.gov.ph/projects?view=table&page=339 403 (Forbidden)
(anonymous) @ VM113:34
await in (anonymous)
(anonymous) @ VM113:241
VM113:66 R1 Page 339/647: 403 0 UUIDs | total unique: 0
VM113:34  GET https://fmrwatch.bafe.gov.ph/projects?view=table&page=340 403 (Forbidden)
(anonymous) @ VM113:34
await in (anonymous)
(anonymous) @ VM113:241
VM113:66 R1 Page 340/647: 403 0 UUIDs | total unique: 0
VM113:34  GET https://fmrwatch.bafe.gov.ph/projects?view=table&page=341 403 (Forbidden)
(anonymous) @ VM113:34
await in (anonymous)
(anonymous) @ VM113:241
VM113:66 R1 Page 341/647: 403 0 UUIDs | total unique: 0
VM113:34  GET https://fmrwatch.bafe.gov.ph/projects?view=table&page=342 403 (Forbidden)
(anonymous) @ VM113:34
await in (anonymous)
(anonymous) @ VM113:241
VM113:66 R1 Page 342/647: 403 0 UUIDs | total unique: 0
VM113:34  GET https://fmrwatch.bafe.gov.ph/projects?view=table&page=343 403 (Forbidden)
(anonymous) @ VM113:34
await in (anonymous)
(anonymous) @ VM113:241
VM113:66 R1 Page 343/647: 403 0 UUIDs | total unique: 0
VM113:34  GET https://fmrwatch.bafe.gov.ph/projects?view=table&page=344 403 (Forbidden)
(anonymous) @ VM113:34
await in (anonymous)
(anonymous) @ VM113:241
VM113:66 R1 Page 344/647: 403 0 UUIDs | total unique: 0
VM113:34  GET https://fmrwatch.bafe.gov.ph/projects?view=table&page=345 403 (Forbidden)
(anonymous) @ VM113:34
await in (anonymous)
(anonymous) @ VM113:241
VM113:66 R1 Page 345/647: 403 0 UUIDs | total unique: 0
VM113:34  GET https://fmrwatch.bafe.gov.ph/projects?view=table&page=346 403 (Forbidden)
(anonymous) @ VM113:34
await in (anonymous)
(anonymous) @ VM113:241
VM113:66 R1 Page 346/647: 403 0 UUIDs | total unique: 0
VM113:34  GET https://fmrwatch.bafe.gov.ph/projects?view=table&page=347 403 (Forbidden)
(anonymous) @ VM113:34
await in (anonymous)
(anonymous) @ VM113:241
VM113:66 R1 Page 347/647: 403 0 UUIDs | total unique: 0
VM113:34  GET https://fmrwatch.bafe.gov.ph/projects?view=table&page=348 403 (Forbidden)
(anonymous) @ VM113:34
await in (anonymous)
(anonymous) @ VM113:241
VM113:66 R1 Page 348/647: 403 0 UUIDs | total unique: 0
VM113:34  GET https://fmrwatch.bafe.gov.ph/projects?view=table&page=349 403 (Forbidden)
(anonymous) @ VM113:34
await in (anonymous)
(anonymous) @ VM113:241
VM113:66 R1 Page 349/647: 403 0 UUIDs | total unique: 0
VM113:34  GET https://fmrwatch.bafe.gov.ph/projects?view=table&page=350 403 (Forbidden)
(anonymous) @ VM113:34
await in (anonymous)
(anonymous) @ VM113:241
VM113:66 R1 Page 350/647: 403 0 UUIDs | total unique: 0
VM113:34  GET https://fmrwatch.bafe.gov.ph/projects?view=table&page=351 403 (Forbidden)
(anonymous) @ VM113:34
await in (anonymous)
(anonymous) @ VM113:241
VM113:66 R1 Page 351/647: 403 0 UUIDs | total unique: 0
VM113:34  GET https://fmrwatch.bafe.gov.ph/projects?view=table&page=352 403 (Forbidden)
(anonymous) @ VM113:34
await in (anonymous)
(anonymous) @ VM113:241
VM113:66 R1 Page 352/647: 403 0 UUIDs | total unique: 0
VM113:34  GET https://fmrwatch.bafe.gov.ph/projects?view=table&page=353 403 (Forbidden)
(anonymous) @ VM113:34
await in (anonymous)
(anonymous) @ VM113:241
VM113:66 R1 Page 353/647: 403 0 UUIDs | total unique: 0
VM113:34  GET https://fmrwatch.bafe.gov.ph/projects?view=table&page=354 403 (Forbidden)
(anonymous) @ VM113:34
await in (anonymous)
(anonymous) @ VM113:241
VM113:66 R1 Page 354/647: 403 0 UUIDs | total unique: 0
VM113:34  GET https://fmrwatch.bafe.gov.ph/projects?view=table&page=355 403 (Forbidden)
(anonymous) @ VM113:34
await in (anonymous)
(anonymous) @ VM113:241
VM113:66 R1 Page 355/647: 403 0 UUIDs | total unique: 0
VM113:34  GET https://fmrwatch.bafe.gov.ph/projects?view=table&page=356 403 (Forbidden)
(anonymous) @ VM113:34
await in (anonymous)
(anonymous) @ VM113:241
VM113:66 R1 Page 356/647: 403 0 UUIDs | total unique: 0
VM113:34  GET https://fmrwatch.bafe.gov.ph/projects?view=table&page=357 403 (Forbidden)
(anonymous) @ VM113:34
await in (anonymous)
(anonymous) @ VM113:241
VM113:66 R1 Page 357/647: 403 0 UUIDs | total unique: 0
VM113:34  GET https://fmrwatch.bafe.gov.ph/projects?view=table&page=358 403 (Forbidden)
(anonymous) @ VM113:34
await in (anonymous)
(anonymous) @ VM113:241
VM113:66 R1 Page 358/647: 403 0 UUIDs | total unique: 0
VM113:34  GET https://fmrwatch.bafe.gov.ph/projects?view=table&page=359 403 (Forbidden)
(anonymous) @ VM113:34
await in (anonymous)
(anonymous) @ VM113:241
VM113:66 R1 Page 359/647: 403 0 UUIDs | total unique: 0
VM113:34  GET https://fmrwatch.bafe.gov.ph/projects?view=table&page=360 403 (Forbidden)
(anonymous) @ VM113:34
await in (anonymous)
(anonymous) @ VM113:241
VM113:66 R1 Page 360/647: 403 0 UUIDs | total unique: 0
VM113:34  GET https://fmrwatch.bafe.gov.ph/projects?view=table&page=361 403 (Forbidden)
(anonymous) @ VM113:34
await in (anonymous)
(anonymous) @ VM113:241
VM113:66 R1 Page 361/647: 403 0 UUIDs | total unique: 0
VM113:34  GET https://fmrwatch.bafe.gov.ph/projects?view=table&page=362 403 (Forbidden)
(anonymous) @ VM113:34
await in (anonymous)
(anonymous) @ VM113:241
VM113:66 R1 Page 362/647: 403 0 UUIDs | total unique: 0
VM113:34  GET https://fmrwatch.bafe.gov.ph/projects?view=table&page=363 403 (Forbidden)
(anonymous) @ VM113:34
await in (anonymous)
(anonymous) @ VM113:241
VM113:66 R1 Page 363/647: 403 0 UUIDs | total unique: 0
VM113:34  GET https://fmrwatch.bafe.gov.ph/projects?view=table&page=364 403 (Forbidden)
(anonymous) @ VM113:34
await in (anonymous)
(anonymous) @ VM113:241
VM113:66 R1 Page 364/647: 403 0 UUIDs | total unique: 0
VM113:34  GET https://fmrwatch.bafe.gov.ph/projects?view=table&page=365 403 (Forbidden)
(anonymous) @ VM113:34
await in (anonymous)
(anonymous) @ VM113:241
VM113:66 R1 Page 365/647: 403 0 UUIDs | total unique: 0
VM113:34  GET https://fmrwatch.bafe.gov.ph/projects?view=table&page=366 403 (Forbidden)
(anonymous) @ VM113:34
await in (anonymous)
(anonymous) @ VM113:241
VM113:66 R1 Page 366/647: 403 0 UUIDs | total unique: 0
VM113:34  GET https://fmrwatch.bafe.gov.ph/projects?view=table&page=367 403 (Forbidden)
(anonymous) @ VM113:34
await in (anonymous)
(anonymous) @ VM113:241
VM113:66 R1 Page 367/647: 403 0 UUIDs | total unique: 0
VM113:34  GET https://fmrwatch.bafe.gov.ph/projects?view=table&page=368 403 (Forbidden)
(anonymous) @ VM113:34
await in (anonymous)
(anonymous) @ VM113:241
VM113:66 R1 Page 368/647: 403 0 UUIDs | total unique: 0
VM113:34  GET https://fmrwatch.bafe.gov.ph/projects?view=table&page=369 403 (Forbidden)
(anonymous) @ VM113:34
await in (anonymous)
(anonymous) @ VM113:241
VM113:66 R1 Page 369/647: 403 0 UUIDs | total unique: 0
VM113:34  GET https://fmrwatch.bafe.gov.ph/projects?view=table&page=370 403 (Forbidden)
(anonymous) @ VM113:34
await in (anonymous)
(anonymous) @ VM113:241
VM113:66 R1 Page 370/647: 403 0 UUIDs | total unique: 0
VM113:34  GET https://fmrwatch.bafe.gov.ph/projects?view=table&page=371 403 (Forbidden)
(anonymous) @ VM113:34
await in (anonymous)
(anonymous) @ VM113:241
VM113:66 R1 Page 371/647: 403 0 UUIDs | total unique: 0
VM113:34  GET https://fmrwatch.bafe.gov.ph/projects?view=table&page=372 403 (Forbidden)
(anonymous) @ VM113:34
await in (anonymous)
(anonymous) @ VM113:241
VM113:66 R1 Page 372/647: 403 0 UUIDs | total unique: 0
VM113:34  GET https://fmrwatch.bafe.gov.ph/projects?view=table&page=373 403 (Forbidden)
(anonymous) @ VM113:34
await in (anonymous)
(anonymous) @ VM113:241
VM113:66 R1 Page 373/647: 403 0 UUIDs | total unique: 0
VM113:34  GET https://fmrwatch.bafe.gov.ph/projects?view=table&page=374 403 (Forbidden)
(anonymous) @ VM113:34
await in (anonymous)
(anonymous) @ VM113:241
VM113:66 R1 Page 374/647: 403 0 UUIDs | total unique: 0
VM113:34  GET https://fmrwatch.bafe.gov.ph/projects?view=table&page=375 403 (Forbidden)
(anonymous) @ VM113:34
await in (anonymous)
(anonymous) @ VM113:241
VM113:66 R1 Page 375/647: 403 0 UUIDs | total unique: 0
VM113:34  GET https://fmrwatch.bafe.gov.ph/projects?view=table&page=376 403 (Forbidden)
(anonymous) @ VM113:34
await in (anonymous)
(anonymous) @ VM113:241
VM113:66 R1 Page 376/647: 403 0 UUIDs | total unique: 0
VM113:34  GET https://fmrwatch.bafe.gov.ph/projects?view=table&page=377 403 (Forbidden)
(anonymous) @ VM113:34
await in (anonymous)
(anonymous) @ VM113:241
VM113:66 R1 Page 377/647: 403 0 UUIDs | total unique: 0
VM113:34  GET https://fmrwatch.bafe.gov.ph/projects?view=table&page=378 403 (Forbidden)
(anonymous) @ VM113:34
await in (anonymous)
(anonymous) @ VM113:241
VM113:66 R1 Page 378/647: 403 0 UUIDs | total unique: 0
VM113:34  GET https://fmrwatch.bafe.gov.ph/projects?view=table&page=379 403 (Forbidden)
(anonymous) @ VM113:34
await in (anonymous)
(anonymous) @ VM113:241
VM113:66 R1 Page 379/647: 403 0 UUIDs | total unique: 0
VM113:34  GET https://fmrwatch.bafe.gov.ph/projects?view=table&page=380 403 (Forbidden)
(anonymous) @ VM113:34
await in (anonymous)
(anonymous) @ VM113:241
VM113:66 R1 Page 380/647: 403 0 UUIDs | total unique: 0
VM113:34  GET https://fmrwatch.bafe.gov.ph/projects?view=table&page=381 403 (Forbidden)
(anonymous) @ VM113:34
await in (anonymous)
(anonymous) @ VM113:241
VM113:66 R1 Page 381/647: 403 0 UUIDs | total unique: 0
VM113:34  GET https://fmrwatch.bafe.gov.ph/projects?view=table&page=382 403 (Forbidden)
(anonymous) @ VM113:34
await in (anonymous)
(anonymous) @ VM113:241
VM113:66 R1 Page 382/647: 403 0 UUIDs | total unique: 0
VM113:34  GET https://fmrwatch.bafe.gov.ph/projects?view=table&page=383 403 (Forbidden)
(anonymous) @ VM113:34
await in (anonymous)
(anonymous) @ VM113:241
VM113:66 R1 Page 383/647: 403 0 UUIDs | total unique: 0
VM113:34  GET https://fmrwatch.bafe.gov.ph/projects?view=table&page=384 403 (Forbidden)
(anonymous) @ VM113:34
await in (anonymous)
(anonymous) @ VM113:241
VM113:66 R1 Page 384/647: 403 0 UUIDs | total unique: 0
VM113:34  GET https://fmrwatch.bafe.gov.ph/projects?view=table&page=385 403 (Forbidden)
(anonymous) @ VM113:34
await in (anonymous)
(anonymous) @ VM113:241
VM113:66 R1 Page 385/647: 403 0 UUIDs | total unique: 0
VM113:34  GET https://fmrwatch.bafe.gov.ph/projects?view=table&page=386 403 (Forbidden)
(anonymous) @ VM113:34
await in (anonymous)
(anonymous) @ VM113:241
VM113:66 R1 Page 386/647: 403 0 UUIDs | total unique: 0
VM113:34  GET https://fmrwatch.bafe.gov.ph/projects?view=table&page=387 403 (Forbidden)
(anonymous) @ VM113:34
await in (anonymous)
(anonymous) @ VM113:241
VM113:66 R1 Page 387/647: 403 0 UUIDs | total unique: 0
VM113:34  GET https://fmrwatch.bafe.gov.ph/projects?view=table&page=388 403 (Forbidden)
(anonymous) @ VM113:34
await in (anonymous)
(anonymous) @ VM113:241
VM113:66 R1 Page 388/647: 403 0 UUIDs | total unique: 0
VM113:34  GET https://fmrwatch.bafe.gov.ph/projects?view=table&page=389 403 (Forbidden)
(anonymous) @ VM113:34
await in (anonymous)
(anonymous) @ VM113:241
VM113:66 R1 Page 389/647: 403 0 UUIDs | total unique: 0
VM113:34  GET https://fmrwatch.bafe.gov.ph/projects?view=table&page=390 403 (Forbidden)
(anonymous) @ VM113:34
await in (anonymous)
(anonymous) @ VM113:241
VM113:66 R1 Page 390/647: 403 0 UUIDs | total unique: 0
VM113:34  GET https://fmrwatch.bafe.gov.ph/projects?view=table&page=391 403 (Forbidden)
(anonymous) @ VM113:34
await in (anonymous)
(anonymous) @ VM113:241
VM113:66 R1 Page 391/647: 403 0 UUIDs | total unique: 0
VM113:34  GET https://fmrwatch.bafe.gov.ph/projects?view=table&page=392 403 (Forbidden)
(anonymous) @ VM113:34
await in (anonymous)
(anonymous) @ VM113:241
VM113:66 R1 Page 392/647: 403 0 UUIDs | total unique: 0
VM113:34  GET https://fmrwatch.bafe.gov.ph/projects?view=table&page=393 403 (Forbidden)
(anonymous) @ VM113:34
await in (anonymous)
(anonymous) @ VM113:241
VM113:66 R1 Page 393/647: 403 0 UUIDs | total unique: 0
VM113:34  GET https://fmrwatch.bafe.gov.ph/projects?view=table&page=394 403 (Forbidden)
(anonymous) @ VM113:34
await in (anonymous)
(anonymous) @ VM113:241
VM113:66 R1 Page 394/647: 403 0 UUIDs | total unique: 0
VM113:34  GET https://fmrwatch.bafe.gov.ph/projects?view=table&page=395 403 (Forbidden)
(anonymous) @ VM113:34
await in (anonymous)
(anonymous) @ VM113:241
VM113:66 R1 Page 395/647: 403 0 UUIDs | total unique: 0
VM113:34  GET https://fmrwatch.bafe.gov.ph/projects?view=table&page=396 403 (Forbidden)
(anonymous) @ VM113:34
await in (anonymous)
(anonymous) @ VM113:241
VM113:66 R1 Page 396/647: 403 0 UUIDs | total unique: 0
VM113:34  GET https://fmrwatch.bafe.gov.ph/projects?view=table&page=397 403 (Forbidden)
(anonymous) @ VM113:34
await in (anonymous)
(anonymous) @ VM113:241
VM113:66 R1 Page 397/647: 403 0 UUIDs | total unique: 0
VM113:34  GET https://fmrwatch.bafe.gov.ph/projects?view=table&page=398 403 (Forbidden)
(anonymous) @ VM113:34
await in (anonymous)
(anonymous) @ VM113:241
VM113:66 R1 Page 398/647: 403 0 UUIDs | total unique: 0
VM113:34  GET https://fmrwatch.bafe.gov.ph/projects?view=table&page=399 403 (Forbidden)
(anonymous) @ VM113:34
await in (anonymous)
(anonymous) @ VM113:241
VM113:66 R1 Page 399/647: 403 0 UUIDs | total unique: 0
VM113:34  GET https://fmrwatch.bafe.gov.ph/projects?view=table&page=400 403 (Forbidden)
(anonymous) @ VM113:34
await in (anonymous)
(anonymous) @ VM113:241
VM113:66 R1 Page 400/647: 403 0 UUIDs | total unique: 0
VM113:34  GET https://fmrwatch.bafe.gov.ph/projects?view=table&page=401 403 (Forbidden)
(anonymous) @ VM113:34
await in (anonymous)
(anonymous) @ VM113:241
VM113:66 R1 Page 401/647: 403 0 UUIDs | total unique: 0
VM113:34  GET https://fmrwatch.bafe.gov.ph/projects?view=table&page=402 403 (Forbidden)
(anonymous) @ VM113:34
await in (anonymous)
(anonymous) @ VM113:241
VM113:66 R1 Page 402/647: 403 0 UUIDs | total unique: 0
VM113:34  GET https://fmrwatch.bafe.gov.ph/projects?view=table&page=403 403 (Forbidden)
(anonymous) @ VM113:34
await in (anonymous)
(anonymous) @ VM113:241
VM113:66 R1 Page 403/647: 403 0 UUIDs | total unique: 0
VM113:34  GET https://fmrwatch.bafe.gov.ph/projects?view=table&page=404 403 (Forbidden)
(anonymous) @ VM113:34
await in (anonymous)
(anonymous) @ VM113:241
VM113:66 R1 Page 404/647: 403 0 UUIDs | total unique: 0
VM113:34  GET https://fmrwatch.bafe.gov.ph/projects?view=table&page=405 403 (Forbidden)
(anonymous) @ VM113:34
await in (anonymous)
(anonymous) @ VM113:241
VM113:66 R1 Page 405/647: 403 0 UUIDs | total unique: 0
VM113:34  GET https://fmrwatch.bafe.gov.ph/projects?view=table&page=406 403 (Forbidden)
(anonymous) @ VM113:34
await in (anonymous)
(anonymous) @ VM113:241
VM113:66 R1 Page 406/647: 403 0 UUIDs | total unique: 0
VM113:34  GET https://fmrwatch.bafe.gov.ph/projects?view=table&page=407 403 (Forbidden)
(anonymous) @ VM113:34
await in (anonymous)
(anonymous) @ VM113:241
VM113:66 R1 Page 407/647: 403 0 UUIDs | total unique: 0
VM113:34  GET https://fmrwatch.bafe.gov.ph/projects?view=table&page=408 403 (Forbidden)
(anonymous) @ VM113:34
await in (anonymous)
(anonymous) @ VM113:241
VM113:66 R1 Page 408/647: 403 0 UUIDs | total unique: 0
VM113:34  GET https://fmrwatch.bafe.gov.ph/projects?view=table&page=409 403 (Forbidden)
(anonymous) @ VM113:34
await in (anonymous)
(anonymous) @ VM113:241
VM113:66 R1 Page 409/647: 403 0 UUIDs | total unique: 0
VM113:34  GET https://fmrwatch.bafe.gov.ph/projects?view=table&page=410 403 (Forbidden)
(anonymous) @ VM113:34
await in (anonymous)
(anonymous) @ VM113:241
VM113:66 R1 Page 410/647: 403 0 UUIDs | total unique: 0
VM113:34  GET https://fmrwatch.bafe.gov.ph/projects?view=table&page=411 403 (Forbidden)
(anonymous) @ VM113:34
await in (anonymous)
(anonymous) @ VM113:241
VM113:66 R1 Page 411/647: 403 0 UUIDs | total unique: 0
VM113:34  GET https://fmrwatch.bafe.gov.ph/projects?view=table&page=412 403 (Forbidden)
(anonymous) @ VM113:34
await in (anonymous)
(anonymous) @ VM113:241
VM113:66 R1 Page 412/647: 403 0 UUIDs | total unique: 0
VM113:34  GET https://fmrwatch.bafe.gov.ph/projects?view=table&page=413 403 (Forbidden)
(anonymous) @ VM113:34
await in (anonymous)
(anonymous) @ VM113:241
VM113:66 R1 Page 413/647: 403 0 UUIDs | total unique: 0
VM113:34  GET https://fmrwatch.bafe.gov.ph/projects?view=table&page=414 403 (Forbidden)
(anonymous) @ VM113:34
await in (anonymous)
(anonymous) @ VM113:241
VM113:66 R1 Page 414/647: 403 0 UUIDs | total unique: 0
VM113:34  GET https://fmrwatch.bafe.gov.ph/projects?view=table&page=415 403 (Forbidden)
(anonymous) @ VM113:34
await in (anonymous)
(anonymous) @ VM113:241
VM113:66 R1 Page 415/647: 403 0 UUIDs | total unique: 0
VM113:34  GET https://fmrwatch.bafe.gov.ph/projects?view=table&page=416 403 (Forbidden)
(anonymous) @ VM113:34
await in (anonymous)
(anonymous) @ VM113:241
VM113:66 R1 Page 416/647: 403 0 UUIDs | total unique: 0
VM113:34  GET https://fmrwatch.bafe.gov.ph/projects?view=table&page=417 403 (Forbidden)
(anonymous) @ VM113:34
await in (anonymous)
(anonymous) @ VM113:241
VM113:66 R1 Page 417/647: 403 0 UUIDs | total unique: 0
VM113:34  GET https://fmrwatch.bafe.gov.ph/projects?view=table&page=418 403 (Forbidden)
(anonymous) @ VM113:34
await in (anonymous)
(anonymous) @ VM113:241
VM113:66 R1 Page 418/647: 403 0 UUIDs | total unique: 0
VM113:34  GET https://fmrwatch.bafe.gov.ph/projects?view=table&page=419 403 (Forbidden)
(anonymous) @ VM113:34
await in (anonymous)
(anonymous) @ VM113:241
VM113:66 R1 Page 419/647: 403 0 UUIDs | total unique: 0
VM113:34  GET https://fmrwatch.bafe.gov.ph/projects?view=table&page=420 403 (Forbidden)
(anonymous) @ VM113:34
await in (anonymous)
(anonymous) @ VM113:241
VM113:66 R1 Page 420/647: 403 0 UUIDs | total unique: 0
VM113:34  GET https://fmrwatch.bafe.gov.ph/projects?view=table&page=421 403 (Forbidden)
(anonymous) @ VM113:34
await in (anonymous)
(anonymous) @ VM113:241
VM113:66 R1 Page 421/647: 403 0 UUIDs | total unique: 0
VM113:34  GET https://fmrwatch.bafe.gov.ph/projects?view=table&page=422 403 (Forbidden)
(anonymous) @ VM113:34
await in (anonymous)
(anonymous) @ VM113:241
VM113:66 R1 Page 422/647: 403 0 UUIDs | total unique: 0
VM113:34  GET https://fmrwatch.bafe.gov.ph/projects?view=table&page=423 403 (Forbidden)
(anonymous) @ VM113:34
await in (anonymous)
(anonymous) @ VM113:241
VM113:66 R1 Page 423/647: 403 0 UUIDs | total unique: 0
VM113:34  GET https://fmrwatch.bafe.gov.ph/projects?view=table&page=424 403 (Forbidden)
(anonymous) @ VM113:34
await in (anonymous)
(anonymous) @ VM113:241
VM113:66 R1 Page 424/647: 403 0 UUIDs | total unique: 0
VM113:34  GET https://fmrwatch.bafe.gov.ph/projects?view=table&page=425 403 (Forbidden)
(anonymous) @ VM113:34
await in (anonymous)
(anonymous) @ VM113:241
VM113:66 R1 Page 425/647: 403 0 UUIDs | total unique: 0
VM113:34  GET https://fmrwatch.bafe.gov.ph/projects?view=table&page=426 403 (Forbidden)
(anonymous) @ VM113:34
await in (anonymous)
(anonymous) @ VM113:241
VM113:66 R1 Page 426/647: 403 0 UUIDs | total unique: 0
VM113:34  GET https://fmrwatch.bafe.gov.ph/projects?view=table&page=427 403 (Forbidden)
(anonymous) @ VM113:34
await in (anonymous)
(anonymous) @ VM113:241
VM113:66 R1 Page 427/647: 403 0 UUIDs | total unique: 0
VM113:34  GET https://fmrwatch.bafe.gov.ph/projects?view=table&page=428 403 (Forbidden)
(anonymous) @ VM113:34
await in (anonymous)
(anonymous) @ VM113:241
VM113:66 R1 Page 428/647: 403 0 UUIDs | total unique: 0
VM113:34  GET https://fmrwatch.bafe.gov.ph/projects?view=table&page=429 403 (Forbidden)
(anonymous) @ VM113:34
await in (anonymous)
(anonymous) @ VM113:241
VM113:66 R1 Page 429/647: 403 0 UUIDs | total unique: 0
VM113:34  GET https://fmrwatch.bafe.gov.ph/projects?view=table&page=430 403 (Forbidden)
(anonymous) @ VM113:34
await in (anonymous)
(anonymous) @ VM113:241
VM113:66 R1 Page 430/647: 403 0 UUIDs | total unique: 0
VM113:34  GET https://fmrwatch.bafe.gov.ph/projects?view=table&page=431 403 (Forbidden)
(anonymous) @ VM113:34
await in (anonymous)
(anonymous) @ VM113:241
VM113:66 R1 Page 431/647: 403 0 UUIDs | total unique: 0
VM113:34  GET https://fmrwatch.bafe.gov.ph/projects?view=table&page=432 403 (Forbidden)
(anonymous) @ VM113:34
await in (anonymous)
(anonymous) @ VM113:241
VM113:66 R1 Page 432/647: 403 0 UUIDs | total unique: 0
VM113:34  GET https://fmrwatch.bafe.gov.ph/projects?view=table&page=433 403 (Forbidden)
(anonymous) @ VM113:34
await in (anonymous)
(anonymous) @ VM113:241
VM113:66 R1 Page 433/647: 403 0 UUIDs | total unique: 0
VM113:34  GET https://fmrwatch.bafe.gov.ph/projects?view=table&page=434 403 (Forbidden)
(anonymous) @ VM113:34
await in (anonymous)
(anonymous) @ VM113:241
VM113:66 R1 Page 434/647: 403 0 UUIDs | total unique: 0
VM113:34  GET https://fmrwatch.bafe.gov.ph/projects?view=table&page=435 403 (Forbidden)
(anonymous) @ VM113:34
await in (anonymous)
(anonymous) @ VM113:241
VM113:66 R1 Page 435/647: 403 0 UUIDs | total unique: 0
VM113:34  GET https://fmrwatch.bafe.gov.ph/projects?view=table&page=436 403 (Forbidden)
(anonymous) @ VM113:34
await in (anonymous)
(anonymous) @ VM113:241
VM113:66 R1 Page 436/647: 403 0 UUIDs | total unique: 0
VM113:34  GET https://fmrwatch.bafe.gov.ph/projects?view=table&page=437 403 (Forbidden)
(anonymous) @ VM113:34
await in (anonymous)
(anonymous) @ VM113:241
VM113:66 R1 Page 437/647: 403 0 UUIDs | total unique: 0
VM113:34  GET https://fmrwatch.bafe.gov.ph/projects?view=table&page=438 403 (Forbidden)
(anonymous) @ VM113:34
await in (anonymous)
(anonymous) @ VM113:241
VM113:66 R1 Page 438/647: 403 0 UUIDs | total unique: 0
VM113:34  GET https://fmrwatch.bafe.gov.ph/projects?view=table&page=439 403 (Forbidden)
(anonymous) @ VM113:34
await in (anonymous)
(anonymous) @ VM113:241
VM113:66 R1 Page 439/647: 403 0 UUIDs | total unique: 0
VM113:34  GET https://fmrwatch.bafe.gov.ph/projects?view=table&page=440 403 (Forbidden)
(anonymous) @ VM113:34
await in (anonymous)
(anonymous) @ VM113:241
VM113:66 R1 Page 440/647: 403 0 UUIDs | total unique: 0
VM113:34  GET https://fmrwatch.bafe.gov.ph/projects?view=table&page=441 403 (Forbidden)
(anonymous) @ VM113:34
await in (anonymous)
(anonymous) @ VM113:241
VM113:66 R1 Page 441/647: 403 0 UUIDs | total unique: 0
VM113:34  GET https://fmrwatch.bafe.gov.ph/projects?view=table&page=442 403 (Forbidden)
(anonymous) @ VM113:34
await in (anonymous)
(anonymous) @ VM113:241
VM113:66 R1 Page 442/647: 403 0 UUIDs | total unique: 0
VM113:34  GET https://fmrwatch.bafe.gov.ph/projects?view=table&page=443 403 (Forbidden)
(anonymous) @ VM113:34
await in (anonymous)
(anonymous) @ VM113:241
VM113:66 R1 Page 443/647: 403 0 UUIDs | total unique: 0
VM113:34  GET https://fmrwatch.bafe.gov.ph/projects?view=table&page=444 403 (Forbidden)
(anonymous) @ VM113:34
await in (anonymous)
(anonymous) @ VM113:241
VM113:66 R1 Page 444/647: 403 0 UUIDs | total unique: 0
VM113:34  GET https://fmrwatch.bafe.gov.ph/projects?view=table&page=445 403 (Forbidden)
(anonymous) @ VM113:34
await in (anonymous)
(anonymous) @ VM113:241
VM113:66 R1 Page 445/647: 403 0 UUIDs | total unique: 0
VM113:34  GET https://fmrwatch.bafe.gov.ph/projects?view=table&page=446 403 (Forbidden)
(anonymous) @ VM113:34
await in (anonymous)
(anonymous) @ VM113:241
VM113:66 R1 Page 446/647: 403 0 UUIDs | total unique: 0
VM113:34  GET https://fmrwatch.bafe.gov.ph/projects?view=table&page=447 403 (Forbidden)
(anonymous) @ VM113:34
await in (anonymous)
(anonymous) @ VM113:241
VM113:66 R1 Page 447/647: 403 0 UUIDs | total unique: 0
VM113:34  GET https://fmrwatch.bafe.gov.ph/projects?view=table&page=448 403 (Forbidden)
(anonymous) @ VM113:34
await in (anonymous)
(anonymous) @ VM113:241
VM113:66 R1 Page 448/647: 403 0 UUIDs | total unique: 0
VM113:34  GET https://fmrwatch.bafe.gov.ph/projects?view=table&page=449 403 (Forbidden)
(anonymous) @ VM113:34
await in (anonymous)
(anonymous) @ VM113:241
VM113:66 R1 Page 449/647: 403 0 UUIDs | total unique: 0
VM113:34  GET https://fmrwatch.bafe.gov.ph/projects?view=table&page=450 403 (Forbidden)
(anonymous) @ VM113:34
await in (anonymous)
(anonymous) @ VM113:241
VM113:66 R1 Page 450/647: 403 0 UUIDs | total unique: 0
VM113:34  GET https://fmrwatch.bafe.gov.ph/projects?view=table&page=451 403 (Forbidden)
(anonymous) @ VM113:34
await in (anonymous)
(anonymous) @ VM113:241
VM113:66 R1 Page 451/647: 403 0 UUIDs | total unique: 0
VM113:34  GET https://fmrwatch.bafe.gov.ph/projects?view=table&page=452 403 (Forbidden)
(anonymous) @ VM113:34
await in (anonymous)
(anonymous) @ VM113:241
VM113:66 R1 Page 452/647: 403 0 UUIDs | total unique: 0
VM113:34  GET https://fmrwatch.bafe.gov.ph/projects?view=table&page=453 403 (Forbidden)
(anonymous) @ VM113:34
await in (anonymous)
(anonymous) @ VM113:241
VM113:66 R1 Page 453/647: 403 0 UUIDs | total unique: 0
VM113:34  GET https://fmrwatch.bafe.gov.ph/projects?view=table&page=454 403 (Forbidden)
(anonymous) @ VM113:34
await in (anonymous)
(anonymous) @ VM113:241
VM113:66 R1 Page 454/647: 403 0 UUIDs | total unique: 0
VM113:34  GET https://fmrwatch.bafe.gov.ph/projects?view=table&page=455 403 (Forbidden)
(anonymous) @ VM113:34
await in (anonymous)
(anonymous) @ VM113:241
VM113:66 R1 Page 455/647: 403 0 UUIDs | total unique: 0
VM113:34  GET https://fmrwatch.bafe.gov.ph/projects?view=table&page=456 403 (Forbidden)
(anonymous) @ VM113:34
await in (anonymous)
(anonymous) @ VM113:241
VM113:66 R1 Page 456/647: 403 0 UUIDs | total unique: 0
VM113:34  GET https://fmrwatch.bafe.gov.ph/projects?view=table&page=457 403 (Forbidden)
(anonymous) @ VM113:34
await in (anonymous)
(anonymous) @ VM113:241
VM113:66 R1 Page 457/647: 403 0 UUIDs | total unique: 0
VM113:34  GET https://fmrwatch.bafe.gov.ph/projects?view=table&page=458 403 (Forbidden)
(anonymous) @ VM113:34
await in (anonymous)
(anonymous) @ VM113:241
VM113:66 R1 Page 458/647: 403 0 UUIDs | total unique: 0
VM113:34  GET https://fmrwatch.bafe.gov.ph/projects?view=table&page=459 403 (Forbidden)
(anonymous) @ VM113:34
await in (anonymous)
(anonymous) @ VM113:241
VM113:66 R1 Page 459/647: 403 0 UUIDs | total unique: 0
VM113:34  GET https://fmrwatch.bafe.gov.ph/projects?view=table&page=460 403 (Forbidden)
(anonymous) @ VM113:34
await in (anonymous)
(anonymous) @ VM113:241
VM113:66 R1 Page 460/647: 403 0 UUIDs | total unique: 0
VM113:34  GET https://fmrwatch.bafe.gov.ph/projects?view=table&page=461 403 (Forbidden)
(anonymous) @ VM113:34
await in (anonymous)
(anonymous) @ VM113:241
VM113:66 R1 Page 461/647: 403 0 UUIDs | total unique: 0
VM113:34  GET https://fmrwatch.bafe.gov.ph/projects?view=table&page=462 403 (Forbidden)
(anonymous) @ VM113:34
await in (anonymous)
(anonymous) @ VM113:241
VM113:66 R1 Page 462/647: 403 0 UUIDs | total unique: 0
VM113:34  GET https://fmrwatch.bafe.gov.ph/projects?view=table&page=463 403 (Forbidden)
(anonymous) @ VM113:34
await in (anonymous)
(anonymous) @ VM113:241
VM113:66 R1 Page 463/647: 403 0 UUIDs | total unique: 0
VM113:34  GET https://fmrwatch.bafe.gov.ph/projects?view=table&page=464 403 (Forbidden)
(anonymous) @ VM113:34
await in (anonymous)
(anonymous) @ VM113:241
VM113:66 R1 Page 464/647: 403 0 UUIDs | total unique: 0
VM113:34  GET https://fmrwatch.bafe.gov.ph/projects?view=table&page=465 403 (Forbidden)
(anonymous) @ VM113:34
await in (anonymous)
(anonymous) @ VM113:241
VM113:66 R1 Page 465/647: 403 0 UUIDs | total unique: 0
VM113:34  GET https://fmrwatch.bafe.gov.ph/projects?view=table&page=466 403 (Forbidden)
(anonymous) @ VM113:34
await in (anonymous)
(anonymous) @ VM113:241
VM113:66 R1 Page 466/647: 403 0 UUIDs | total unique: 0
VM113:34  GET https://fmrwatch.bafe.gov.ph/projects?view=table&page=467 403 (Forbidden)
(anonymous) @ VM113:34
await in (anonymous)
(anonymous) @ VM113:241
VM113:66 R1 Page 467/647: 403 0 UUIDs | total unique: 0
VM113:34  GET https://fmrwatch.bafe.gov.ph/projects?view=table&page=468 403 (Forbidden)
(anonymous) @ VM113:34
await in (anonymous)
(anonymous) @ VM113:241
VM113:66 R1 Page 468/647: 403 0 UUIDs | total unique: 0
VM113:34  GET https://fmrwatch.bafe.gov.ph/projects?view=table&page=469 403 (Forbidden)
(anonymous) @ VM113:34
await in (anonymous)
(anonymous) @ VM113:241
VM113:66 R1 Page 469/647: 403 0 UUIDs | total unique: 0
VM113:34  GET https://fmrwatch.bafe.gov.ph/projects?view=table&page=470 403 (Forbidden)
(anonymous) @ VM113:34
await in (anonymous)
(anonymous) @ VM113:241
VM113:66 R1 Page 470/647: 403 0 UUIDs | total unique: 0
VM113:34  GET https://fmrwatch.bafe.gov.ph/projects?view=table&page=471 403 (Forbidden)
(anonymous) @ VM113:34
await in (anonymous)
(anonymous) @ VM113:241
VM113:66 R1 Page 471/647: 403 0 UUIDs | total unique: 0
VM113:34  GET https://fmrwatch.bafe.gov.ph/projects?view=table&page=472 403 (Forbidden)
(anonymous) @ VM113:34
await in (anonymous)
(anonymous) @ VM113:241
VM113:66 R1 Page 472/647: 403 0 UUIDs | total unique: 0
VM113:34  GET https://fmrwatch.bafe.gov.ph/projects?view=table&page=473 403 (Forbidden)
(anonymous) @ VM113:34
await in (anonymous)
(anonymous) @ VM113:241
VM113:66 R1 Page 473/647: 403 0 UUIDs | total unique: 0
VM113:34  GET https://fmrwatch.bafe.gov.ph/projects?view=table&page=474 403 (Forbidden)
(anonymous) @ VM113:34
await in (anonymous)
(anonymous) @ VM113:241
VM113:66 R1 Page 474/647: 403 0 UUIDs | total unique: 0
VM113:34  GET https://fmrwatch.bafe.gov.ph/projects?view=table&page=475 403 (Forbidden)
(anonymous) @ VM113:34
await in (anonymous)
(anonymous) @ VM113:241
VM113:66 R1 Page 475/647: 403 0 UUIDs | total unique: 0
VM113:34  GET https://fmrwatch.bafe.gov.ph/projects?view=table&page=476 403 (Forbidden)
(anonymous) @ VM113:34
await in (anonymous)
(anonymous) @ VM113:241
VM113:66 R1 Page 476/647: 403 0 UUIDs | total unique: 0
VM113:34  GET https://fmrwatch.bafe.gov.ph/projects?view=table&page=477 403 (Forbidden)
(anonymous) @ VM113:34
await in (anonymous)
(anonymous) @ VM113:241
VM113:66 R1 Page 477/647: 403 0 UUIDs | total unique: 0
VM113:34  GET https://fmrwatch.bafe.gov.ph/projects?view=table&page=478 403 (Forbidden)
(anonymous) @ VM113:34
await in (anonymous)
(anonymous) @ VM113:241
VM113:66 R1 Page 478/647: 403 0 UUIDs | total unique: 0
VM113:34  GET https://fmrwatch.bafe.gov.ph/projects?view=table&page=479 403 (Forbidden)
(anonymous) @ VM113:34
await in (anonymous)
(anonymous) @ VM113:241
VM113:66 R1 Page 479/647: 403 0 UUIDs | total unique: 0
VM113:34  GET https://fmrwatch.bafe.gov.ph/projects?view=table&page=480 403 (Forbidden)
(anonymous) @ VM113:34
await in (anonymous)
(anonymous) @ VM113:241
VM113:66 R1 Page 480/647: 403 0 UUIDs | total unique: 0
VM113:34  GET https://fmrwatch.bafe.gov.ph/projects?view=table&page=481 403 (Forbidden)
(anonymous) @ VM113:34
await in (anonymous)
(anonymous) @ VM113:241
VM113:66 R1 Page 481/647: 403 0 UUIDs | total unique: 0
VM113:34  GET https://fmrwatch.bafe.gov.ph/projects?view=table&page=482 403 (Forbidden)
(anonymous) @ VM113:34
await in (anonymous)
(anonymous) @ VM113:241
VM113:66 R1 Page 482/647: 403 0 UUIDs | total unique: 0
VM113:34  GET https://fmrwatch.bafe.gov.ph/projects?view=table&page=483 403 (Forbidden)
(anonymous) @ VM113:34
await in (anonymous)
(anonymous) @ VM113:241
VM113:66 R1 Page 483/647: 403 0 UUIDs | total unique: 0
VM113:34  GET https://fmrwatch.bafe.gov.ph/projects?view=table&page=484 403 (Forbidden)
(anonymous) @ VM113:34
await in (anonymous)
(anonymous) @ VM113:241
VM113:66 R1 Page 484/647: 403 0 UUIDs | total unique: 0
VM113:34  GET https://fmrwatch.bafe.gov.ph/projects?view=table&page=485 403 (Forbidden)
(anonymous) @ VM113:34
await in (anonymous)
(anonymous) @ VM113:241
VM113:66 R1 Page 485/647: 403 0 UUIDs | total unique: 0
VM113:34  GET https://fmrwatch.bafe.gov.ph/projects?view=table&page=486 403 (Forbidden)
(anonymous) @ VM113:34
await in (anonymous)
(anonymous) @ VM113:241
VM113:66 R1 Page 486/647: 403 0 UUIDs | total unique: 0
VM113:34  GET https://fmrwatch.bafe.gov.ph/projects?view=table&page=487 403 (Forbidden)
(anonymous) @ VM113:34
await in (anonymous)
(anonymous) @ VM113:241
VM113:66 R1 Page 487/647: 403 0 UUIDs | total unique: 0
VM113:34  GET https://fmrwatch.bafe.gov.ph/projects?view=table&page=488 403 (Forbidden)
(anonymous) @ VM113:34
await in (anonymous)
(anonymous) @ VM113:241
VM113:66 R1 Page 488/647: 403 0 UUIDs | total unique: 0
VM113:34  GET https://fmrwatch.bafe.gov.ph/projects?view=table&page=489 403 (Forbidden)
(anonymous) @ VM113:34
await in (anonymous)
(anonymous) @ VM113:241
VM113:66 R1 Page 489/647: 403 0 UUIDs | total unique: 0
VM113:34  GET https://fmrwatch.bafe.gov.ph/projects?view=table&page=490 403 (Forbidden)
(anonymous) @ VM113:34
await in (anonymous)
(anonymous) @ VM113:241
VM113:66 R1 Page 490/647: 403 0 UUIDs | total unique: 0
VM113:34  GET https://fmrwatch.bafe.gov.ph/projects?view=table&page=491 403 (Forbidden)
(anonymous) @ VM113:34
await in (anonymous)
(anonymous) @ VM113:241
VM113:66 R1 Page 491/647: 403 0 UUIDs | total unique: 0
VM113:34  GET https://fmrwatch.bafe.gov.ph/projects?view=table&page=492 403 (Forbidden)
(anonymous) @ VM113:34
await in (anonymous)
(anonymous) @ VM113:241
VM113:66 R1 Page 492/647: 403 0 UUIDs | total unique: 0
VM113:34  GET https://fmrwatch.bafe.gov.ph/projects?view=table&page=493 403 (Forbidden)
(anonymous) @ VM113:34
await in (anonymous)
(anonymous) @ VM113:241
VM113:66 R1 Page 493/647: 403 0 UUIDs | total unique: 0
VM113:34  GET https://fmrwatch.bafe.gov.ph/projects?view=table&page=494 403 (Forbidden)
(anonymous) @ VM113:34
await in (anonymous)
(anonymous) @ VM113:241
VM113:66 R1 Page 494/647: 403 0 UUIDs | total unique: 0
VM113:34  GET https://fmrwatch.bafe.gov.ph/projects?view=table&page=495 403 (Forbidden)
(anonymous) @ VM113:34
await in (anonymous)
(anonymous) @ VM113:241
VM113:66 R1 Page 495/647: 403 0 UUIDs | total unique: 0
VM113:34  GET https://fmrwatch.bafe.gov.ph/projects?view=table&page=496 403 (Forbidden)
(anonymous) @ VM113:34
await in (anonymous)
(anonymous) @ VM113:241
VM113:66 R1 Page 496/647: 403 0 UUIDs | total unique: 0
VM113:34  GET https://fmrwatch.bafe.gov.ph/projects?view=table&page=497 403 (Forbidden)
(anonymous) @ VM113:34
await in (anonymous)
(anonymous) @ VM113:241
VM113:66 R1 Page 497/647: 403 0 UUIDs | total unique: 0
VM113:34  GET https://fmrwatch.bafe.gov.ph/projects?view=table&page=498 403 (Forbidden)
(anonymous) @ VM113:34
await in (anonymous)
(anonymous) @ VM113:241
VM113:66 R1 Page 498/647: 403 0 UUIDs | total unique: 0
VM113:34  GET https://fmrwatch.bafe.gov.ph/projects?view=table&page=499 403 (Forbidden)
(anonymous) @ VM113:34
await in (anonymous)
(anonymous) @ VM113:241
VM113:66 R1 Page 499/647: 403 0 UUIDs | total unique: 0
VM113:34  GET https://fmrwatch.bafe.gov.ph/projects?view=table&page=500 403 (Forbidden)
(anonymous) @ VM113:34
await in (anonymous)
(anonymous) @ VM113:241
VM113:66 R1 Page 500/647: 403 0 UUIDs | total unique: 0
VM113:34  GET https://fmrwatch.bafe.gov.ph/projects?view=table&page=501 403 (Forbidden)
(anonymous) @ VM113:34
await in (anonymous)
(anonymous) @ VM113:241
VM113:66 R1 Page 501/647: 403 0 UUIDs | total unique: 0
VM113:34  GET https://fmrwatch.bafe.gov.ph/projects?view=table&page=502 403 (Forbidden)
(anonymous) @ VM113:34
await in (anonymous)
(anonymous) @ VM113:241
VM113:66 R1 Page 502/647: 403 0 UUIDs | total unique: 0
VM113:34  GET https://fmrwatch.bafe.gov.ph/projects?view=table&page=503 403 (Forbidden)
(anonymous) @ VM113:34
await in (anonymous)
(anonymous) @ VM113:241
VM113:66 R1 Page 503/647: 403 0 UUIDs | total unique: 0
VM113:34  GET https://fmrwatch.bafe.gov.ph/projects?view=table&page=504 403 (Forbidden)
(anonymous) @ VM113:34
await in (anonymous)
(anonymous) @ VM113:241
VM113:66 R1 Page 504/647: 403 0 UUIDs | total unique: 0
VM113:34  GET https://fmrwatch.bafe.gov.ph/projects?view=table&page=505 403 (Forbidden)
(anonymous) @ VM113:34
await in (anonymous)
(anonymous) @ VM113:241
VM113:66 R1 Page 505/647: 403 0 UUIDs | total unique: 0
VM113:34  GET https://fmrwatch.bafe.gov.ph/projects?view=table&page=506 403 (Forbidden)
(anonymous) @ VM113:34
await in (anonymous)
(anonymous) @ VM113:241
VM113:66 R1 Page 506/647: 403 0 UUIDs | total unique: 0
VM113:34  GET https://fmrwatch.bafe.gov.ph/projects?view=table&page=507 403 (Forbidden)
(anonymous) @ VM113:34
await in (anonymous)
(anonymous) @ VM113:241
VM113:66 R1 Page 507/647: 403 0 UUIDs | total unique: 0
VM113:34  GET https://fmrwatch.bafe.gov.ph/projects?view=table&page=508 403 (Forbidden)
(anonymous) @ VM113:34
await in (anonymous)
(anonymous) @ VM113:241
VM113:66 R1 Page 508/647: 403 0 UUIDs | total unique: 0
VM113:34  GET https://fmrwatch.bafe.gov.ph/projects?view=table&page=509 403 (Forbidden)
(anonymous) @ VM113:34
await in (anonymous)
(anonymous) @ VM113:241
VM113:66 R1 Page 509/647: 403 0 UUIDs | total unique: 0
VM113:34  GET https://fmrwatch.bafe.gov.ph/projects?view=table&page=510 403 (Forbidden)
(anonymous) @ VM113:34
await in (anonymous)
(anonymous) @ VM113:241
VM113:66 R1 Page 510/647: 403 0 UUIDs | total unique: 0
VM113:34  GET https://fmrwatch.bafe.gov.ph/projects?view=table&page=511 403 (Forbidden)
(anonymous) @ VM113:34
await in (anonymous)
(anonymous) @ VM113:241
VM113:66 R1 Page 511/647: 403 0 UUIDs | total unique: 0
VM113:34  GET https://fmrwatch.bafe.gov.ph/projects?view=table&page=512 403 (Forbidden)
(anonymous) @ VM113:34
await in (anonymous)
(anonymous) @ VM113:241
VM113:66 R1 Page 512/647: 403 0 UUIDs | total unique: 0
VM113:34  GET https://fmrwatch.bafe.gov.ph/projects?view=table&page=513 403 (Forbidden)
(anonymous) @ VM113:34
await in (anonymous)
(anonymous) @ VM113:241
VM113:66 R1 Page 513/647: 403 0 UUIDs | total unique: 0
VM113:34  GET https://fmrwatch.bafe.gov.ph/projects?view=table&page=514 403 (Forbidden)
(anonymous) @ VM113:34
await in (anonymous)
(anonymous) @ VM113:241
VM113:66 R1 Page 514/647: 403 0 UUIDs | total unique: 0
VM113:34  GET https://fmrwatch.bafe.gov.ph/projects?view=table&page=515 403 (Forbidden)
(anonymous) @ VM113:34
await in (anonymous)
(anonymous) @ VM113:241
VM113:66 R1 Page 515/647: 403 0 UUIDs | total unique: 0
VM113:34  GET https://fmrwatch.bafe.gov.ph/projects?view=table&page=516 403 (Forbidden)
(anonymous) @ VM113:34
await in (anonymous)
(anonymous) @ VM113:241
VM113:66 R1 Page 516/647: 403 0 UUIDs | total unique: 0
VM113:34  GET https://fmrwatch.bafe.gov.ph/projects?view=table&page=517 403 (Forbidden)
(anonymous) @ VM113:34
await in (anonymous)
(anonymous) @ VM113:241
VM113:66 R1 Page 517/647: 403 0 UUIDs | total unique: 0
VM113:34  GET https://fmrwatch.bafe.gov.ph/projects?view=table&page=518 403 (Forbidden)
(anonymous) @ VM113:34
await in (anonymous)
(anonymous) @ VM113:241
VM113:66 R1 Page 518/647: 403 0 UUIDs | total unique: 0
VM113:34  GET https://fmrwatch.bafe.gov.ph/projects?view=table&page=519 403 (Forbidden)
(anonymous) @ VM113:34
await in (anonymous)
(anonymous) @ VM113:241
VM113:66 R1 Page 519/647: 403 0 UUIDs | total unique: 0
VM113:34  GET https://fmrwatch.bafe.gov.ph/projects?view=table&page=520 403 (Forbidden)
(anonymous) @ VM113:34
await in (anonymous)
(anonymous) @ VM113:241
VM113:66 R1 Page 520/647: 403 0 UUIDs | total unique: 0
VM113:34  GET https://fmrwatch.bafe.gov.ph/projects?view=table&page=521 403 (Forbidden)
(anonymous) @ VM113:34
await in (anonymous)
(anonymous) @ VM113:241
VM113:66 R1 Page 521/647: 403 0 UUIDs | total unique: 0
VM113:34  GET https://fmrwatch.bafe.gov.ph/projects?view=table&page=522 403 (Forbidden)
(anonymous) @ VM113:34
await in (anonymous)
(anonymous) @ VM113:241
VM113:66 R1 Page 522/647: 403 0 UUIDs | total unique: 0
VM113:34  GET https://fmrwatch.bafe.gov.ph/projects?view=table&page=523 403 (Forbidden)
(anonymous) @ VM113:34
await in (anonymous)
(anonymous) @ VM113:241
VM113:66 R1 Page 523/647: 403 0 UUIDs | total unique: 0
VM113:34  GET https://fmrwatch.bafe.gov.ph/projects?view=table&page=524 403 (Forbidden)
(anonymous) @ VM113:34
await in (anonymous)
(anonymous) @ VM113:241
VM113:66 R1 Page 524/647: 403 0 UUIDs | total unique: 0
VM113:34  GET https://fmrwatch.bafe.gov.ph/projects?view=table&page=525 403 (Forbidden)
(anonymous) @ VM113:34
await in (anonymous)
(anonymous) @ VM113:241
VM113:66 R1 Page 525/647: 403 0 UUIDs | total unique: 0
VM113:34  GET https://fmrwatch.bafe.gov.ph/projects?view=table&page=526 403 (Forbidden)
(anonymous) @ VM113:34
await in (anonymous)
(anonymous) @ VM113:241
VM113:66 R1 Page 526/647: 403 0 UUIDs | total unique: 0
VM113:34  GET https://fmrwatch.bafe.gov.ph/projects?view=table&page=527 403 (Forbidden)
(anonymous) @ VM113:34
await in (anonymous)
(anonymous) @ VM113:241
VM113:66 R1 Page 527/647: 403 0 UUIDs | total unique: 0
VM113:34  GET https://fmrwatch.bafe.gov.ph/projects?view=table&page=528 403 (Forbidden)
(anonymous) @ VM113:34
await in (anonymous)
(anonymous) @ VM113:241
VM113:66 R1 Page 528/647: 403 0 UUIDs | total unique: 0
VM113:34  GET https://fmrwatch.bafe.gov.ph/projects?view=table&page=529 403 (Forbidden)
(anonymous) @ VM113:34
await in (anonymous)
(anonymous) @ VM113:241
VM113:66 R1 Page 529/647: 403 0 UUIDs | total unique: 0
VM113:34  GET https://fmrwatch.bafe.gov.ph/projects?view=table&page=530 403 (Forbidden)
(anonymous) @ VM113:34
await in (anonymous)
(anonymous) @ VM113:241
VM113:66 R1 Page 530/647: 403 0 UUIDs | total unique: 0
VM113:34  GET https://fmrwatch.bafe.gov.ph/projects?view=table&page=531 403 (Forbidden)
(anonymous) @ VM113:34
await in (anonymous)
(anonymous) @ VM113:241
VM113:66 R1 Page 531/647: 403 0 UUIDs | total unique: 0
VM113:34  GET https://fmrwatch.bafe.gov.ph/projects?view=table&page=532 403 (Forbidden)
(anonymous) @ VM113:34
await in (anonymous)
(anonymous) @ VM113:241
VM113:66 R1 Page 532/647: 403 0 UUIDs | total unique: 0
VM113:34  GET https://fmrwatch.bafe.gov.ph/projects?view=table&page=533 403 (Forbidden)
(anonymous) @ VM113:34
await in (anonymous)
(anonymous) @ VM113:241
VM113:66 R1 Page 533/647: 403 0 UUIDs | total unique: 0
VM113:34  GET https://fmrwatch.bafe.gov.ph/projects?view=table&page=534 403 (Forbidden)
(anonymous) @ VM113:34
await in (anonymous)
(anonymous) @ VM113:241
VM113:66 R1 Page 534/647: 403 0 UUIDs | total unique: 0
VM113:34  GET https://fmrwatch.bafe.gov.ph/projects?view=table&page=535 403 (Forbidden)
(anonymous) @ VM113:34
await in (anonymous)
(anonymous) @ VM113:241
VM113:66 R1 Page 535/647: 403 0 UUIDs | total unique: 0
VM113:34  GET https://fmrwatch.bafe.gov.ph/projects?view=table&page=536 403 (Forbidden)
(anonymous) @ VM113:34
await in (anonymous)
(anonymous) @ VM113:241
VM113:66 R1 Page 536/647: 403 0 UUIDs | total unique: 0
VM113:34  GET https://fmrwatch.bafe.gov.ph/projects?view=table&page=537 403 (Forbidden)
(anonymous) @ VM113:34
await in (anonymous)
(anonymous) @ VM113:241
VM113:66 R1 Page 537/647: 403 0 UUIDs | total unique: 0
VM113:34  GET https://fmrwatch.bafe.gov.ph/projects?view=table&page=538 403 (Forbidden)
(anonymous) @ VM113:34
await in (anonymous)
(anonymous) @ VM113:241
VM113:66 R1 Page 538/647: 403 0 UUIDs | total unique: 0
VM113:34  GET https://fmrwatch.bafe.gov.ph/projects?view=table&page=539 403 (Forbidden)
(anonymous) @ VM113:34
await in (anonymous)
(anonymous) @ VM113:241
VM113:66 R1 Page 539/647: 403 0 UUIDs | total unique: 0
VM113:34  GET https://fmrwatch.bafe.gov.ph/projects?view=table&page=540 403 (Forbidden)
(anonymous) @ VM113:34
await in (anonymous)
(anonymous) @ VM113:241
VM113:66 R1 Page 540/647: 403 0 UUIDs | total unique: 0
VM113:34  GET https://fmrwatch.bafe.gov.ph/projects?view=table&page=541 403 (Forbidden)
(anonymous) @ VM113:34
await in (anonymous)
(anonymous) @ VM113:241
VM113:66 R1 Page 541/647: 403 0 UUIDs | total unique: 0
VM113:34  GET https://fmrwatch.bafe.gov.ph/projects?view=table&page=542 403 (Forbidden)
(anonymous) @ VM113:34
await in (anonymous)
(anonymous) @ VM113:241
VM113:66 R1 Page 542/647: 403 0 UUIDs | total unique: 0
VM113:34  GET https://fmrwatch.bafe.gov.ph/projects?view=table&page=543 403 (Forbidden)
(anonymous) @ VM113:34
await in (anonymous)
(anonymous) @ VM113:241
VM113:66 R1 Page 543/647: 403 0 UUIDs | total unique: 0
VM113:34  GET https://fmrwatch.bafe.gov.ph/projects?view=table&page=544 403 (Forbidden)
(anonymous) @ VM113:34
await in (anonymous)
(anonymous) @ VM113:241
VM113:66 R1 Page 544/647: 403 0 UUIDs | total unique: 0
VM113:34  GET https://fmrwatch.bafe.gov.ph/projects?view=table&page=545 403 (Forbidden)
(anonymous) @ VM113:34
await in (anonymous)
(anonymous) @ VM113:241
VM113:66 R1 Page 545/647: 403 0 UUIDs | total unique: 0
VM113:34  GET https://fmrwatch.bafe.gov.ph/projects?view=table&page=546 403 (Forbidden)
(anonymous) @ VM113:34
await in (anonymous)
(anonymous) @ VM113:241
VM113:66 R1 Page 546/647: 403 0 UUIDs | total unique: 0
VM113:34  GET https://fmrwatch.bafe.gov.ph/projects?view=table&page=547 403 (Forbidden)
(anonymous) @ VM113:34
await in (anonymous)
(anonymous) @ VM113:241
VM113:66 R1 Page 547/647: 403 0 UUIDs | total unique: 0
VM113:34  GET https://fmrwatch.bafe.gov.ph/projects?view=table&page=548 403 (Forbidden)
(anonymous) @ VM113:34
await in (anonymous)
(anonymous) @ VM113:241
VM113:66 R1 Page 548/647: 403 0 UUIDs | total unique: 0
VM113:34  GET https://fmrwatch.bafe.gov.ph/projects?view=table&page=549 403 (Forbidden)
(anonymous) @ VM113:34
await in (anonymous)
(anonymous) @ VM113:241
VM113:66 R1 Page 549/647: 403 0 UUIDs | total unique: 0
VM113:34  GET https://fmrwatch.bafe.gov.ph/projects?view=table&page=550 403 (Forbidden)
(anonymous) @ VM113:34
await in (anonymous)
(anonymous) @ VM113:241
VM113:66 R1 Page 550/647: 403 0 UUIDs | total unique: 0
VM113:34  GET https://fmrwatch.bafe.gov.ph/projects?view=table&page=551 403 (Forbidden)
(anonymous) @ VM113:34
await in (anonymous)
(anonymous) @ VM113:241
VM113:66 R1 Page 551/647: 403 0 UUIDs | total unique: 0
VM113:34  GET https://fmrwatch.bafe.gov.ph/projects?view=table&page=552 403 (Forbidden)
(anonymous) @ VM113:34
await in (anonymous)
(anonymous) @ VM113:241
VM113:66 R1 Page 552/647: 403 0 UUIDs | total unique: 0
VM113:34  GET https://fmrwatch.bafe.gov.ph/projects?view=table&page=553 403 (Forbidden)
(anonymous) @ VM113:34
await in (anonymous)
(anonymous) @ VM113:241
VM113:66 R1 Page 553/647: 403 0 UUIDs | total unique: 0
VM113:34  GET https://fmrwatch.bafe.gov.ph/projects?view=table&page=554 403 (Forbidden)
(anonymous) @ VM113:34
await in (anonymous)
(anonymous) @ VM113:241
VM113:66 R1 Page 554/647: 403 0 UUIDs | total unique: 0
VM113:34  GET https://fmrwatch.bafe.gov.ph/projects?view=table&page=555 403 (Forbidden)
(anonymous) @ VM113:34
await in (anonymous)
(anonymous) @ VM113:241
VM113:66 R1 Page 555/647: 403 0 UUIDs | total unique: 0
VM113:34  GET https://fmrwatch.bafe.gov.ph/projects?view=table&page=556 403 (Forbidden)
(anonymous) @ VM113:34
await in (anonymous)
(anonymous) @ VM113:241
VM113:66 R1 Page 556/647: 403 0 UUIDs | total unique: 0
VM113:34  GET https://fmrwatch.bafe.gov.ph/projects?view=table&page=557 403 (Forbidden)
(anonymous) @ VM113:34
await in (anonymous)
(anonymous) @ VM113:241
VM113:66 R1 Page 557/647: 403 0 UUIDs | total unique: 0
VM113:34  GET https://fmrwatch.bafe.gov.ph/projects?view=table&page=558 403 (Forbidden)
(anonymous) @ VM113:34
await in (anonymous)
(anonymous) @ VM113:241
VM113:66 R1 Page 558/647: 403 0 UUIDs | total unique: 0
VM113:34  GET https://fmrwatch.bafe.gov.ph/projects?view=table&page=559 403 (Forbidden)
(anonymous) @ VM113:34
await in (anonymous)
(anonymous) @ VM113:241
VM113:66 R1 Page 559/647: 403 0 UUIDs | total unique: 0
VM113:34  GET https://fmrwatch.bafe.gov.ph/projects?view=table&page=560 403 (Forbidden)
(anonymous) @ VM113:34
await in (anonymous)
(anonymous) @ VM113:241
VM113:66 R1 Page 560/647: 403 0 UUIDs | total unique: 0
VM113:34  GET https://fmrwatch.bafe.gov.ph/projects?view=table&page=561 403 (Forbidden)
(anonymous) @ VM113:34
await in (anonymous)
(anonymous) @ VM113:241
VM113:66 R1 Page 561/647: 403 0 UUIDs | total unique: 0
VM113:34  GET https://fmrwatch.bafe.gov.ph/projects?view=table&page=562 403 (Forbidden)
(anonymous) @ VM113:34
await in (anonymous)
(anonymous) @ VM113:241
VM113:66 R1 Page 562/647: 403 0 UUIDs | total unique: 0
VM113:34  GET https://fmrwatch.bafe.gov.ph/projects?view=table&page=563 403 (Forbidden)
(anonymous) @ VM113:34
await in (anonymous)
(anonymous) @ VM113:241
VM113:66 R1 Page 563/647: 403 0 UUIDs | total unique: 0
VM113:34  GET https://fmrwatch.bafe.gov.ph/projects?view=table&page=564 403 (Forbidden)
(anonymous) @ VM113:34
await in (anonymous)
(anonymous) @ VM113:241
VM113:66 R1 Page 564/647: 403 0 UUIDs | total unique: 0
VM113:34  GET https://fmrwatch.bafe.gov.ph/projects?view=table&page=565 403 (Forbidden)
(anonymous) @ VM113:34
await in (anonymous)
(anonymous) @ VM113:241
VM113:66 R1 Page 565/647: 403 0 UUIDs | total unique: 0
VM113:34  GET https://fmrwatch.bafe.gov.ph/projects?view=table&page=566 403 (Forbidden)
(anonymous) @ VM113:34
await in (anonymous)
(anonymous) @ VM113:241
VM113:66 R1 Page 566/647: 403 0 UUIDs | total unique: 0
VM113:34  GET https://fmrwatch.bafe.gov.ph/projects?view=table&page=567 403 (Forbidden)
(anonymous) @ VM113:34
await in (anonymous)
(anonymous) @ VM113:241
VM113:66 R1 Page 567/647: 403 0 UUIDs | total unique: 0
VM113:34  GET https://fmrwatch.bafe.gov.ph/projects?view=table&page=568 403 (Forbidden)
(anonymous) @ VM113:34
await in (anonymous)
(anonymous) @ VM113:241
VM113:66 R1 Page 568/647: 403 0 UUIDs | total unique: 0
VM113:34  GET https://fmrwatch.bafe.gov.ph/projects?view=table&page=569 403 (Forbidden)
(anonymous) @ VM113:34
await in (anonymous)
(anonymous) @ VM113:241
VM113:66 R1 Page 569/647: 403 0 UUIDs | total unique: 0
VM113:34  GET https://fmrwatch.bafe.gov.ph/projects?view=table&page=570 403 (Forbidden)
(anonymous) @ VM113:34
await in (anonymous)
(anonymous) @ VM113:241
VM113:66 R1 Page 570/647: 403 0 UUIDs | total unique: 0
VM113:34  GET https://fmrwatch.bafe.gov.ph/projects?view=table&page=571 403 (Forbidden)
(anonymous) @ VM113:34
await in (anonymous)
(anonymous) @ VM113:241
VM113:66 R1 Page 571/647: 403 0 UUIDs | total unique: 0
VM113:34  GET https://fmrwatch.bafe.gov.ph/projects?view=table&page=572 403 (Forbidden)
(anonymous) @ VM113:34
await in (anonymous)
(anonymous) @ VM113:241
VM113:66 R1 Page 572/647: 403 0 UUIDs | total unique: 0
VM113:34  GET https://fmrwatch.bafe.gov.ph/projects?view=table&page=573 403 (Forbidden)
(anonymous) @ VM113:34
await in (anonymous)
(anonymous) @ VM113:241
VM113:66 R1 Page 573/647: 403 0 UUIDs | total unique: 0
VM113:34  GET https://fmrwatch.bafe.gov.ph/projects?view=table&page=574 403 (Forbidden)
(anonymous) @ VM113:34
await in (anonymous)
(anonymous) @ VM113:241
VM113:66 R1 Page 574/647: 403 0 UUIDs | total unique: 0
VM113:34  GET https://fmrwatch.bafe.gov.ph/projects?view=table&page=575 403 (Forbidden)
(anonymous) @ VM113:34
await in (anonymous)
(anonymous) @ VM113:241
VM113:66 R1 Page 575/647: 403 0 UUIDs | total unique: 0
VM113:34  GET https://fmrwatch.bafe.gov.ph/projects?view=table&page=576 403 (Forbidden)
(anonymous) @ VM113:34
await in (anonymous)
(anonymous) @ VM113:241
VM113:66 R1 Page 576/647: 403 0 UUIDs | total unique: 0
VM113:34  GET https://fmrwatch.bafe.gov.ph/projects?view=table&page=577 403 (Forbidden)
(anonymous) @ VM113:34
await in (anonymous)
(anonymous) @ VM113:241
VM113:66 R1 Page 577/647: 403 0 UUIDs | total unique: 0
VM113:34  GET https://fmrwatch.bafe.gov.ph/projects?view=table&page=578 403 (Forbidden)
(anonymous) @ VM113:34
await in (anonymous)
(anonymous) @ VM113:241
VM113:66 R1 Page 578/647: 403 0 UUIDs | total unique: 0
VM113:34  GET https://fmrwatch.bafe.gov.ph/projects?view=table&page=579 403 (Forbidden)
(anonymous) @ VM113:34
await in (anonymous)
(anonymous) @ VM113:241
VM113:66 R1 Page 579/647: 403 0 UUIDs | total unique: 0
VM113:34  GET https://fmrwatch.bafe.gov.ph/projects?view=table&page=580 403 (Forbidden)
(anonymous) @ VM113:34
await in (anonymous)
(anonymous) @ VM113:241
VM113:66 R1 Page 580/647: 403 0 UUIDs | total unique: 0
VM113:34  GET https://fmrwatch.bafe.gov.ph/projects?view=table&page=581 403 (Forbidden)
(anonymous) @ VM113:34
await in (anonymous)
(anonymous) @ VM113:241
VM113:66 R1 Page 581/647: 403 0 UUIDs | total unique: 0
VM113:34  GET https://fmrwatch.bafe.gov.ph/projects?view=table&page=582 403 (Forbidden)
(anonymous) @ VM113:34
await in (anonymous)
(anonymous) @ VM113:241
VM113:66 R1 Page 582/647: 403 0 UUIDs | total unique: 0
VM113:34  GET https://fmrwatch.bafe.gov.ph/projects?view=table&page=583 403 (Forbidden)
(anonymous) @ VM113:34
await in (anonymous)
(anonymous) @ VM113:241
VM113:66 R1 Page 583/647: 403 0 UUIDs | total unique: 0
VM113:34  GET https://fmrwatch.bafe.gov.ph/projects?view=table&page=584 403 (Forbidden)
(anonymous) @ VM113:34
await in (anonymous)
(anonymous) @ VM113:241
VM113:66 R1 Page 584/647: 403 0 UUIDs | total unique: 0
VM113:34  GET https://fmrwatch.bafe.gov.ph/projects?view=table&page=585 403 (Forbidden)
(anonymous) @ VM113:34
await in (anonymous)
(anonymous) @ VM113:241
VM113:66 R1 Page 585/647: 403 0 UUIDs | total unique: 0
VM113:34  GET https://fmrwatch.bafe.gov.ph/projects?view=table&page=586 403 (Forbidden)
(anonymous) @ VM113:34
await in (anonymous)
(anonymous) @ VM113:241
VM113:66 R1 Page 586/647: 403 0 UUIDs | total unique: 0
VM113:34  GET https://fmrwatch.bafe.gov.ph/projects?view=table&page=587 403 (Forbidden)
(anonymous) @ VM113:34
await in (anonymous)
(anonymous) @ VM113:241
VM113:66 R1 Page 587/647: 403 0 UUIDs | total unique: 0
VM113:34  GET https://fmrwatch.bafe.gov.ph/projects?view=table&page=588 403 (Forbidden)
(anonymous) @ VM113:34
await in (anonymous)
(anonymous) @ VM113:241
VM113:66 R1 Page 588/647: 403 0 UUIDs | total unique: 0
VM113:34  GET https://fmrwatch.bafe.gov.ph/projects?view=table&page=589 403 (Forbidden)
(anonymous) @ VM113:34
await in (anonymous)
(anonymous) @ VM113:241
VM113:66 R1 Page 589/647: 403 0 UUIDs | total unique: 0
VM113:34  GET https://fmrwatch.bafe.gov.ph/projects?view=table&page=590 403 (Forbidden)
(anonymous) @ VM113:34
await in (anonymous)
(anonymous) @ VM113:241
VM113:66 R1 Page 590/647: 403 0 UUIDs | total unique: 0
VM113:34  GET https://fmrwatch.bafe.gov.ph/projects?view=table&page=591 403 (Forbidden)
(anonymous) @ VM113:34
await in (anonymous)
(anonymous) @ VM113:241
VM113:66 R1 Page 591/647: 403 0 UUIDs | total unique: 0
VM113:34  GET https://fmrwatch.bafe.gov.ph/projects?view=table&page=592 403 (Forbidden)
(anonymous) @ VM113:34
await in (anonymous)
(anonymous) @ VM113:241
VM113:66 R1 Page 592/647: 403 0 UUIDs | total unique: 0
VM113:34  GET https://fmrwatch.bafe.gov.ph/projects?view=table&page=593 403 (Forbidden)
(anonymous) @ VM113:34
await in (anonymous)
(anonymous) @ VM113:241
VM113:66 R1 Page 593/647: 403 0 UUIDs | total unique: 0
VM113:34  GET https://fmrwatch.bafe.gov.ph/projects?view=table&page=594 403 (Forbidden)
(anonymous) @ VM113:34
await in (anonymous)
(anonymous) @ VM113:241
VM113:66 R1 Page 594/647: 403 0 UUIDs | total unique: 0
VM113:34  GET https://fmrwatch.bafe.gov.ph/projects?view=table&page=595 403 (Forbidden)
(anonymous) @ VM113:34
await in (anonymous)
(anonymous) @ VM113:241
VM113:66 R1 Page 595/647: 403 0 UUIDs | total unique: 0
VM113:34  GET https://fmrwatch.bafe.gov.ph/projects?view=table&page=596 403 (Forbidden)
(anonymous) @ VM113:34
await in (anonymous)
(anonymous) @ VM113:241
VM113:66 R1 Page 596/647: 403 0 UUIDs | total unique: 0
VM113:34  GET https://fmrwatch.bafe.gov.ph/projects?view=table&page=597 403 (Forbidden)
(anonymous) @ VM113:34
await in (anonymous)
(anonymous) @ VM113:241
VM113:66 R1 Page 597/647: 403 0 UUIDs | total unique: 0
VM113:34  GET https://fmrwatch.bafe.gov.ph/projects?view=table&page=598 403 (Forbidden)
(anonymous) @ VM113:34
await in (anonymous)
(anonymous) @ VM113:241
VM113:66 R1 Page 598/647: 403 0 UUIDs | total unique: 0
VM113:34  GET https://fmrwatch.bafe.gov.ph/projects?view=table&page=599 403 (Forbidden)
(anonymous) @ VM113:34
await in (anonymous)
(anonymous) @ VM113:241
VM113:66 R1 Page 599/647: 403 0 UUIDs | total unique: 0
VM113:34  GET https://fmrwatch.bafe.gov.ph/projects?view=table&page=600 403 (Forbidden)
(anonymous) @ VM113:34
await in (anonymous)
(anonymous) @ VM113:241
VM113:66 R1 Page 600/647: 403 0 UUIDs | total unique: 0
VM113:34  GET https://fmrwatch.bafe.gov.ph/projects?view=table&page=601 403 (Forbidden)
(anonymous) @ VM113:34
await in (anonymous)
(anonymous) @ VM113:241
VM113:66 R1 Page 601/647: 403 0 UUIDs | total unique: 0
VM113:34  GET https://fmrwatch.bafe.gov.ph/projects?view=table&page=602 403 (Forbidden)
(anonymous) @ VM113:34
await in (anonymous)
(anonymous) @ VM113:241
VM113:66 R1 Page 602/647: 403 0 UUIDs | total unique: 0
VM113:34  GET https://fmrwatch.bafe.gov.ph/projects?view=table&page=603 403 (Forbidden)
(anonymous) @ VM113:34
await in (anonymous)
(anonymous) @ VM113:241
VM113:66 R1 Page 603/647: 403 0 UUIDs | total unique: 0
VM113:34  GET https://fmrwatch.bafe.gov.ph/projects?view=table&page=604 403 (Forbidden)
(anonymous) @ VM113:34
await in (anonymous)
(anonymous) @ VM113:241
VM113:66 R1 Page 604/647: 403 0 UUIDs | total unique: 0
VM113:34  GET https://fmrwatch.bafe.gov.ph/projects?view=table&page=605 403 (Forbidden)
(anonymous) @ VM113:34
await in (anonymous)
(anonymous) @ VM113:241
VM113:66 R1 Page 605/647: 403 0 UUIDs | total unique: 0
VM113:34  GET https://fmrwatch.bafe.gov.ph/projects?view=table&page=606 403 (Forbidden)
(anonymous) @ VM113:34
await in (anonymous)
(anonymous) @ VM113:241
VM113:66 R1 Page 606/647: 403 0 UUIDs | total unique: 0
VM113:34  GET https://fmrwatch.bafe.gov.ph/projects?view=table&page=607 403 (Forbidden)
(anonymous) @ VM113:34
await in (anonymous)
(anonymous) @ VM113:241
VM113:66 R1 Page 607/647: 403 0 UUIDs | total unique: 0
VM113:34  GET https://fmrwatch.bafe.gov.ph/projects?view=table&page=608 403 (Forbidden)
(anonymous) @ VM113:34
await in (anonymous)
(anonymous) @ VM113:241
VM113:66 R1 Page 608/647: 403 0 UUIDs | total unique: 0
VM113:34  GET https://fmrwatch.bafe.gov.ph/projects?view=table&page=609 403 (Forbidden)
(anonymous) @ VM113:34
await in (anonymous)
(anonymous) @ VM113:241
VM113:66 R1 Page 609/647: 403 0 UUIDs | total unique: 0
VM113:34  GET https://fmrwatch.bafe.gov.ph/projects?view=table&page=610 403 (Forbidden)
(anonymous) @ VM113:34
await in (anonymous)
(anonymous) @ VM113:241
VM113:66 R1 Page 610/647: 403 0 UUIDs | total unique: 0
VM113:34  GET https://fmrwatch.bafe.gov.ph/projects?view=table&page=611 403 (Forbidden)
(anonymous) @ VM113:34
await in (anonymous)
(anonymous) @ VM113:241
VM113:66 R1 Page 611/647: 403 0 UUIDs | total unique: 0
VM113:34  GET https://fmrwatch.bafe.gov.ph/projects?view=table&page=612 403 (Forbidden)
(anonymous) @ VM113:34
await in (anonymous)
(anonymous) @ VM113:241
VM113:66 R1 Page 612/647: 403 0 UUIDs | total unique: 0
VM113:34  GET https://fmrwatch.bafe.gov.ph/projects?view=table&page=613 403 (Forbidden)
(anonymous) @ VM113:34
await in (anonymous)
(anonymous) @ VM113:241
VM113:66 R1 Page 613/647: 403 0 UUIDs | total unique: 0
VM113:34  GET https://fmrwatch.bafe.gov.ph/projects?view=table&page=614 403 (Forbidden)
(anonymous) @ VM113:34
await in (anonymous)
(anonymous) @ VM113:241
VM113:66 R1 Page 614/647: 403 0 UUIDs | total unique: 0
VM113:34  GET https://fmrwatch.bafe.gov.ph/projects?view=table&page=615 403 (Forbidden)
(anonymous) @ VM113:34
await in (anonymous)
(anonymous) @ VM113:241
VM113:66 R1 Page 615/647: 403 0 UUIDs | total unique: 0
VM113:34  GET https://fmrwatch.bafe.gov.ph/projects?view=table&page=616 403 (Forbidden)
(anonymous) @ VM113:34
await in (anonymous)
(anonymous) @ VM113:241
VM113:66 R1 Page 616/647: 403 0 UUIDs | total unique: 0
VM113:34  GET https://fmrwatch.bafe.gov.ph/projects?view=table&page=617 403 (Forbidden)
(anonymous) @ VM113:34
await in (anonymous)
(anonymous) @ VM113:241
VM113:66 R1 Page 617/647: 403 0 UUIDs | total unique: 0
VM113:34  GET https://fmrwatch.bafe.gov.ph/projects?view=table&page=618 403 (Forbidden)
(anonymous) @ VM113:34
await in (anonymous)
(anonymous) @ VM113:241
VM113:66 R1 Page 618/647: 403 0 UUIDs | total unique: 0
VM113:34  GET https://fmrwatch.bafe.gov.ph/projects?view=table&page=619 403 (Forbidden)
(anonymous) @ VM113:34
await in (anonymous)
(anonymous) @ VM113:241
VM113:66 R1 Page 619/647: 403 0 UUIDs | total unique: 0
VM113:34  GET https://fmrwatch.bafe.gov.ph/projects?view=table&page=620 403 (Forbidden)
(anonymous) @ VM113:34
await in (anonymous)
(anonymous) @ VM113:241
VM113:66 R1 Page 620/647: 403 0 UUIDs | total unique: 0
VM113:34  GET https://fmrwatch.bafe.gov.ph/projects?view=table&page=621 403 (Forbidden)
(anonymous) @ VM113:34
await in (anonymous)
(anonymous) @ VM113:241
VM113:66 R1 Page 621/647: 403 0 UUIDs | total unique: 0
VM113:34  GET https://fmrwatch.bafe.gov.ph/projects?view=table&page=622 403 (Forbidden)
(anonymous) @ VM113:34
await in (anonymous)
(anonymous) @ VM113:241
VM113:66 R1 Page 622/647: 403 0 UUIDs | total unique: 0
VM113:34  GET https://fmrwatch.bafe.gov.ph/projects?view=table&page=623 403 (Forbidden)
(anonymous) @ VM113:34
await in (anonymous)
(anonymous) @ VM113:241
VM113:66 R1 Page 623/647: 403 0 UUIDs | total unique: 0
VM113:34  GET https://fmrwatch.bafe.gov.ph/projects?view=table&page=624 403 (Forbidden)
(anonymous) @ VM113:34
await in (anonymous)
(anonymous) @ VM113:241
VM113:66 R1 Page 624/647: 403 0 UUIDs | total unique: 0
VM113:34  GET https://fmrwatch.bafe.gov.ph/projects?view=table&page=625 403 (Forbidden)
(anonymous) @ VM113:34
await in (anonymous)
(anonymous) @ VM113:241
VM113:66 R1 Page 625/647: 403 0 UUIDs | total unique: 0
VM113:34  GET https://fmrwatch.bafe.gov.ph/projects?view=table&page=626 403 (Forbidden)
(anonymous) @ VM113:34
await in (anonymous)
(anonymous) @ VM113:241
VM113:66 R1 Page 626/647: 403 0 UUIDs | total unique: 0
VM113:34  GET https://fmrwatch.bafe.gov.ph/projects?view=table&page=627 403 (Forbidden)
(anonymous) @ VM113:34
await in (anonymous)
(anonymous) @ VM113:241
VM113:66 R1 Page 627/647: 403 0 UUIDs | total unique: 0
VM113:34  GET https://fmrwatch.bafe.gov.ph/projects?view=table&page=628 403 (Forbidden)
(anonymous) @ VM113:34
await in (anonymous)
(anonymous) @ VM113:241
VM113:66 R1 Page 628/647: 403 0 UUIDs | total unique: 0
VM113:34  GET https://fmrwatch.bafe.gov.ph/projects?view=table&page=629 403 (Forbidden)
(anonymous) @ VM113:34
await in (anonymous)
(anonymous) @ VM113:241
VM113:66 R1 Page 629/647: 403 0 UUIDs | total unique: 0
VM113:34  GET https://fmrwatch.bafe.gov.ph/projects?view=table&page=630 403 (Forbidden)
(anonymous) @ VM113:34
await in (anonymous)
(anonymous) @ VM113:241
VM113:66 R1 Page 630/647: 403 0 UUIDs | total unique: 0
VM113:34  GET https://fmrwatch.bafe.gov.ph/projects?view=table&page=631 403 (Forbidden)
(anonymous) @ VM113:34
await in (anonymous)
(anonymous) @ VM113:241
VM113:66 R1 Page 631/647: 403 0 UUIDs | total unique: 0
VM113:34  GET https://fmrwatch.bafe.gov.ph/projects?view=table&page=632 403 (Forbidden)
(anonymous) @ VM113:34
await in (anonymous)
(anonymous) @ VM113:241
VM113:66 R1 Page 632/647: 403 0 UUIDs | total unique: 0
VM113:34  GET https://fmrwatch.bafe.gov.ph/projects?view=table&page=633 403 (Forbidden)
(anonymous) @ VM113:34
await in (anonymous)
(anonymous) @ VM113:241
VM113:66 R1 Page 633/647: 403 0 UUIDs | total unique: 0
VM113:34  GET https://fmrwatch.bafe.gov.ph/projects?view=table&page=634 403 (Forbidden)
(anonymous) @ VM113:34
await in (anonymous)
(anonymous) @ VM113:241
VM113:66 R1 Page 634/647: 403 0 UUIDs | total unique: 0
VM113:34  GET https://fmrwatch.bafe.gov.ph/projects?view=table&page=635 403 (Forbidden)
(anonymous) @ VM113:34
await in (anonymous)
(anonymous) @ VM113:241
VM113:66 R1 Page 635/647: 403 0 UUIDs | total unique: 0
VM113:34  GET https://fmrwatch.bafe.gov.ph/projects?view=table&page=636 403 (Forbidden)
(anonymous) @ VM113:34
await in (anonymous)
(anonymous) @ VM113:241
VM113:66 R1 Page 636/647: 403 0 UUIDs | total unique: 0
VM113:34  GET https://fmrwatch.bafe.gov.ph/projects?view=table&page=637 403 (Forbidden)
(anonymous) @ VM113:34
await in (anonymous)
(anonymous) @ VM113:241
VM113:66 R1 Page 637/647: 403 0 UUIDs | total unique: 0
VM113:34  GET https://fmrwatch.bafe.gov.ph/projects?view=table&page=638 403 (Forbidden)
(anonymous) @ VM113:34
await in (anonymous)
(anonymous) @ VM113:241
VM113:66 R1 Page 638/647: 403 0 UUIDs | total unique: 0
VM113:34  GET https://fmrwatch.bafe.gov.ph/projects?view=table&page=639 403 (Forbidden)
(anonymous) @ VM113:34
await in (anonymous)
(anonymous) @ VM113:241
VM113:66 R1 Page 639/647: 403 0 UUIDs | total unique: 0
VM113:34  GET https://fmrwatch.bafe.gov.ph/projects?view=table&page=640 403 (Forbidden)
(anonymous) @ VM113:34
await in (anonymous)
(anonymous) @ VM113:241
VM113:66 R1 Page 640/647: 403 0 UUIDs | total unique: 0
VM113:34  GET https://fmrwatch.bafe.gov.ph/projects?view=table&page=641 403 (Forbidden)
(anonymous) @ VM113:34
await in (anonymous)
(anonymous) @ VM113:241
VM113:66 R1 Page 641/647: 403 0 UUIDs | total unique: 0
VM113:34  GET https://fmrwatch.bafe.gov.ph/projects?view=table&page=642 403 (Forbidden)
(anonymous) @ VM113:34
await in (anonymous)
(anonymous) @ VM113:241
VM113:66 R1 Page 642/647: 403 0 UUIDs | total unique: 0
VM113:34  GET https://fmrwatch.bafe.gov.ph/projects?view=table&page=643 403 (Forbidden)
(anonymous) @ VM113:34
await in (anonymous)
(anonymous) @ VM113:241
VM113:66 R1 Page 643/647: 403 0 UUIDs | total unique: 0
VM113:34  GET https://fmrwatch.bafe.gov.ph/projects?view=table&page=644 403 (Forbidden)
(anonymous) @ VM113:34
await in (anonymous)
(anonymous) @ VM113:241
VM113:66 R1 Page 644/647: 403 0 UUIDs | total unique: 0
VM113:34  GET https://fmrwatch.bafe.gov.ph/projects?view=table&page=645 403 (Forbidden)
(anonymous) @ VM113:34
await in (anonymous)
(anonymous) @ VM113:241
VM113:66 R1 Page 645/647: 403 0 UUIDs | total unique: 0
VM113:34  GET https://fmrwatch.bafe.gov.ph/projects?view=table&page=646 403 (Forbidden)
(anonymous) @ VM113:34
await in (anonymous)
(anonymous) @ VM113:241
VM113:66 R1 Page 646/647: 403 0 UUIDs | total unique: 0
VM113:34  GET https://fmrwatch.bafe.gov.ph/projects?view=table&page=647 403 (Forbidden)
(anonymous) @ VM113:34
await in (anonymous)
(anonymous) @ VM113:241
VM113:66 R1 Page 647/647: 403 0 UUIDs | total unique: 0
VM113:213 
========== FE7 R1 SUMMARY ==========
VM113:214 Pages attempted: 647
VM113:215 Successful pages: 0
VM113:216 Failed pages: 647
VM113:217 Enumerated records: 0
VM113:218 Unique UUIDs: 0
VM113:219 Expected: 6467
VM113:220 Frozen Frame: FMR-FRAME-2026-09-03-859cc9bd480e
VM113:221 Frozen SHA-256: 859cc9bd480e3d219e9586d02e162889b5462553c40666fd2f10d49853fd4fc9
VM113:222 Differences: 6468
VM113:223 EXACT ORDERED FRAME MATCH: false
VM113:233 FE7 R1 RESULT: NOT MATCHING — investigate differences/source change.
(anonymous) @ VM113:233
await in (anonymous)
(anonymous) @ VM113:241
VM113:238 First differences: (10) [{…}, {…}, {…}, {…}, {…}, {…}, {…}, {…}, {…}, {…}]
(anonymous) @ VM113:238
await in (anonymous)
(anonymous) @ VM113:241
26ygzh7nknm56.js:1  GET https://fmrwatch.bafe.gov.ph/projects/dfcc79ec-350d-458e-9469-973104a064ad?view=table&page=3&_rsc=rVOxZyJZQf-ncF1B 403 (Forbidden)
T @ 26ygzh7nknm56.js:1
await in T
eE @ 26ygzh7nknm56.js:1
eh @ 26ygzh7nknm56.js:1
(anonymous) @ 26ygzh7nknm56.js:1
(anonymous) @ 26ygzh7nknm56.js:1
N @ 26ygzh7nknm56.js:1
26ygzh7nknm56.js:1  GET https://fmrwatch.bafe.gov.ph/projects/dfcc79ec-350d-458e-9469-973104a064ad?_rsc=rVOxZyJZQf-ncF1B 403 (Forbidden)
T @ 26ygzh7nknm56.js:1
await in T
eE @ 26ygzh7nknm56.js:1
eh @ 26ygzh7nknm56.js:1
(anonymous) @ 26ygzh7nknm56.js:1
N @ 26ygzh7nknm56.js:1
26ygzh7nknm56.js:1  GET https://fmrwatch.bafe.gov.ph/projects/dfcc79ec-350d-458e-9469-973104a064ad?view=table&page=3&_rsc=rVOxZyJZQf-ncF1B 403 (Forbidden)
T @ 26ygzh7nknm56.js:1
await in T
eE @ 26ygzh7nknm56.js:1
eh @ 26ygzh7nknm56.js:1
(anonymous) @ 26ygzh7nknm56.js:1
(anonymous) @ 26ygzh7nknm56.js:1
N @ 26ygzh7nknm56.js:1
26ygzh7nknm56.js:1  GET https://fmrwatch.bafe.gov.ph/projects/dfcc79ec-350d-458e-9469-973104a064ad?_rsc=rVOxZyJZQf-ncF1B 403 (Forbidden)
T @ 26ygzh7nknm56.js:1
await in T
eE @ 26ygzh7nknm56.js:1
eh @ 26ygzh7nknm56.js:1
(anonymous) @ 26ygzh7nknm56.js:1
N @ 26ygzh7nknm56.js:1
26ygzh7nknm56.js:1  GET https://fmrwatch.bafe.gov.ph/sign-in?_rsc=rVOxZyJZQf-ncF1B 403 (Forbidden)
T @ 26ygzh7nknm56.js:1
await in T
eE @ 26ygzh7nknm56.js:1
eh @ 26ygzh7nknm56.js:1
(anonymous) @ 26ygzh7nknm56.js:1
(anonymous) @ 26ygzh7nknm56.js:1
N @ 26ygzh7nknm56.js:1
26ygzh7nknm56.js:1  GET https://fmrwatch.bafe.gov.ph/projects/dfcc79ec-350d-458e-9469-973104a064ad?view=table&page=3&_rsc=rVOxZyJZQf-ncF1B 403 (Forbidden)
T @ 26ygzh7nknm56.js:1
await in T
eE @ 26ygzh7nknm56.js:1
eh @ 26ygzh7nknm56.js:1
(anonymous) @ 26ygzh7nknm56.js:1
(anonymous) @ 26ygzh7nknm56.js:1
N @ 26ygzh7nknm56.js:1
26ygzh7nknm56.js:1  GET https://fmrwatch.bafe.gov.ph/projects/dfcc79ec-350d-458e-9469-973104a064ad?_rsc=rVOxZyJZQf-ncF1B 403 (Forbidden)
T @ 26ygzh7nknm56.js:1
await in T
eE @ 26ygzh7nknm56.js:1
eh @ 26ygzh7nknm56.js:1
(anonymous) @ 26ygzh7nknm56.js:1
N @ 26ygzh7nknm56.js:1
(() => {
  console.log("URL:", location.href);

  const links = [...document.querySelectorAll("a")].map(a => ({
    text: (a.innerText || "").trim(),
    href: a.href
  }));

  console.log(
    "Pagination candidates:",
    links.filter(x =>
      /page=\d+/.test(x.href) ||
      /next/i.test(x.text) ||
      /previous|prev/i.test(x.text)
    )
  );

  console.log(
    "Buttons:",
    [...document.querySelectorAll("button")].map(b => ({
      text: (b.innerText || "").trim(),
      aria: b.getAttribute("aria-label"),
      disabled: b.disabled
    }))
  );
})();
VM117:2 URL: https://fmrwatch.bafe.gov.ph/projects?view=table&page=3
VM117:9 Pagination candidates: (60) [{…}, {…}, {…}, {…}, {…}, {…}, {…}, {…}, {…}, {…}, {…}, {…}, {…}, {…}, {…}, {…}, {…}, {…}, {…}, {…}, {…}, {…}, {…}, {…}, {…}, {…}, {…}, {…}, {…}, {…}, {…}, {…}, {…}, {…}, {…}, {…}, {…}, {…}, {…}, {…}, {…}, {…}, {…}, {…}, {…}, {…}, {…}, {…}, {…}, {…}, {…}, {…}, {…}, {…}, {…}, {…}, {…}, {…}, {…}, {…}]0: {text: 'Concreting of Sitio Danlagan Brgy. 66 - Banqueroha…pi City, Albay\n\n2026-R5-ALB-INFRA-FMRDP-FMR-01695', href: 'https://fmrwatch.bafe.gov.ph/projects/e1627fb1-3547-4c37-a260-aa55a92065c5?view=table&page=3'}1: {text: 'Legazpi City, Albay', href: 'https://fmrwatch.bafe.gov.ph/projects/e1627fb1-3547-4c37-a260-aa55a92065c5?view=table&page=3'}2: {text: 'Bicol Region (Region V)', href: 'https://fmrwatch.bafe.gov.ph/projects/e1627fb1-3547-4c37-a260-aa55a92065c5?view=table&page=3'}3: {text: '₱15,000,000.00', href: 'https://fmrwatch.bafe.gov.ph/projects/e1627fb1-3547-4c37-a260-aa55a92065c5?view=table&page=3'}4: {text: 'Not yet started', href: 'https://fmrwatch.bafe.gov.ph/projects/e1627fb1-3547-4c37-a260-aa55a92065c5?view=table&page=3'}5: {text: 'Feedback', href: 'https://fmrwatch.bafe.gov.ph/projects/e1627fb1-3547-4c37-a260-aa55a92065c5?view=table&page=3'}6: {text: 'Concreting of Brgy. Sta. Barbara to Brgy. San Isid…usan, Sorsogon\n\n2026-R5-SOR-INFRA-FMRDP-FMR-01696', href: 'https://fmrwatch.bafe.gov.ph/projects/3d02361a-a5f0-4a6f-8300-8a8548acfda4?view=table&page=3'}7: {text: 'Bulusan, Sorsogon', href: 'https://fmrwatch.bafe.gov.ph/projects/3d02361a-a5f0-4a6f-8300-8a8548acfda4?view=table&page=3'}8: {text: 'Bicol Region (Region V)', href: 'https://fmrwatch.bafe.gov.ph/projects/3d02361a-a5f0-4a6f-8300-8a8548acfda4?view=table&page=3'}9: {text: '₱30,000,000.00', href: 'https://fmrwatch.bafe.gov.ph/projects/3d02361a-a5f0-4a6f-8300-8a8548acfda4?view=table&page=3'}10: {text: 'Not yet started', href: 'https://fmrwatch.bafe.gov.ph/projects/3d02361a-a5f0-4a6f-8300-8a8548acfda4?view=table&page=3'}11: {text: 'Feedback', href: 'https://fmrwatch.bafe.gov.ph/projects/3d02361a-a5f0-4a6f-8300-8a8548acfda4?view=table&page=3'}12: {text: 'Concreting of Sitio Agawan, Tabog to Sitio Pisoson… Camarines Sur\n\n2026-R5-CAS-INFRA-FMRDP-FMR-01697', href: 'https://fmrwatch.bafe.gov.ph/projects/bc6ad17e-16b4-430c-baaa-272d31791c8c?view=table&page=3'}13: {text: 'Caramoan, Camarines Sur', href: 'https://fmrwatch.bafe.gov.ph/projects/bc6ad17e-16b4-430c-baaa-272d31791c8c?view=table&page=3'}14: {text: 'Bicol Region (Region V)', href: 'https://fmrwatch.bafe.gov.ph/projects/bc6ad17e-16b4-430c-baaa-272d31791c8c?view=table&page=3'}15: {text: '₱30,000,000.00', href: 'https://fmrwatch.bafe.gov.ph/projects/bc6ad17e-16b4-430c-baaa-272d31791c8c?view=table&page=3'}16: {text: 'Not yet started', href: 'https://fmrwatch.bafe.gov.ph/projects/bc6ad17e-16b4-430c-baaa-272d31791c8c?view=table&page=3'}17: {text: 'Feedback', href: 'https://fmrwatch.bafe.gov.ph/projects/bc6ad17e-16b4-430c-baaa-272d31791c8c?view=table&page=3'}18: {text: 'Concreting of Brgy. Quezon FMR, Brgy. Quezon, Pitogo, Quezon\n\n2025-R4A-QUE-INFRA-FMRDP-FMR-01751', href: 'https://fmrwatch.bafe.gov.ph/projects/75fe641d-5caa-479f-88c6-69fda94fcca9?view=table&page=3'}19: {text: 'Pitogo, Quezon', href: 'https://fmrwatch.bafe.gov.ph/projects/75fe641d-5caa-479f-88c6-69fda94fcca9?view=table&page=3'}20: {text: 'Department of Public Works and Highways', href: 'https://fmrwatch.bafe.gov.ph/projects/75fe641d-5caa-479f-88c6-69fda94fcca9?view=table&page=3'}21: {text: '₱30,000,000.00', href: 'https://fmrwatch.bafe.gov.ph/projects/75fe641d-5caa-479f-88c6-69fda94fcca9?view=table&page=3'}22: {text: 'Not yet started', href: 'https://fmrwatch.bafe.gov.ph/projects/75fe641d-5caa-479f-88c6-69fda94fcca9?view=table&page=3'}23: {text: 'Feedback', href: 'https://fmrwatch.bafe.gov.ph/projects/75fe641d-5caa-479f-88c6-69fda94fcca9?view=table&page=3'}24: {text: 'Concreting of Brgy. Balagtas to Brgy. Mabini FMR, …nisan, Quezon\n\n2025-R4A-QUE-INFRA-FMRDP-FMR-01752', href: 'https://fmrwatch.bafe.gov.ph/projects/e735cb2a-5b10-47ec-90a0-2f40fcd424b7?view=table&page=3'}25: {text: 'Unisan, Quezon', href: 'https://fmrwatch.bafe.gov.ph/projects/e735cb2a-5b10-47ec-90a0-2f40fcd424b7?view=table&page=3'}26: {text: 'Department of Public Works and Highways', href: 'https://fmrwatch.bafe.gov.ph/projects/e735cb2a-5b10-47ec-90a0-2f40fcd424b7?view=table&page=3'}27: {text: '₱15,000,000.00', href: 'https://fmrwatch.bafe.gov.ph/projects/e735cb2a-5b10-47ec-90a0-2f40fcd424b7?view=table&page=3'}28: {text: 'Not yet started', href: 'https://fmrwatch.bafe.gov.ph/projects/e735cb2a-5b10-47ec-90a0-2f40fcd424b7?view=table&page=3'}29: {text: 'Feedback', href: 'https://fmrwatch.bafe.gov.ph/projects/e735cb2a-5b10-47ec-90a0-2f40fcd424b7?view=table&page=3'}30: {text: 'Construction/Improvement of Kagangaan to Palingaew…o Market Road\n\n2027-CAR-MOU-INFRA-FMRDP-FMR-00830', href: 'https://fmrwatch.bafe.gov.ph/projects/dfcc79ec-350d-458e-9469-973104a064ad?view=table&page=3'}31: {text: 'Sabangan, Mountain Province', href: 'https://fmrwatch.bafe.gov.ph/projects/dfcc79ec-350d-458e-9469-973104a064ad?view=table&page=3'}32: {text: 'Cordillera Administrative Region (CAR)', href: 'https://fmrwatch.bafe.gov.ph/projects/dfcc79ec-350d-458e-9469-973104a064ad?view=table&page=3'}33: {text: '₱62,436,000.00', href: 'https://fmrwatch.bafe.gov.ph/projects/dfcc79ec-350d-458e-9469-973104a064ad?view=table&page=3'}34: {text: 'Not yet started', href: 'https://fmrwatch.bafe.gov.ph/projects/dfcc79ec-350d-458e-9469-973104a064ad?view=table&page=3'}35: {text: 'Feedback', href: 'https://fmrwatch.bafe.gov.ph/projects/dfcc79ec-350d-458e-9469-973104a064ad?view=table&page=3'}36: {text: 'CONSTRUCTION OF BRNGY. ANKILENG-SUYO FARM TO MARKE…PONENT BRIDGE\n\n2027-CAR-MOU-INFRA-FMRDP-FMR-00829', href: 'https://fmrwatch.bafe.gov.ph/projects/ef027d2c-80a3-4f0b-bf76-4aea918ef135?view=table&page=3'}37: {text: 'Sagada, Mountain Province', href: 'https://fmrwatch.bafe.gov.ph/projects/ef027d2c-80a3-4f0b-bf76-4aea918ef135?view=table&page=3'}38: {text: 'Cordillera Administrative Region (CAR)', href: 'https://fmrwatch.bafe.gov.ph/projects/ef027d2c-80a3-4f0b-bf76-4aea918ef135?view=table&page=3'}39: {text: '₱40,000,000.00', href: 'https://fmrwatch.bafe.gov.ph/projects/ef027d2c-80a3-4f0b-bf76-4aea918ef135?view=table&page=3'}40: {text: 'Not yet started', href: 'https://fmrwatch.bafe.gov.ph/projects/ef027d2c-80a3-4f0b-bf76-4aea918ef135?view=table&page=3'}41: {text: 'Feedback', href: 'https://fmrwatch.bafe.gov.ph/projects/ef027d2c-80a3-4f0b-bf76-4aea918ef135?view=table&page=3'}42: {text: 'Concreting of Brgy. Paco Roman FMR\n\n2025-R3-NUE-INFRA-FMRDP-FMR-01973', href: 'https://fmrwatch.bafe.gov.ph/projects/dc9f095f-3dba-44c4-9597-a052d51f4ba1?view=table&page=3'}43: {text: 'Rizal, Nueva Ecija', href: 'https://fmrwatch.bafe.gov.ph/projects/dc9f095f-3dba-44c4-9597-a052d51f4ba1?view=table&page=3'}44: {text: 'Department of Public Works and Highways', href: 'https://fmrwatch.bafe.gov.ph/projects/dc9f095f-3dba-44c4-9597-a052d51f4ba1?view=table&page=3'}45: {text: '₱15,000,000.00', href: 'https://fmrwatch.bafe.gov.ph/projects/dc9f095f-3dba-44c4-9597-a052d51f4ba1?view=table&page=3'}46: {text: 'Not yet started', href: 'https://fmrwatch.bafe.gov.ph/projects/dc9f095f-3dba-44c4-9597-a052d51f4ba1?view=table&page=3'}47: {text: 'Feedback', href: 'https://fmrwatch.bafe.gov.ph/projects/dc9f095f-3dba-44c4-9597-a052d51f4ba1?view=table&page=3'}48: {text: 'Concreting of Brgy. Umangan to Brgy. San Juan FMR\n\n2025-R3-NUE-INFRA-FMRDP-FMR-01966', href: 'https://fmrwatch.bafe.gov.ph/projects/7e3e2ffe-8cba-4141-b8fe-e1ecf7a05d10?view=table&page=3'}49: {text: 'Aliaga, Nueva Ecija', href: 'https://fmrwatch.bafe.gov.ph/projects/7e3e2ffe-8cba-4141-b8fe-e1ecf7a05d10?view=table&page=3'}50: {text: 'Department of Public Works and Highways', href: 'https://fmrwatch.bafe.gov.ph/projects/7e3e2ffe-8cba-4141-b8fe-e1ecf7a05d10?view=table&page=3'}51: {text: '₱15,000,000.00', href: 'https://fmrwatch.bafe.gov.ph/projects/7e3e2ffe-8cba-4141-b8fe-e1ecf7a05d10?view=table&page=3'}52: {text: 'Not yet started', href: 'https://fmrwatch.bafe.gov.ph/projects/7e3e2ffe-8cba-4141-b8fe-e1ecf7a05d10?view=table&page=3'}53: {text: 'Feedback', href: 'https://fmrwatch.bafe.gov.ph/projects/7e3e2ffe-8cba-4141-b8fe-e1ecf7a05d10?view=table&page=3'}54: {text: 'Concreting of Brgy. Sta. Isabel FMR (Phase II)\n\n2025-R3-NUE-INFRA-FMRDP-FMR-01977', href: 'https://fmrwatch.bafe.gov.ph/projects/ac8148f1-246e-4c73-b5d9-477bffc57460?view=table&page=3'}55: {text: 'Cabiao, Nueva Ecija', href: 'https://fmrwatch.bafe.gov.ph/projects/ac8148f1-246e-4c73-b5d9-477bffc57460?view=table&page=3'}56: {text: 'Department of Public Works and Highways', href: 'https://fmrwatch.bafe.gov.ph/projects/ac8148f1-246e-4c73-b5d9-477bffc57460?view=table&page=3'}57: {text: '₱15,000,000.00', href: 'https://fmrwatch.bafe.gov.ph/projects/ac8148f1-246e-4c73-b5d9-477bffc57460?view=table&page=3'}58: {text: 'Not yet started', href: 'https://fmrwatch.bafe.gov.ph/projects/ac8148f1-246e-4c73-b5d9-477bffc57460?view=table&page=3'}59: {text: 'Feedback', href: 'https://fmrwatch.bafe.gov.ph/projects/ac8148f1-246e-4c73-b5d9-477bffc57460?view=table&page=3'}length: 60[[Prototype]]: Array(0)
VM117:18 Buttons: (32) [{…}, {…}, {…}, {…}, {…}, {…}, {…}, {…}, {…}, {…}, {…}, {…}, {…}, {…}, {…}, {…}, {…}, {…}, {…}, {…}, {…}, {…}, {…}, {…}, {…}, {…}, {…}, {…}, {…}, {…}, {…}, {…}]0: {text: 'EN', aria: null, disabled: false}1: {text: '', aria: 'Toggle theme', disabled: false}2: {text: '', aria: 'Open navigation', disabled: false}3: {text: 'More', aria: null, disabled: false}4: {text: 'EN', aria: null, disabled: false}5: {text: '', aria: 'Toggle theme', disabled: false}6: {text: '', aria: 'Table View', disabled: false}7: {text: '', aria: 'Grid View', disabled: false}8: {text: '', aria: 'Maps View', disabled: false}9: {text: '', aria: null, disabled: false}10: {text: 'All', aria: null, disabled: false}11: {text: 'FMRDP', aria: null, disabled: false}12: {text: 'MIADP', aria: null, disabled: false}13: {text: 'PROJECT NAME/CODE', aria: null, disabled: false}14: {text: 'LOCATION', aria: null, disabled: false}15: {text: 'IMPLEMENTING AGENCY', aria: null, disabled: false}16: {text: 'BUDGET (PHP)', aria: null, disabled: false}17: {text: 'STATUS', aria: null, disabled: false}18: {text: 'Feedback', aria: null, disabled: false}19: {text: 'Feedback', aria: null, disabled: false}20: {text: 'Feedback', aria: null, disabled: false}21: {text: 'Feedback', aria: null, disabled: false}22: {text: 'Feedback', aria: null, disabled: false}23: {text: 'Feedback', aria: null, disabled: false}24: {text: 'Feedback', aria: null, disabled: false}25: {text: 'Feedback', aria: null, disabled: false}26: {text: 'Feedback', aria: null, disabled: false}27: {text: 'Feedback', aria: null, disabled: false}28: {text: '10', aria: null, disabled: false}29: {text: 'Previous', aria: 'Previous', disabled: false}30: {text: 'Next', aria: 'Next', disabled: false}31: {text: '', aria: 'Go to top', disabled: false}length: 32[[Prototype]]: Array(0)
undefined
(() => {
  console.log("URL:", location.href);

  const links = [...document.querySelectorAll("a")].map(a => ({
    text: (a.innerText || "").trim(),
    href: a.href
  }));

  console.log(
    "Pagination candidates:",
    links.filter(x =>
      /page=\d+/.test(x.href) ||
      /next/i.test(x.text) ||
      /previous|prev/i.test(x.text)
    )
  );

  console.log(
    "Buttons:",
    [...document.querySelectorAll("button")].map(b => ({
      text: (b.innerText || "").trim(),
      aria: b.getAttribute("aria-label"),
      disabled: b.disabled
    }))
  );
})();

VM122:2 URL: https://fmrwatch.bafe.gov.ph/projects?view=table&page=3
VM122:9 Pagination candidates: (60) [{…}, {…}, {…}, {…}, {…}, {…}, {…}, {…}, {…}, {…}, {…}, {…}, {…}, {…}, {…}, {…}, {…}, {…}, {…}, {…}, {…}, {…}, {…}, {…}, {…}, {…}, {…}, {…}, {…}, {…}, {…}, {…}, {…}, {…}, {…}, {…}, {…}, {…}, {…}, {…}, {…}, {…}, {…}, {…}, {…}, {…}, {…}, {…}, {…}, {…}, {…}, {…}, {…}, {…}, {…}, {…}, {…}, {…}, {…}, {…}]0: {text: 'Concreting of Sitio Danlagan Brgy. 66 - Banqueroha…pi City, Albay\n\n2026-R5-ALB-INFRA-FMRDP-FMR-01695', href: 'https://fmrwatch.bafe.gov.ph/projects/e1627fb1-3547-4c37-a260-aa55a92065c5?view=table&page=3'}1: {text: 'Legazpi City, Albay', href: 'https://fmrwatch.bafe.gov.ph/projects/e1627fb1-3547-4c37-a260-aa55a92065c5?view=table&page=3'}2: {text: 'Bicol Region (Region V)', href: 'https://fmrwatch.bafe.gov.ph/projects/e1627fb1-3547-4c37-a260-aa55a92065c5?view=table&page=3'}3: {text: '₱15,000,000.00', href: 'https://fmrwatch.bafe.gov.ph/projects/e1627fb1-3547-4c37-a260-aa55a92065c5?view=table&page=3'}4: {text: 'Not yet started', href: 'https://fmrwatch.bafe.gov.ph/projects/e1627fb1-3547-4c37-a260-aa55a92065c5?view=table&page=3'}5: {text: 'Feedback', href: 'https://fmrwatch.bafe.gov.ph/projects/e1627fb1-3547-4c37-a260-aa55a92065c5?view=table&page=3'}6: {text: 'Concreting of Brgy. Sta. Barbara to Brgy. San Isid…usan, Sorsogon\n\n2026-R5-SOR-INFRA-FMRDP-FMR-01696', href: 'https://fmrwatch.bafe.gov.ph/projects/3d02361a-a5f0-4a6f-8300-8a8548acfda4?view=table&page=3'}7: {text: 'Bulusan, Sorsogon', href: 'https://fmrwatch.bafe.gov.ph/projects/3d02361a-a5f0-4a6f-8300-8a8548acfda4?view=table&page=3'}8: {text: 'Bicol Region (Region V)', href: 'https://fmrwatch.bafe.gov.ph/projects/3d02361a-a5f0-4a6f-8300-8a8548acfda4?view=table&page=3'}9: {text: '₱30,000,000.00', href: 'https://fmrwatch.bafe.gov.ph/projects/3d02361a-a5f0-4a6f-8300-8a8548acfda4?view=table&page=3'}10: {text: 'Not yet started', href: 'https://fmrwatch.bafe.gov.ph/projects/3d02361a-a5f0-4a6f-8300-8a8548acfda4?view=table&page=3'}11: {text: 'Feedback', href: 'https://fmrwatch.bafe.gov.ph/projects/3d02361a-a5f0-4a6f-8300-8a8548acfda4?view=table&page=3'}12: {text: 'Concreting of Sitio Agawan, Tabog to Sitio Pisoson… Camarines Sur\n\n2026-R5-CAS-INFRA-FMRDP-FMR-01697', href: 'https://fmrwatch.bafe.gov.ph/projects/bc6ad17e-16b4-430c-baaa-272d31791c8c?view=table&page=3'}13: {text: 'Caramoan, Camarines Sur', href: 'https://fmrwatch.bafe.gov.ph/projects/bc6ad17e-16b4-430c-baaa-272d31791c8c?view=table&page=3'}14: {text: 'Bicol Region (Region V)', href: 'https://fmrwatch.bafe.gov.ph/projects/bc6ad17e-16b4-430c-baaa-272d31791c8c?view=table&page=3'}15: {text: '₱30,000,000.00', href: 'https://fmrwatch.bafe.gov.ph/projects/bc6ad17e-16b4-430c-baaa-272d31791c8c?view=table&page=3'}16: {text: 'Not yet started', href: 'https://fmrwatch.bafe.gov.ph/projects/bc6ad17e-16b4-430c-baaa-272d31791c8c?view=table&page=3'}17: {text: 'Feedback', href: 'https://fmrwatch.bafe.gov.ph/projects/bc6ad17e-16b4-430c-baaa-272d31791c8c?view=table&page=3'}18: {text: 'Concreting of Brgy. Quezon FMR, Brgy. Quezon, Pitogo, Quezon\n\n2025-R4A-QUE-INFRA-FMRDP-FMR-01751', href: 'https://fmrwatch.bafe.gov.ph/projects/75fe641d-5caa-479f-88c6-69fda94fcca9?view=table&page=3'}19: {text: 'Pitogo, Quezon', href: 'https://fmrwatch.bafe.gov.ph/projects/75fe641d-5caa-479f-88c6-69fda94fcca9?view=table&page=3'}20: {text: 'Department of Public Works and Highways', href: 'https://fmrwatch.bafe.gov.ph/projects/75fe641d-5caa-479f-88c6-69fda94fcca9?view=table&page=3'}21: {text: '₱30,000,000.00', href: 'https://fmrwatch.bafe.gov.ph/projects/75fe641d-5caa-479f-88c6-69fda94fcca9?view=table&page=3'}22: {text: 'Not yet started', href: 'https://fmrwatch.bafe.gov.ph/projects/75fe641d-5caa-479f-88c6-69fda94fcca9?view=table&page=3'}23: {text: 'Feedback', href: 'https://fmrwatch.bafe.gov.ph/projects/75fe641d-5caa-479f-88c6-69fda94fcca9?view=table&page=3'}24: {text: 'Concreting of Brgy. Balagtas to Brgy. Mabini FMR, …nisan, Quezon\n\n2025-R4A-QUE-INFRA-FMRDP-FMR-01752', href: 'https://fmrwatch.bafe.gov.ph/projects/e735cb2a-5b10-47ec-90a0-2f40fcd424b7?view=table&page=3'}25: {text: 'Unisan, Quezon', href: 'https://fmrwatch.bafe.gov.ph/projects/e735cb2a-5b10-47ec-90a0-2f40fcd424b7?view=table&page=3'}26: {text: 'Department of Public Works and Highways', href: 'https://fmrwatch.bafe.gov.ph/projects/e735cb2a-5b10-47ec-90a0-2f40fcd424b7?view=table&page=3'}27: {text: '₱15,000,000.00', href: 'https://fmrwatch.bafe.gov.ph/projects/e735cb2a-5b10-47ec-90a0-2f40fcd424b7?view=table&page=3'}28: {text: 'Not yet started', href: 'https://fmrwatch.bafe.gov.ph/projects/e735cb2a-5b10-47ec-90a0-2f40fcd424b7?view=table&page=3'}29: {text: 'Feedback', href: 'https://fmrwatch.bafe.gov.ph/projects/e735cb2a-5b10-47ec-90a0-2f40fcd424b7?view=table&page=3'}30: {text: 'Construction/Improvement of Kagangaan to Palingaew…o Market Road\n\n2027-CAR-MOU-INFRA-FMRDP-FMR-00830', href: 'https://fmrwatch.bafe.gov.ph/projects/dfcc79ec-350d-458e-9469-973104a064ad?view=table&page=3'}31: {text: 'Sabangan, Mountain Province', href: 'https://fmrwatch.bafe.gov.ph/projects/dfcc79ec-350d-458e-9469-973104a064ad?view=table&page=3'}32: {text: 'Cordillera Administrative Region (CAR)', href: 'https://fmrwatch.bafe.gov.ph/projects/dfcc79ec-350d-458e-9469-973104a064ad?view=table&page=3'}33: {text: '₱62,436,000.00', href: 'https://fmrwatch.bafe.gov.ph/projects/dfcc79ec-350d-458e-9469-973104a064ad?view=table&page=3'}34: {text: 'Not yet started', href: 'https://fmrwatch.bafe.gov.ph/projects/dfcc79ec-350d-458e-9469-973104a064ad?view=table&page=3'}35: {text: 'Feedback', href: 'https://fmrwatch.bafe.gov.ph/projects/dfcc79ec-350d-458e-9469-973104a064ad?view=table&page=3'}36: {text: 'CONSTRUCTION OF BRNGY. ANKILENG-SUYO FARM TO MARKE…PONENT BRIDGE\n\n2027-CAR-MOU-INFRA-FMRDP-FMR-00829', href: 'https://fmrwatch.bafe.gov.ph/projects/ef027d2c-80a3-4f0b-bf76-4aea918ef135?view=table&page=3'}37: {text: 'Sagada, Mountain Province', href: 'https://fmrwatch.bafe.gov.ph/projects/ef027d2c-80a3-4f0b-bf76-4aea918ef135?view=table&page=3'}38: {text: 'Cordillera Administrative Region (CAR)', href: 'https://fmrwatch.bafe.gov.ph/projects/ef027d2c-80a3-4f0b-bf76-4aea918ef135?view=table&page=3'}39: {text: '₱40,000,000.00', href: 'https://fmrwatch.bafe.gov.ph/projects/ef027d2c-80a3-4f0b-bf76-4aea918ef135?view=table&page=3'}40: {text: 'Not yet started', href: 'https://fmrwatch.bafe.gov.ph/projects/ef027d2c-80a3-4f0b-bf76-4aea918ef135?view=table&page=3'}41: {text: 'Feedback', href: 'https://fmrwatch.bafe.gov.ph/projects/ef027d2c-80a3-4f0b-bf76-4aea918ef135?view=table&page=3'}42: {text: 'Concreting of Brgy. Paco Roman FMR\n\n2025-R3-NUE-INFRA-FMRDP-FMR-01973', href: 'https://fmrwatch.bafe.gov.ph/projects/dc9f095f-3dba-44c4-9597-a052d51f4ba1?view=table&page=3'}43: {text: 'Rizal, Nueva Ecija', href: 'https://fmrwatch.bafe.gov.ph/projects/dc9f095f-3dba-44c4-9597-a052d51f4ba1?view=table&page=3'}44: {text: 'Department of Public Works and Highways', href: 'https://fmrwatch.bafe.gov.ph/projects/dc9f095f-3dba-44c4-9597-a052d51f4ba1?view=table&page=3'}45: {text: '₱15,000,000.00', href: 'https://fmrwatch.bafe.gov.ph/projects/dc9f095f-3dba-44c4-9597-a052d51f4ba1?view=table&page=3'}46: {text: 'Not yet started', href: 'https://fmrwatch.bafe.gov.ph/projects/dc9f095f-3dba-44c4-9597-a052d51f4ba1?view=table&page=3'}47: {text: 'Feedback', href: 'https://fmrwatch.bafe.gov.ph/projects/dc9f095f-3dba-44c4-9597-a052d51f4ba1?view=table&page=3'}48: {text: 'Concreting of Brgy. Umangan to Brgy. San Juan FMR\n\n2025-R3-NUE-INFRA-FMRDP-FMR-01966', href: 'https://fmrwatch.bafe.gov.ph/projects/7e3e2ffe-8cba-4141-b8fe-e1ecf7a05d10?view=table&page=3'}49: {text: 'Aliaga, Nueva Ecija', href: 'https://fmrwatch.bafe.gov.ph/projects/7e3e2ffe-8cba-4141-b8fe-e1ecf7a05d10?view=table&page=3'}50: {text: 'Department of Public Works and Highways', href: 'https://fmrwatch.bafe.gov.ph/projects/7e3e2ffe-8cba-4141-b8fe-e1ecf7a05d10?view=table&page=3'}51: {text: '₱15,000,000.00', href: 'https://fmrwatch.bafe.gov.ph/projects/7e3e2ffe-8cba-4141-b8fe-e1ecf7a05d10?view=table&page=3'}52: {text: 'Not yet started', href: 'https://fmrwatch.bafe.gov.ph/projects/7e3e2ffe-8cba-4141-b8fe-e1ecf7a05d10?view=table&page=3'}53: {text: 'Feedback', href: 'https://fmrwatch.bafe.gov.ph/projects/7e3e2ffe-8cba-4141-b8fe-e1ecf7a05d10?view=table&page=3'}54: {text: 'Concreting of Brgy. Sta. Isabel FMR (Phase II)\n\n2025-R3-NUE-INFRA-FMRDP-FMR-01977', href: 'https://fmrwatch.bafe.gov.ph/projects/ac8148f1-246e-4c73-b5d9-477bffc57460?view=table&page=3'}55: {text: 'Cabiao, Nueva Ecija', href: 'https://fmrwatch.bafe.gov.ph/projects/ac8148f1-246e-4c73-b5d9-477bffc57460?view=table&page=3'}56: {text: 'Department of Public Works and Highways', href: 'https://fmrwatch.bafe.gov.ph/projects/ac8148f1-246e-4c73-b5d9-477bffc57460?view=table&page=3'}57: {text: '₱15,000,000.00', href: 'https://fmrwatch.bafe.gov.ph/projects/ac8148f1-246e-4c73-b5d9-477bffc57460?view=table&page=3'}58: {text: 'Not yet started', href: 'https://fmrwatch.bafe.gov.ph/projects/ac8148f1-246e-4c73-b5d9-477bffc57460?view=table&page=3'}59: {text: 'Feedback', href: 'https://fmrwatch.bafe.gov.ph/projects/ac8148f1-246e-4c73-b5d9-477bffc57460?view=table&page=3'}length: 60[[Prototype]]: Array(0)at: ƒ at()concat: ƒ concat()constructor: ƒ Array()copyWithin: ƒ copyWithin()entries: ƒ entries()every: ƒ every()fill: ƒ fill()filter: ƒ filter()find: ƒ find()findIndex: ƒ findIndex()findLast: ƒ findLast()findLastIndex: ƒ findLastIndex()flat: ƒ flat()flatMap: ƒ flatMap()forEach: ƒ forEach()includes: ƒ includes()indexOf: ƒ indexOf()join: ƒ join()keys: ƒ keys()lastIndexOf: ƒ lastIndexOf()length: 0map: ƒ map()pop: ƒ pop()push: ƒ push()reduce: ƒ reduce()reduceRight: ƒ reduceRight()reverse: ƒ reverse()shift: ƒ shift()slice: ƒ slice()some: ƒ some()sort: ƒ sort()splice: ƒ splice()toLocaleString: ƒ toLocaleString()toReversed: ƒ toReversed()toSorted: ƒ toSorted()toSpliced: ƒ toSpliced()toString: ƒ toString()unshift: ƒ unshift()values: ƒ values()with: ƒ with()Symbol(Symbol.iterator): ƒ values()Symbol(Symbol.unscopables): {at: true, copyWithin: true, entries: true, fill: true, find: true, …}[[Prototype]]: Object
VM122:18 Buttons: (32) [{…}, {…}, {…}, {…}, {…}, {…}, {…}, {…}, {…}, {…}, {…}, {…}, {…}, {…}, {…}, {…}, {…}, {…}, {…}, {…}, {…}, {…}, {…}, {…}, {…}, {…}, {…}, {…}, {…}, {…}, {…}, {…}]0: {text: 'EN', aria: null, disabled: false}1: {text: '', aria: 'Toggle theme', disabled: false}2: {text: '', aria: 'Open navigation', disabled: false}3: {text: 'More', aria: null, disabled: false}4: {text: 'EN', aria: null, disabled: false}5: {text: '', aria: 'Toggle theme', disabled: false}6: {text: '', aria: 'Table View', disabled: false}7: {text: '', aria: 'Grid View', disabled: false}8: {text: '', aria: 'Maps View', disabled: false}9: {text: '', aria: null, disabled: false}10: {text: 'All', aria: null, disabled: false}11: {text: 'FMRDP', aria: null, disabled: false}12: {text: 'MIADP', aria: null, disabled: false}13: {text: 'PROJECT NAME/CODE', aria: null, disabled: false}14: {text: 'LOCATION', aria: null, disabled: false}15: {text: 'IMPLEMENTING AGENCY', aria: null, disabled: false}16: {text: 'BUDGET (PHP)', aria: null, disabled: false}17: {text: 'STATUS', aria: null, disabled: false}18: {text: 'Feedback', aria: null, disabled: false}19: {text: 'Feedback', aria: null, disabled: false}20: {text: 'Feedback', aria: null, disabled: false}21: {text: 'Feedback', aria: null, disabled: false}22: {text: 'Feedback', aria: null, disabled: false}23: {text: 'Feedback', aria: null, disabled: false}24: {text: 'Feedback', aria: null, disabled: false}25: {text: 'Feedback', aria: null, disabled: false}26: {text: 'Feedback', aria: null, disabled: false}27: {text: 'Feedback', aria: null, disabled: false}28: {text: '10', aria: null, disabled: false}29: {text: 'Previous', aria: 'Previous', disabled: false}30: {text: 'Next', aria: 'Next', disabled: false}31: {text: '', aria: 'Go to top', disabled: false}length: 32[[Prototype]]: Array(0)
undefined
Window {window: Window, self: Window, document: document, name: '', location: Location, …}$RB: []$RC: ƒ (a,b)$RT: 7741.399999976158$RV: ƒ (a)MotionIsMounted: trueNEXT_DEPLOYMENT_ID: undefinedTURBOPACK: {push: ƒ}alert: ƒ alert()atob: ƒ atob()blur: ƒ blur()btoa: ƒ btoa()caches: CacheStorage {}cancelAnimationFrame: ƒ cancelAnimationFrame()cancelIdleCallback: ƒ cancelIdleCallback()captureEvents: ƒ captureEvents()chrome: {loadTimes: ƒ, csi: ƒ}clearInterval: ƒ clearInterval()clearTimeout: ƒ clearTimeout()clientInformation: Navigator {vendorSub: '', productSub: '20030107', vendor: 'Google Inc.', maxTouchPoints: 0, scheduling: Scheduling, …}close: ƒ close()closed: falseconfirm: ƒ confirm()cookieStore: CookieStore {onchange: null}crashReport: CrashReportContext {}createImageBitmap: ƒ createImageBitmap()credentialless: falsecrossOriginIsolated: falsecrypto: Crypto {subtle: SubtleCrypto}customElements: CustomElementRegistry {}dataLayer: (11) [Arguments(2), Arguments(3), Arguments(3), {…}, {…}, {…}, {…}, {…}, {…}, {…}, {…}, push: ƒ]devicePixelRatio: 1document: documentdocumentPictureInPicture: DocumentPictureInPicture {window: null, onenter: null}event: undefinedexternal: External {}fence: nullfetch: ƒ fetch()fetchLater: ƒ fetchLater()find: ƒ find()focus: ƒ focus()frameElement: nullframes: Window {window: Window, self: Window, document: document, name: '', location: Location, …}gaGlobal: {vid: '1441542460.1788362658', from_cookie: false}getComputedStyle: ƒ getComputedStyle()getScreenDetails: ƒ getScreenDetails()getSelection: ƒ getSelection()google_tag_data: {tidr: rl, xcd: {…}, uach_promise: Promise, ics: Rl, uach: {…}, …}google_tag_manager: {debugGroupId: '6852428450965565', tcf: {…}, pscdl: 'noapi', G-CJT311R1E9: {…}, dataLayer: {…}, …}gtag: ƒ gtag()history: History {length: 14, scrollRestoration: 'auto', state: {…}, pushState: ƒ, replaceState: ƒ}indexedDB: IDBFactory {}innerHeight: 208innerWidth: 1366isSecureContext: truelaunchQueue: LaunchQueue {}length: 0localStorage: Storage {cookie-consent: '{"essential":true,"analytics":false,"timestamp":"2026-09-02T12:03:03.217Z"}', theme: 'dark', language_selected: 'true', language: 'en', length: 4}location: Location {ancestorOrigins: DOMStringList, href: 'https://fmrwatch.bafe.gov.ph/projects?view=table&page=3', origin: 'https://fmrwatch.bafe.gov.ph', protocol: 'https:', host: 'fmrwatch.bafe.gov.ph', …}locationbar: BarProp {visible: true}matchMedia: ƒ matchMedia()menubar: BarProp {visible: true}moveBy: ƒ moveBy()moveTo: ƒ moveTo()name: ""navigation: Navigation {currentEntry: NavigationHistoryEntry, transition: null, activation: NavigationActivation, canGoBack: true, canGoForward: false, …}navigator: Navigator {vendorSub: '', productSub: '20030107', vendor: 'Google Inc.', maxTouchPoints: 0, scheduling: Scheduling, …}next: {version: '16.2.9', appDir: true, turbopack: true, router: {…}, __internal_src_page: '/(public)/projects/page'}onYouTubeIframeAPIReady: ƒ ()onabort: nullonafterprint: nullonanimationcancel: nullonanimationend: nullonanimationiteration: nullonanimationstart: nullonappinstalled: nullonauxclick: nullonbeforeinput: nullonbeforeinstallprompt: nullonbeforematch: nullonbeforeprint: nullonbeforetoggle: nullonbeforeunload: nullonbeforexrselect: nullonblur: nulloncancel: nulloncanplay: nulloncanplaythrough: nullonchange: nullonclick: nullonclose: nulloncommand: nulloncontentvisibilityautostatechange: nulloncontextlost: nulloncontextmenu: nulloncontextrestored: nulloncuechange: nullondblclick: nullondevicemotion: nullondeviceorientation: nullondeviceorientationabsolute: nullondrag: nullondragend: nullondragenter: nullondragleave: nullondragover: nullondragstart: nullondrop: nullondurationchange: nullonemptied: nullonended: nullonerror: nullonfocus: nullonformdata: nullongamepadconnected: nullongamepaddisconnected: nullongotpointercapture: nullonhashchange: nulloninput: nulloninvalid: nullonkeydown: nullonkeypress: nullonkeyup: nullonlanguagechange: nullonload: nullonloadeddata: nullonloadedmetadata: nullonloadstart: nullonlostpointercapture: nullonmessage: nullonmessageerror: nullonmousedown: nullonmouseenter: nullonmouseleave: nullonmousemove: nullonmouseout: nullonmouseover: nullonmouseup: nullonmousewheel: nullonoffline: nullononline: nullonpagehide: nullonpagereveal: nullonpageshow: nullonpageswap: nullonpause: nullonplay: nullonplaying: nullonpointercancel: nullonpointerdown: nullonpointerenter: nullonpointerleave: nullonpointermove: nullonpointerout: nullonpointerover: nullonpointerrawupdate: nullonpointerup: nullonpopstate: nullonprogress: nullonratechange: nullonrejectionhandled: nullonreset: nullonresize: nullonscroll: nullonscrollend: nullonscrollsnapchange: nullonscrollsnapchanging: nullonsearch: nullonsecuritypolicyviolation: nullonseeked: nullonseeking: nullonselect: nullonselectionchange: nullonselectstart: nullonslotchange: nullonstalled: nullonstorage: nullonsubmit: nullonsuspend: nullontimeupdate: nullontoggle: nullontransitioncancel: nullontransitionend: nullontransitionrun: nullontransitionstart: nullonunhandledrejection: nullonunload: nullonvolumechange: nullonwaiting: nullonwebkitanimationend: nullonwebkitanimationiteration: nullonwebkitanimationstart: nullonwebkittransitionend: nullonwheel: nullopen: ƒ open()opener: nullorigin: "https://fmrwatch.bafe.gov.ph"originAgentCluster: trueouterHeight: 720outerWidth: 1366pageXOffset: 0pageYOffset: 1300parent: Window {window: Window, self: Window, document: document, name: '', location: Location, …}performance: Performance {timeOrigin: 1788362646437.9, onresourcetimingbufferfull: null, timing: PerformanceTiming, navigation: PerformanceNavigation, memory: MemoryInfo, …}personalbar: BarProp {visible: true}postMessage: ƒ postMessage()print: ƒ print()prompt: ƒ prompt()queryLocalFonts: ƒ queryLocalFonts()queueMicrotask: ƒ queueMicrotask()releaseEvents: ƒ releaseEvents()reportError: ƒ reportError()requestAnimationFrame: ƒ requestAnimationFrame()requestIdleCallback: ƒ requestIdleCallback()resizeBy: ƒ resizeBy()resizeTo: ƒ resizeTo()scheduler: Scheduler {}screen: Screen {availWidth: 1366, availHeight: 720, width: 1366, height: 768, colorDepth: 24, …}screenLeft: 0screenTop: 0screenX: 0screenY: 0scroll: ƒ scroll()scrollBy: ƒ scrollBy()scrollTo: ƒ scrollTo()scrollX: 0scrollY: 1300scrollbars: BarProp {visible: true}self: Window {window: Window, self: Window, document: document, name: '', location: Location, …}sessionStorage: Storage {length: 0}setInterval: ƒ setInterval()setTimeout: ƒ setTimeout()sharedStorage: SharedStorage {worklet: SharedStorageWorklet}showDirectoryPicker: ƒ showDirectoryPicker()showOpenFilePicker: ƒ showOpenFilePicker()showSaveFilePicker: ƒ showSaveFilePicker()speechSynthesis: SpeechSynthesis {pending: false, speaking: false, paused: false, onvoiceschanged: null}status: ""statusbar: BarProp {visible: true}stop: ƒ stop()structuredClone: ƒ structuredClone()styleMedia: StyleMedia {type: 'screen'}toolbar: BarProp {visible: true}top: Window {window: Window, self: Window, document: document, name: '', location: Location, …}trustedTypes: TrustedTypePolicyFactory {emptyHTML: emptyHTML "", emptyScript: emptyScript "", defaultPolicy: null}viewport: Viewport {segments: Array(1)}visualViewport: VisualViewport {offsetLeft: 0, offsetTop: 0, pageLeft: 0, pageTop: 1300, width: 1351, …}webkitCancelAnimationFrame: ƒ webkitCancelAnimationFrame()webkitRequestAnimationFrame: ƒ webkitRequestAnimationFrame()webkitRequestFileSystem: ƒ webkitRequestFileSystem()webkitResolveLocalFileSystemURL: ƒ webkitResolveLocalFileSystemURL()window: Window {window: Window, self: Window, document: document, name: '', location: Location, …}__FMR_FE2_RESULTS__: {total_pages_attempted: 647, successful_pages: 647, failed_pages: 0, unique_uuids: 6467, expected_projects: 6467, …}__FMR_FE2_VALIDATION__: {status: 'PASS', pages: 647, enumerated: 6467, unique: 6467, expected: 6467, …}__FMR_FE7_R1__: {reproduction_id: 'FE7-R1-2026-09-03T04-10-01-516Z', reproduction_started_at: '2026-09-03T03:55:04.147Z', reproduction_finished_at: '2026-09-03T04:10:01.516Z', method: 'Independent rerun of GET /projects?view=table&page…ng same-origin browser fetch and UUID extraction.', source: 'https://fmrwatch.bafe.gov.ph/projects', …}__FMR_FROZEN_FRAME__: {frame_id: 'FMR-FRAME-2026-09-03-859cc9bd480e', frozen_at: '2026-09-03T02:30:22.811Z', sha256: '859cc9bd480e3d219e9586d02e162889b5462553c40666fd2f10d49853fd4fc9', record_count: 6467, page_count: 647, …}__cfBeacon: {version: '2024.11.0', token: '66fdfc205cee45e498a529a1992c4253', r: 1, load: 'single'}__next_f: [push: ƒ]__webpack_hash__: ""Symbol(radix-ui): trueInfinity: InfinityAbortController: ƒ AbortController()AbortSignal: ƒ AbortSignal()AbsoluteOrientationSensor: ƒ AbsoluteOrientationSensor()AbstractRange: ƒ AbstractRange()Accelerometer: ƒ Accelerometer()AggregateError: ƒ AggregateError()AnalyserNode: ƒ AnalyserNode()Animation: ƒ Animation()AnimationEffect: ƒ AnimationEffect()AnimationEvent: ƒ AnimationEvent()AnimationPlaybackEvent: ƒ AnimationPlaybackEvent()AnimationTimeline: ƒ AnimationTimeline()AnimationTrigger: ƒ AnimationTrigger()Array: ƒ Array()ArrayBuffer: ƒ ArrayBuffer()AsyncDisposableStack: ƒ AsyncDisposableStack()Atomics: Atomics {load: ƒ, store: ƒ, add: ƒ, sub: ƒ, and: ƒ, …}Attr: ƒ Attr()Audio: ƒ Audio()AudioBuffer: ƒ AudioBuffer()AudioBufferSourceNode: ƒ AudioBufferSourceNode()AudioContext: ƒ AudioContext()AudioData: ƒ AudioData()AudioDecoder: ƒ AudioDecoder()AudioDestinationNode: ƒ AudioDestinationNode()AudioEncoder: ƒ AudioEncoder()AudioListener: ƒ AudioListener()AudioNode: ƒ AudioNode()AudioParam: ƒ AudioParam()AudioParamMap: ƒ AudioParamMap()AudioPlaybackStats: ƒ AudioPlaybackStats()AudioProcessingEvent: ƒ AudioProcessingEvent()AudioScheduledSourceNode: ƒ AudioScheduledSourceNode()AudioSinkInfo: ƒ AudioSinkInfo()AudioWorklet: ƒ AudioWorklet()AudioWorkletNode: ƒ AudioWorkletNode()AuthenticatorAssertionResponse: ƒ AuthenticatorAssertionResponse()AuthenticatorAttestationResponse: ƒ AuthenticatorAttestationResponse()AuthenticatorResponse: ƒ AuthenticatorResponse()BackgroundFetchManager: ƒ BackgroundFetchManager()BackgroundFetchRecord: ƒ BackgroundFetchRecord()BackgroundFetchRegistration: ƒ BackgroundFetchRegistration()BarProp: ƒ BarProp()BaseAudioContext: ƒ BaseAudioContext()BatteryManager: ƒ BatteryManager()BeforeInstallPromptEvent: ƒ BeforeInstallPromptEvent()BeforeUnloadEvent: ƒ BeforeUnloadEvent()BigInt: ƒ BigInt()BigInt64Array: ƒ BigInt64Array()BigUint64Array: ƒ BigUint64Array()BiquadFilterNode: ƒ BiquadFilterNode()Blob: ƒ Blob()BlobEvent: ƒ BlobEvent()Bluetooth: ƒ Bluetooth()BluetoothCharacteristicProperties: ƒ BluetoothCharacteristicProperties()BluetoothDevice: ƒ BluetoothDevice()BluetoothRemoteGATTCharacteristic: ƒ BluetoothRemoteGATTCharacteristic()BluetoothRemoteGATTDescriptor: ƒ BluetoothRemoteGATTDescriptor()BluetoothRemoteGATTServer: ƒ BluetoothRemoteGATTServer()BluetoothRemoteGATTService: ƒ BluetoothRemoteGATTService()BluetoothUUID: ƒ BluetoothUUID()Boolean: ƒ Boolean()BroadcastChannel: ƒ BroadcastChannel()BrowserCaptureMediaStreamTrack: ƒ BrowserCaptureMediaStreamTrack()ByteLengthQueuingStrategy: ƒ ByteLengthQueuingStrategy()CDATASection: ƒ CDATASection()CSPViolationReportBody: ƒ CSPViolationReportBody()CSS: CSS {highlights: HighlightRegistry, Hz: ƒ, Q: ƒ, cap: ƒ, ch: ƒ, …}CSSAnimation: ƒ CSSAnimation()CSSConditionRule: ƒ CSSConditionRule()CSSContainerRule: ƒ CSSContainerRule()CSSCounterStyleRule: ƒ CSSCounterStyleRule()CSSFontFaceRule: ƒ CSSFontFaceRule()CSSFontFeatureValuesRule: ƒ CSSFontFeatureValuesRule()CSSFontPaletteValuesRule: ƒ CSSFontPaletteValuesRule()CSSFunctionDeclarations: ƒ CSSFunctionDeclarations()CSSFunctionDescriptors: ƒ CSSFunctionDescriptors()CSSFunctionRule: ƒ CSSFunctionRule()CSSGroupingRule: ƒ CSSGroupingRule()CSSImageValue: ƒ CSSImageValue()CSSImportRule: ƒ CSSImportRule()CSSKeyframeRule: ƒ CSSKeyframeRule()CSSKeyframesRule: ƒ CSSKeyframesRule()CSSKeywordValue: ƒ CSSKeywordValue()CSSLayerBlockRule: ƒ CSSLayerBlockRule()CSSLayerStatementRule: ƒ CSSLayerStatementRule()CSSMarginRule: ƒ CSSMarginRule()CSSMathClamp: ƒ CSSMathClamp()CSSMathInvert: ƒ CSSMathInvert()CSSMathMax: ƒ CSSMathMax()CSSMathMin: ƒ CSSMathMin()CSSMathNegate: ƒ CSSMathNegate()CSSMathProduct: ƒ CSSMathProduct()CSSMathSum: ƒ CSSMathSum()CSSMathValue: ƒ CSSMathValue()CSSMatrixComponent: ƒ CSSMatrixComponent()CSSMediaRule: ƒ CSSMediaRule()CSSNamespaceRule: ƒ CSSNamespaceRule()CSSNestedDeclarations: ƒ CSSNestedDeclarations()CSSNumericArray: ƒ CSSNumericArray()CSSNumericValue: ƒ CSSNumericValue()CSSPageRule: ƒ CSSPageRule()CSSPerspective: ƒ CSSPerspective()CSSPositionTryDescriptors: ƒ CSSPositionTryDescriptors()CSSPositionTryRule: ƒ CSSPositionTryRule()CSSPositionValue: ƒ CSSPositionValue()CSSPropertyRule: ƒ CSSPropertyRule()CSSPseudoElement: ƒ CSSPseudoElement()CSSRotate: ƒ CSSRotate()CSSRule: ƒ CSSRule()CSSRuleList: ƒ CSSRuleList()CSSScale: ƒ CSSScale()CSSScopeRule: ƒ CSSScopeRule()CSSSkew: ƒ CSSSkew()CSSSkewX: ƒ CSSSkewX()CSSSkewY: ƒ CSSSkewY()CSSStartingStyleRule: ƒ CSSStartingStyleRule()CSSStyleDeclaration: ƒ CSSStyleDeclaration()CSSStyleRule: ƒ CSSStyleRule()CSSStyleSheet: ƒ CSSStyleSheet()CSSStyleValue: ƒ CSSStyleValue()CSSSupportsRule: ƒ CSSSupportsRule()CSSTransformComponent: ƒ CSSTransformComponent()CSSTransformValue: ƒ CSSTransformValue()CSSTransition: ƒ CSSTransition()CSSTranslate: ƒ CSSTranslate()CSSUnitValue: ƒ CSSUnitValue()CSSUnparsedValue: ƒ CSSUnparsedValue()CSSVariableReferenceValue: ƒ CSSVariableReferenceValue()CSSViewTransitionRule: ƒ CSSViewTransitionRule()Cache: ƒ Cache()CacheStorage: ƒ CacheStorage()CanvasCaptureMediaStreamTrack: ƒ CanvasCaptureMediaStreamTrack()CanvasGradient: ƒ CanvasGradient()CanvasPattern: ƒ CanvasPattern()CanvasRenderingContext2D: ƒ CanvasRenderingContext2D()CaptureController: ƒ CaptureController()CaretPosition: ƒ CaretPosition()ChannelMergerNode: ƒ ChannelMergerNode()ChannelSplitterNode: ƒ ChannelSplitterNode()ChapterInformation: ƒ ChapterInformation()CharacterBoundsUpdateEvent: ƒ CharacterBoundsUpdateEvent()CharacterData: ƒ CharacterData()Clipboard: ƒ Clipboard()ClipboardChangeEvent: ƒ ClipboardChangeEvent()ClipboardEvent: ƒ ClipboardEvent()ClipboardItem: ƒ ClipboardItem()CloseEvent: ƒ CloseEvent()CloseWatcher: ƒ CloseWatcher()CommandEvent: ƒ CommandEvent()Comment: ƒ Comment()CompositionEvent: ƒ CompositionEvent()CompressionStream: ƒ CompressionStream()ConstantSourceNode: ƒ ConstantSourceNode()ContentVisibilityAutoStateChangeEvent: ƒ ContentVisibilityAutoStateChangeEvent()ConvolverNode: ƒ ConvolverNode()CookieChangeEvent: ƒ CookieChangeEvent()CookieStore: ƒ CookieStore()CookieStoreManager: ƒ CookieStoreManager()CountQueuingStrategy: ƒ CountQueuingStrategy()CrashReportContext: ƒ CrashReportContext()CreateMonitor: ƒ CreateMonitor()Credential: ƒ Credential()CredentialsContainer: ƒ CredentialsContainer()CropTarget: ƒ CropTarget()Crypto: ƒ Crypto()CryptoKey: ƒ CryptoKey()CustomElementRegistry: ƒ CustomElementRegistry()CustomEvent: ƒ CustomEvent()CustomStateSet: ƒ CustomStateSet()DOMError: ƒ DOMError()DOMException: ƒ DOMException()DOMImplementation: ƒ DOMImplementation()DOMMatrix: ƒ DOMMatrix()DOMMatrixReadOnly: ƒ DOMMatrixReadOnly()DOMParser: ƒ DOMParser()DOMPoint: ƒ DOMPoint()DOMPointReadOnly: ƒ DOMPointReadOnly()DOMQuad: ƒ DOMQuad()DOMRect: ƒ DOMRect()DOMRectList: ƒ DOMRectList()DOMRectReadOnly: ƒ DOMRectReadOnly()DOMStringList: ƒ DOMStringList()DOMStringMap: ƒ DOMStringMap()DOMTokenList: ƒ DOMTokenList()DataTransfer: ƒ DataTransfer()DataTransferItem: ƒ DataTransferItem()DataTransferItemList: ƒ DataTransferItemList()DataView: ƒ DataView()Date: ƒ Date()DecompressionStream: ƒ DecompressionStream()DelayNode: ƒ DelayNode()DelegatedInkTrailPresenter: ƒ DelegatedInkTrailPresenter()DeviceMotionEvent: ƒ DeviceMotionEvent()DeviceMotionEventAcceleration: ƒ DeviceMotionEventAcceleration()DeviceMotionEventRotationRate: ƒ DeviceMotionEventRotationRate()DeviceOrientationEvent: ƒ DeviceOrientationEvent()DevicePosture: ƒ DevicePosture()DigitalCredential: ƒ DigitalCredential()DisposableStack: ƒ DisposableStack()Document: ƒ Document()DocumentFragment: ƒ DocumentFragment()DocumentPictureInPicture: ƒ DocumentPictureInPicture()DocumentPictureInPictureEvent: ƒ DocumentPictureInPictureEvent()DocumentTimeline: ƒ DocumentTimeline()DocumentType: ƒ DocumentType()DragEvent: ƒ DragEvent()DynamicsCompressorNode: ƒ DynamicsCompressorNode()EditContext: ƒ EditContext()Element: ƒ Element()ElementInternals: ƒ ElementInternals()EncodedAudioChunk: ƒ EncodedAudioChunk()EncodedVideoChunk: ƒ EncodedVideoChunk()Error: ƒ Error()ErrorEvent: ƒ ErrorEvent()EvalError: ƒ EvalError()Event: ƒ Event()EventCounts: ƒ EventCounts()EventSource: ƒ EventSource()EventTarget: ƒ EventTarget()External: ƒ External()EyeDropper: ƒ EyeDropper()FeaturePolicy: ƒ FeaturePolicy()FederatedCredential: ƒ FederatedCredential()Fence: ƒ Fence()FencedFrameConfig: ƒ FencedFrameConfig()FetchLaterResult: ƒ FetchLaterResult()File: ƒ File()FileList: ƒ FileList()FileReader: ƒ FileReader()FileSystemDirectoryHandle: ƒ FileSystemDirectoryHandle()FileSystemFileHandle: ƒ FileSystemFileHandle()FileSystemHandle: ƒ FileSystemHandle()FileSystemObserver: ƒ FileSystemObserver()FileSystemWritableFileStream: ƒ FileSystemWritableFileStream()FinalizationRegistry: ƒ FinalizationRegistry()Float16Array: ƒ Float16Array()Float32Array: ƒ Float32Array()Float64Array: ƒ Float64Array()FocusEvent: ƒ FocusEvent()FontData: ƒ FontData()FontFace: ƒ FontFace()FontFaceSet: ƒ FontFaceSet()FontFaceSetLoadEvent: ƒ FontFaceSetLoadEvent()FormData: ƒ FormData()FormDataEvent: ƒ FormDataEvent()FragmentDirective: ƒ FragmentDirective()Function: ƒ Function()GPU: ƒ GPU()GPUAdapter: ƒ GPUAdapter()GPUAdapterInfo: ƒ GPUAdapterInfo()GPUBindGroup: ƒ GPUBindGroup()GPUBindGroupLayout: ƒ GPUBindGroupLayout()GPUBuffer: ƒ GPUBuffer()GPUBufferUsage: GPUBufferUsage {MAP_READ: 1, MAP_WRITE: 2, COPY_SRC: 4, COPY_DST: 8, INDEX: 16, …}GPUCanvasContext: ƒ GPUCanvasContext()GPUColorWrite: GPUColorWrite {RED: 1, GREEN: 2, BLUE: 4, ALPHA: 8, ALL: 15, …}GPUCommandBuffer: ƒ GPUCommandBuffer()GPUCommandEncoder: ƒ GPUCommandEncoder()GPUCompilationInfo: ƒ GPUCompilationInfo()GPUCompilationMessage: ƒ GPUCompilationMessage()GPUComputePassEncoder: ƒ GPUComputePassEncoder()GPUComputePipeline: ƒ GPUComputePipeline()GPUDevice: ƒ GPUDevice()GPUDeviceLostInfo: ƒ GPUDeviceLostInfo()GPUError: ƒ GPUError()GPUExternalTexture: ƒ GPUExternalTexture()GPUInternalError: ƒ GPUInternalError()GPUMapMode: GPUMapMode {READ: 1, WRITE: 2, Symbol(Symbol.toStringTag): 'GPUMapMode'}GPUOutOfMemoryError: ƒ GPUOutOfMemoryError()GPUPipelineError: ƒ GPUPipelineError()GPUPipelineLayout: ƒ GPUPipelineLayout()GPUQuerySet: ƒ GPUQuerySet()GPUQueue: ƒ GPUQueue()GPURenderBundle: ƒ GPURenderBundle()GPURenderBundleEncoder: ƒ GPURenderBundleEncoder()GPURenderPassEncoder: ƒ GPURenderPassEncoder()GPURenderPipeline: ƒ GPURenderPipeline()GPUSampler: ƒ GPUSampler()GPUShaderModule: ƒ GPUShaderModule()GPUShaderStage: GPUShaderStage {VERTEX: 1, FRAGMENT: 2, COMPUTE: 4, Symbol(Symbol.toStringTag): 'GPUShaderStage'}GPUSupportedFeatures: ƒ GPUSupportedFeatures()GPUSupportedLimits: ƒ GPUSupportedLimits()GPUTexture: ƒ GPUTexture()GPUTextureUsage: GPUTextureUsage {COPY_SRC: 1, COPY_DST: 2, TEXTURE_BINDING: 4, STORAGE_BINDING: 8, RENDER_ATTACHMENT: 16, …}GPUTextureView: ƒ GPUTextureView()GPUUncapturedErrorEvent: ƒ GPUUncapturedErrorEvent()GPUValidationError: ƒ GPUValidationError()GainNode: ƒ GainNode()Gamepad: ƒ Gamepad()GamepadButton: ƒ GamepadButton()GamepadEvent: ƒ GamepadEvent()GamepadHapticActuator: ƒ GamepadHapticActuator()Geolocation: ƒ Geolocation()GeolocationCoordinates: ƒ GeolocationCoordinates()GeolocationPosition: ƒ GeolocationPosition()GeolocationPositionError: ƒ GeolocationPositionError()GravitySensor: ƒ GravitySensor()Gyroscope: ƒ Gyroscope()HID: ƒ HID()HIDConnectionEvent: ƒ HIDConnectionEvent()HIDDevice: ƒ HIDDevice()HIDInputReportEvent: ƒ HIDInputReportEvent()HTMLAllCollection: ƒ HTMLAllCollection()HTMLAnchorElement: ƒ HTMLAnchorElement()HTMLAreaElement: ƒ HTMLAreaElement()HTMLAudioElement: ƒ HTMLAudioElement()HTMLBRElement: ƒ HTMLBRElement()HTMLBaseElement: ƒ HTMLBaseElement()HTMLBodyElement: ƒ HTMLBodyElement()HTMLButtonElement: ƒ HTMLButtonElement()HTMLCanvasElement: ƒ HTMLCanvasElement()HTMLCollection: ƒ HTMLCollection()HTMLDListElement: ƒ HTMLDListElement()HTMLDataElement: ƒ HTMLDataElement()HTMLDataListElement: ƒ HTMLDataListElement()HTMLDetailsElement: ƒ HTMLDetailsElement()HTMLDialogElement: ƒ HTMLDialogElement()HTMLDirectoryElement: ƒ HTMLDirectoryElement()HTMLDivElement: ƒ HTMLDivElement()HTMLDocument: ƒ HTMLDocument()HTMLElement: ƒ HTMLElement()HTMLEmbedElement: ƒ HTMLEmbedElement()HTMLFencedFrameElement: ƒ HTMLFencedFrameElement()HTMLFieldSetElement: ƒ HTMLFieldSetElement()HTMLFontElement: ƒ HTMLFontElement()HTMLFormControlsCollection: ƒ HTMLFormControlsCollection()HTMLFormElement: ƒ HTMLFormElement()HTMLFrameElement: ƒ HTMLFrameElement()HTMLFrameSetElement: ƒ HTMLFrameSetElement()HTMLGeolocationElement: ƒ HTMLGeolocationElement()HTMLHRElement: ƒ HTMLHRElement()HTMLHeadElement: ƒ HTMLHeadElement()HTMLHeadingElement: ƒ HTMLHeadingElement()HTMLHtmlElement: ƒ HTMLHtmlElement()HTMLIFrameElement: ƒ HTMLIFrameElement()HTMLImageElement: ƒ HTMLImageElement()HTMLInputElement: ƒ HTMLInputElement()HTMLLIElement: ƒ HTMLLIElement()HTMLLabelElement: ƒ HTMLLabelElement()HTMLLegendElement: ƒ HTMLLegendElement()HTMLLinkElement: ƒ HTMLLinkElement()HTMLMapElement: ƒ HTMLMapElement()HTMLMarqueeElement: ƒ HTMLMarqueeElement()HTMLMediaElement: ƒ HTMLMediaElement()HTMLMenuElement: ƒ HTMLMenuElement()HTMLMetaElement: ƒ HTMLMetaElement()HTMLMeterElement: ƒ HTMLMeterElement()HTMLModElement: ƒ HTMLModElement()HTMLOListElement: ƒ HTMLOListElement()HTMLObjectElement: ƒ HTMLObjectElement()HTMLOptGroupElement: ƒ HTMLOptGroupElement()HTMLOptionElement: ƒ HTMLOptionElement()HTMLOptionsCollection: ƒ HTMLOptionsCollection()HTMLOutputElement: ƒ HTMLOutputElement()HTMLParagraphElement: ƒ HTMLParagraphElement()HTMLParamElement: ƒ HTMLParamElement()HTMLPictureElement: ƒ HTMLPictureElement()HTMLPreElement: ƒ HTMLPreElement()HTMLProgressElement: ƒ HTMLProgressElement()HTMLQuoteElement: ƒ HTMLQuoteElement()HTMLScriptElement: ƒ HTMLScriptElement()HTMLSelectElement: ƒ HTMLSelectElement()HTMLSelectedContentElement: ƒ HTMLSelectedContentElement()HTMLSlotElement: ƒ HTMLSlotElement()HTMLSourceElement: ƒ HTMLSourceElement()HTMLSpanElement: ƒ HTMLSpanElement()HTMLStyleElement: ƒ HTMLStyleElement()HTMLTableCaptionElement: ƒ HTMLTableCaptionElement()HTMLTableCellElement: ƒ HTMLTableCellElement()HTMLTableColElement: ƒ HTMLTableColElement()HTMLTableElement: ƒ HTMLTableElement()HTMLTableRowElement: ƒ HTMLTableRowElement()HTMLTableSectionElement: ƒ HTMLTableSectionElement()HTMLTemplateElement: ƒ HTMLTemplateElement()HTMLTextAreaElement: ƒ HTMLTextAreaElement()HTMLTimeElement: ƒ HTMLTimeElement()HTMLTitleElement: ƒ HTMLTitleElement()HTMLTrackElement: ƒ HTMLTrackElement()HTMLUListElement: ƒ HTMLUListElement()HTMLUnknownElement: ƒ HTMLUnknownElement()HTMLUserMediaElement: ƒ HTMLUserMediaElement()HTMLVideoElement: ƒ HTMLVideoElement()HashChangeEvent: ƒ HashChangeEvent()Headers: ƒ Headers()Highlight: ƒ Highlight()HighlightRegistry: ƒ HighlightRegistry()History: ƒ History()IDBCursor: ƒ IDBCursor()IDBCursorWithValue: ƒ IDBCursorWithValue()IDBDatabase: ƒ IDBDatabase()IDBFactory: ƒ IDBFactory()IDBIndex: ƒ IDBIndex()IDBKeyRange: ƒ IDBKeyRange()IDBObjectStore: ƒ IDBObjectStore()IDBOpenDBRequest: ƒ IDBOpenDBRequest()IDBRecord: ƒ IDBRecord()IDBRequest: ƒ IDBRequest()IDBTransaction: ƒ IDBTransaction()IDBVersionChangeEvent: ƒ IDBVersionChangeEvent()IIRFilterNode: ƒ IIRFilterNode()IdentityCredential: ƒ IdentityCredential()IdentityCredentialError: ƒ IdentityCredentialError()IdentityProvider: ƒ IdentityProvider()IdleDeadline: ƒ IdleDeadline()IdleDetector: ƒ IdleDetector()Image: ƒ Image()ImageBitmap: ƒ ImageBitmap()ImageBitmapRenderingContext: ƒ ImageBitmapRenderingContext()ImageCapture: ƒ ImageCapture()ImageData: ƒ ImageData()ImageDecoder: ƒ ImageDecoder()ImageTrack: ƒ ImageTrack()ImageTrackList: ƒ ImageTrackList()Ink: ƒ Ink()InputDeviceCapabilities: ƒ InputDeviceCapabilities()InputDeviceInfo: ƒ InputDeviceInfo()InputEvent: ƒ InputEvent()Int8Array: ƒ Int8Array()Int16Array: ƒ Int16Array()Int32Array: ƒ Int32Array()IntegrityViolationReportBody: ƒ IntegrityViolationReportBody()InteractionContentfulPaint: ƒ InteractionContentfulPaint()InterestEvent: ƒ InterestEvent()IntersectionObserver: ƒ IntersectionObserver()IntersectionObserverEntry: ƒ IntersectionObserverEntry()Intl: Intl {getCanonicalLocales: ƒ, supportedValuesOf: ƒ, DateTimeFormat: ƒ, NumberFormat: ƒ, Collator: ƒ, …}Iterator: ƒ Iterator()JSON: JSON {Symbol(Symbol.toStringTag): 'JSON', parse: ƒ, stringify: ƒ, rawJSON: ƒ, isRawJSON: ƒ}Keyboard: ƒ Keyboard()KeyboardEvent: ƒ KeyboardEvent()KeyboardLayoutMap: ƒ KeyboardLayoutMap()KeyframeEffect: ƒ KeyframeEffect()LanguageDetector: ƒ LanguageDetector()LanguageModel: ƒ LanguageModel()LargestContentfulPaint: ƒ LargestContentfulPaint()LaunchParams: ƒ LaunchParams()LaunchQueue: ƒ LaunchQueue()LayoutShift: ƒ LayoutShift()LayoutShiftAttribution: ƒ LayoutShiftAttribution()LinearAccelerationSensor: ƒ LinearAccelerationSensor()Location: ƒ Location()Lock: ƒ Lock()LockManager: ƒ LockManager()MIDIAccess: ƒ MIDIAccess()MIDIConnectionEvent: ƒ MIDIConnectionEvent()MIDIInput: ƒ MIDIInput()MIDIInputMap: ƒ MIDIInputMap()MIDIMessageEvent: ƒ MIDIMessageEvent()MIDIOutput: ƒ MIDIOutput()MIDIOutputMap: ƒ MIDIOutputMap()MIDIPort: ƒ MIDIPort()Map: ƒ Map()Math: Math {abs: ƒ, acos: ƒ, acosh: ƒ, asin: ƒ, asinh: ƒ, …}MathMLElement: ƒ MathMLElement()MediaCapabilities: ƒ MediaCapabilities()MediaDeviceInfo: ƒ MediaDeviceInfo()MediaDevices: ƒ MediaDevices()MediaElementAudioSourceNode: ƒ MediaElementAudioSourceNode()MediaEncryptedEvent: ƒ MediaEncryptedEvent()MediaError: ƒ MediaError()MediaKeyMessageEvent: ƒ MediaKeyMessageEvent()MediaKeySession: ƒ MediaKeySession()MediaKeyStatusMap: ƒ MediaKeyStatusMap()MediaKeySystemAccess: ƒ MediaKeySystemAccess()MediaKeys: ƒ MediaKeys()MediaList: ƒ MediaList()MediaMetadata: ƒ MediaMetadata()MediaQueryList: ƒ MediaQueryList()MediaQueryListEvent: ƒ MediaQueryListEvent()MediaRecorder: ƒ MediaRecorder()MediaSession: ƒ MediaSession()MediaSource: ƒ MediaSource()MediaSourceHandle: ƒ MediaSourceHandle()MediaStream: ƒ MediaStream()MediaStreamAudioDestinationNode: ƒ MediaStreamAudioDestinationNode()MediaStreamAudioSourceNode: ƒ MediaStreamAudioSourceNode()MediaStreamEvent: ƒ MediaStreamEvent()MediaStreamTrack: ƒ MediaStreamTrack()MediaStreamTrackAudioStats: ƒ MediaStreamTrackAudioStats()MediaStreamTrackEvent: ƒ MediaStreamTrackEvent()MediaStreamTrackGenerator: ƒ MediaStreamTrackGenerator()MediaStreamTrackProcessor: ƒ MediaStreamTrackProcessor()MediaStreamTrackVideoStats: ƒ MediaStreamTrackVideoStats()MessageChannel: ƒ MessageChannel()MessageEvent: ƒ MessageEvent()MessagePort: ƒ MessagePort()MimeType: ƒ MimeType()MimeTypeArray: ƒ MimeTypeArray()MouseEvent: ƒ MouseEvent()MutationObserver: ƒ MutationObserver()MutationRecord: ƒ MutationRecord()NaN: NaNNamedNodeMap: ƒ NamedNodeMap()NavigateEvent: ƒ NavigateEvent()Navigation: ƒ Navigation()NavigationActivation: ƒ NavigationActivation()NavigationCurrentEntryChangeEvent: ƒ NavigationCurrentEntryChangeEvent()NavigationDestination: ƒ NavigationDestination()NavigationHistoryEntry: ƒ NavigationHistoryEntry()NavigationPrecommitController: ƒ NavigationPrecommitController()NavigationPreloadManager: ƒ NavigationPreloadManager()NavigationTransition: ƒ NavigationTransition()Navigator: ƒ Navigator()NavigatorLogin: ƒ NavigatorLogin()NavigatorManagedData: ƒ NavigatorManagedData()NavigatorUAData: ƒ NavigatorUAData()NetworkInformation: ƒ NetworkInformation()Node: ƒ Node()NodeFilter: ƒ NodeFilter()NodeIterator: ƒ NodeIterator()NodeList: ƒ NodeList()NotRestoredReasonDetails: ƒ NotRestoredReasonDetails()NotRestoredReasons: ƒ NotRestoredReasons()Notification: ƒ Notification()Number: ƒ Number()OTPCredential: ƒ OTPCredential()Object: ƒ Object()Observable: ƒ Observable()OfflineAudioCompletionEvent: ƒ OfflineAudioCompletionEvent()OfflineAudioContext: ƒ OfflineAudioContext()OffscreenCanvas: ƒ OffscreenCanvas()OffscreenCanvasRenderingContext2D: ƒ OffscreenCanvasRenderingContext2D()Option: ƒ Option()OrientationSensor: ƒ OrientationSensor()Origin: ƒ Origin()OscillatorNode: ƒ OscillatorNode()OverconstrainedError: ƒ OverconstrainedError()PageRevealEvent: ƒ PageRevealEvent()PageSwapEvent: ƒ PageSwapEvent()PageTransitionEvent: ƒ PageTransitionEvent()PannerNode: ƒ PannerNode()PasswordCredential: ƒ PasswordCredential()Path2D: ƒ Path2D()PaymentAddress: ƒ PaymentAddress()PaymentManager: ƒ PaymentManager()PaymentMethodChangeEvent: ƒ PaymentMethodChangeEvent()PaymentRequest: ƒ PaymentRequest()PaymentRequestUpdateEvent: ƒ PaymentRequestUpdateEvent()PaymentResponse: ƒ PaymentResponse()Performance: ƒ Performance()PerformanceElementTiming: ƒ PerformanceElementTiming()PerformanceEntry: ƒ PerformanceEntry()PerformanceEventTiming: ƒ PerformanceEventTiming()PerformanceLongAnimationFrameTiming: ƒ PerformanceLongAnimationFrameTiming()PerformanceLongTaskTiming: ƒ PerformanceLongTaskTiming()PerformanceMark: ƒ PerformanceMark()PerformanceMeasure: ƒ PerformanceMeasure()PerformanceNavigation: ƒ PerformanceNavigation()PerformanceNavigationTiming: ƒ PerformanceNavigationTiming()PerformanceObserver: ƒ PerformanceObserver()PerformanceObserverEntryList: ƒ PerformanceObserverEntryList()PerformancePaintTiming: ƒ PerformancePaintTiming()PerformanceResourceTiming: ƒ PerformanceResourceTiming()PerformanceScriptTiming: ƒ PerformanceScriptTiming()PerformanceServerTiming: ƒ PerformanceServerTiming()PerformanceSoftNavigation: ƒ PerformanceSoftNavigation()PerformanceTiming: ƒ PerformanceTiming()PerformanceTimingConfidence: ƒ PerformanceTimingConfidence()PeriodicSyncManager: ƒ PeriodicSyncManager()PeriodicWave: ƒ PeriodicWave()PermissionStatus: ƒ PermissionStatus()Permissions: ƒ Permissions()PictureInPictureEvent: ƒ PictureInPictureEvent()PictureInPictureWindow: ƒ PictureInPictureWindow()Plugin: ƒ Plugin()PluginArray: ƒ PluginArray()PointerEvent: ƒ PointerEvent()PopStateEvent: ƒ PopStateEvent()Presentation: ƒ Presentation()PresentationAvailability: ƒ PresentationAvailability()PresentationConnection: ƒ PresentationConnection()PresentationConnectionAvailableEvent: ƒ PresentationConnectionAvailableEvent()PresentationConnectionCloseEvent: ƒ PresentationConnectionCloseEvent()PresentationConnectionList: ƒ PresentationConnectionList()PresentationReceiver: ƒ PresentationReceiver()PresentationRequest: ƒ PresentationRequest()PressureObserver: ƒ PressureObserver()PressureRecord: ƒ PressureRecord()ProcessingInstruction: ƒ ProcessingInstruction()Profiler: ƒ Profiler()ProgressEvent: ƒ ProgressEvent()Promise: ƒ Promise()PromiseRejectionEvent: ƒ PromiseRejectionEvent()ProtectedAudience: ƒ ProtectedAudience()Proxy: ƒ Proxy()PublicKeyCredential: ƒ PublicKeyCredential()PushManager: ƒ PushManager()PushSubscription: ƒ PushSubscription()PushSubscriptionOptions: ƒ PushSubscriptionOptions()QuotaExceededError: ƒ QuotaExceededError()RTCCertificate: ƒ RTCCertificate()RTCDTMFSender: ƒ RTCDTMFSender()RTCDTMFToneChangeEvent: ƒ RTCDTMFToneChangeEvent()RTCDataChannel: ƒ RTCDataChannel()RTCDataChannelEvent: ƒ RTCDataChannelEvent()RTCDtlsTransport: ƒ RTCDtlsTransport()RTCEncodedAudioFrame: ƒ RTCEncodedAudioFrame()RTCEncodedVideoFrame: ƒ RTCEncodedVideoFrame()RTCError: ƒ RTCError()RTCErrorEvent: ƒ RTCErrorEvent()RTCIceCandidate: ƒ RTCIceCandidate()RTCIceTransport: ƒ RTCIceTransport()RTCPeerConnection: ƒ RTCPeerConnection()RTCPeerConnectionIceErrorEvent: ƒ RTCPeerConnectionIceErrorEvent()RTCPeerConnectionIceEvent: ƒ RTCPeerConnectionIceEvent()RTCRtpReceiver: ƒ RTCRtpReceiver()RTCRtpScriptTransform: ƒ RTCRtpScriptTransform()RTCRtpSender: ƒ RTCRtpSender()RTCRtpTransceiver: ƒ RTCRtpTransceiver()RTCSctpTransport: ƒ RTCSctpTransport()RTCSessionDescription: ƒ RTCSessionDescription()RTCStatsReport: ƒ RTCStatsReport()RTCTrackEvent: ƒ RTCTrackEvent()RadioNodeList: ƒ RadioNodeList()Range: ƒ Range()RangeError: ƒ RangeError()ReadableByteStreamController: ƒ ReadableByteStreamController()ReadableStream: ƒ ReadableStream()ReadableStreamBYOBReader: ƒ ReadableStreamBYOBReader()ReadableStreamBYOBRequest: ƒ ReadableStreamBYOBRequest()ReadableStreamDefaultController: ƒ ReadableStreamDefaultController()ReadableStreamDefaultReader: ƒ ReadableStreamDefaultReader()ReferenceError: ƒ ReferenceError()Reflect: Reflect {defineProperty: ƒ, deleteProperty: ƒ, apply: ƒ, construct: ƒ, get: ƒ, …}RegExp: ƒ RegExp()RelativeOrientationSensor: ƒ RelativeOrientationSensor()RemotePlayback: ƒ RemotePlayback()ReportBody: ƒ ReportBody()ReportingObserver: ƒ ReportingObserver()Request: ƒ Request()ResizeObserver: ƒ ResizeObserver()ResizeObserverEntry: ƒ ResizeObserverEntry()ResizeObserverSize: ƒ ResizeObserverSize()Response: ƒ Response()RestrictionTarget: ƒ RestrictionTarget()SVGAElement: ƒ SVGAElement()SVGAngle: ƒ SVGAngle()SVGAnimateElement: ƒ SVGAnimateElement()SVGAnimateMotionElement: ƒ SVGAnimateMotionElement()SVGAnimateTransformElement: ƒ SVGAnimateTransformElement()SVGAnimatedAngle: ƒ SVGAnimatedAngle()SVGAnimatedBoolean: ƒ SVGAnimatedBoolean()SVGAnimatedEnumeration: ƒ SVGAnimatedEnumeration()SVGAnimatedInteger: ƒ SVGAnimatedInteger()SVGAnimatedLength: ƒ SVGAnimatedLength()SVGAnimatedLengthList: ƒ SVGAnimatedLengthList()SVGAnimatedNumber: ƒ SVGAnimatedNumber()SVGAnimatedNumberList: ƒ SVGAnimatedNumberList()SVGAnimatedPreserveAspectRatio: ƒ SVGAnimatedPreserveAspectRatio()SVGAnimatedRect: ƒ SVGAnimatedRect()SVGAnimatedString: ƒ SVGAnimatedString()SVGAnimatedTransformList: ƒ SVGAnimatedTransformList()SVGAnimationElement: ƒ SVGAnimationElement()SVGCircleElement: ƒ SVGCircleElement()SVGClipPathElement: ƒ SVGClipPathElement()SVGComponentTransferFunctionElement: ƒ SVGComponentTransferFunctionElement()SVGDefsElement: ƒ SVGDefsElement()SVGDescElement: ƒ SVGDescElement()SVGElement: ƒ SVGElement()SVGEllipseElement: ƒ SVGEllipseElement()SVGFEBlendElement: ƒ SVGFEBlendElement()SVGFEColorMatrixElement: ƒ SVGFEColorMatrixElement()SVGFEComponentTransferElement: ƒ SVGFEComponentTransferElement()SVGFECompositeElement: ƒ SVGFECompositeElement()SVGFEConvolveMatrixElement: ƒ SVGFEConvolveMatrixElement()SVGFEDiffuseLightingElement: ƒ SVGFEDiffuseLightingElement()SVGFEDisplacementMapElement: ƒ SVGFEDisplacementMapElement()SVGFEDistantLightElement: ƒ SVGFEDistantLightElement()SVGFEDropShadowElement: ƒ SVGFEDropShadowElement()SVGFEFloodElement: ƒ SVGFEFloodElement()SVGFEFuncAElement: ƒ SVGFEFuncAElement()SVGFEFuncBElement: ƒ SVGFEFuncBElement()SVGFEFuncGElement: ƒ SVGFEFuncGElement()SVGFEFuncRElement: ƒ SVGFEFuncRElement()SVGFEGaussianBlurElement: ƒ SVGFEGaussianBlurElement()SVGFEImageElement: ƒ SVGFEImageElement()SVGFEMergeElement: ƒ SVGFEMergeElement()SVGFEMergeNodeElement: ƒ SVGFEMergeNodeElement()SVGFEMorphologyElement: ƒ SVGFEMorphologyElement()SVGFEOffsetElement: ƒ SVGFEOffsetElement()SVGFEPointLightElement: ƒ SVGFEPointLightElement()SVGFESpecularLightingElement: ƒ SVGFESpecularLightingElement()SVGFESpotLightElement: ƒ SVGFESpotLightElement()SVGFETileElement: ƒ SVGFETileElement()SVGFETurbulenceElement: ƒ SVGFETurbulenceElement()SVGFilterElement: ƒ SVGFilterElement()SVGForeignObjectElement: ƒ SVGForeignObjectElement()SVGGElement: ƒ SVGGElement()SVGGeometryElement: ƒ SVGGeometryElement()SVGGradientElement: ƒ SVGGradientElement()SVGGraphicsElement: ƒ SVGGraphicsElement()SVGImageElement: ƒ SVGImageElement()SVGLength: ƒ SVGLength()SVGLengthList: ƒ SVGLengthList()SVGLineElement: ƒ SVGLineElement()SVGLinearGradientElement: ƒ SVGLinearGradientElement()SVGMPathElement: ƒ SVGMPathElement()SVGMarkerElement: ƒ SVGMarkerElement()SVGMaskElement: ƒ SVGMaskElement()SVGMatrix: ƒ SVGMatrix()SVGMetadataElement: ƒ SVGMetadataElement()SVGNumber: ƒ SVGNumber()SVGNumberList: ƒ SVGNumberList()SVGPathElement: ƒ SVGPathElement()SVGPatternElement: ƒ SVGPatternElement()SVGPoint: ƒ SVGPoint()SVGPointList: ƒ SVGPointList()SVGPolygonElement: ƒ SVGPolygonElement()SVGPolylineElement: ƒ SVGPolylineElement()SVGPreserveAspectRatio: ƒ SVGPreserveAspectRatio()SVGRadialGradientElement: ƒ SVGRadialGradientElement()SVGRect: ƒ SVGRect()SVGRectElement: ƒ SVGRectElement()SVGSVGElement: ƒ SVGSVGElement()SVGScriptElement: ƒ SVGScriptElement()SVGSetElement: ƒ SVGSetElement()SVGStopElement: ƒ SVGStopElement()SVGStringList: ƒ SVGStringList()SVGStyleElement: ƒ SVGStyleElement()SVGSwitchElement: ƒ SVGSwitchElement()SVGSymbolElement: ƒ SVGSymbolElement()SVGTSpanElement: ƒ SVGTSpanElement()SVGTextContentElement: ƒ SVGTextContentElement()SVGTextElement: ƒ SVGTextElement()SVGTextPathElement: ƒ SVGTextPathElement()SVGTextPositioningElement: ƒ SVGTextPositioningElement()SVGTitleElement: ƒ SVGTitleElement()SVGTransform: ƒ SVGTransform()SVGTransformList: ƒ SVGTransformList()SVGUnitTypes: ƒ SVGUnitTypes()SVGUseElement: ƒ SVGUseElement()SVGViewElement: ƒ SVGViewElement()Sanitizer: ƒ Sanitizer()Scheduler: ƒ Scheduler()Scheduling: ƒ Scheduling()Screen: ƒ Screen()ScreenDetailed: ƒ ScreenDetailed()ScreenDetails: ƒ ScreenDetails()ScreenOrientation: ƒ ScreenOrientation()ScriptProcessorNode: ƒ ScriptProcessorNode()ScrollTimeline: ƒ ScrollTimeline()SecurityPolicyViolationEvent: ƒ SecurityPolicyViolationEvent()Selection: ƒ Selection()Sensor: ƒ Sensor()SensorErrorEvent: ƒ SensorErrorEvent()Serial: ƒ Serial()SerialPort: ƒ SerialPort()ServiceWorker: ƒ ServiceWorker()ServiceWorkerContainer: ƒ ServiceWorkerContainer()ServiceWorkerRegistration: ƒ ServiceWorkerRegistration()Set: ƒ Set()ShadowRoot: ƒ ShadowRoot()SharedStorage: ƒ SharedStorage()SharedStorageAppendMethod: ƒ SharedStorageAppendMethod()SharedStorageClearMethod: ƒ SharedStorageClearMethod()SharedStorageDeleteMethod: ƒ SharedStorageDeleteMethod()SharedStorageModifierMethod: ƒ SharedStorageModifierMethod()SharedStorageSetMethod: ƒ SharedStorageSetMethod()SharedStorageWorklet: ƒ SharedStorageWorklet()SharedWorker: ƒ SharedWorker()SnapEvent: ƒ SnapEvent()SourceBuffer: ƒ SourceBuffer()SourceBufferList: ƒ SourceBufferList()SpeechGrammar: ƒ SpeechGrammar()SpeechGrammarList: ƒ SpeechGrammarList()SpeechRecognition: ƒ SpeechRecognition()SpeechRecognitionErrorEvent: ƒ SpeechRecognitionErrorEvent()SpeechRecognitionEvent: ƒ SpeechRecognitionEvent()SpeechRecognitionPhrase: ƒ SpeechRecognitionPhrase()SpeechSynthesis: ƒ SpeechSynthesis()SpeechSynthesisErrorEvent: ƒ SpeechSynthesisErrorEvent()SpeechSynthesisEvent: ƒ SpeechSynthesisEvent()SpeechSynthesisUtterance: ƒ SpeechSynthesisUtterance()SpeechSynthesisVoice: ƒ SpeechSynthesisVoice()StaticRange: ƒ StaticRange()StereoPannerNode: ƒ StereoPannerNode()Storage: ƒ Storage()StorageBucket: ƒ StorageBucket()StorageBucketManager: ƒ StorageBucketManager()StorageEvent: ƒ StorageEvent()StorageManager: ƒ StorageManager()String: ƒ String()StylePropertyMap: ƒ StylePropertyMap()StylePropertyMapReadOnly: ƒ StylePropertyMapReadOnly()StyleSheet: ƒ StyleSheet()StyleSheetList: ƒ StyleSheetList()SubmitEvent: ƒ SubmitEvent()Subscriber: ƒ Subscriber()SubtleCrypto: ƒ SubtleCrypto()Summarizer: ƒ Summarizer()SuppressedError: ƒ SuppressedError()Symbol: ƒ Symbol()SyncManager: ƒ SyncManager()SyntaxError: ƒ SyntaxError()TaskAttributionTiming: ƒ TaskAttributionTiming()TaskController: ƒ TaskController()TaskPriorityChangeEvent: ƒ TaskPriorityChangeEvent()TaskSignal: ƒ TaskSignal()Temporal: Temporal {Now: T…l.Now, PlainDate: ƒ, PlainTime: ƒ, PlainDateTime: ƒ, ZonedDateTime: ƒ, …}Text: ƒ Text()TextDecoder: ƒ TextDecoder()TextDecoderStream: ƒ TextDecoderStream()TextEncoder: ƒ TextEncoder()TextEncoderStream: ƒ TextEncoderStream()TextEvent: ƒ TextEvent()TextFormat: ƒ TextFormat()TextFormatUpdateEvent: ƒ TextFormatUpdateEvent()TextMetrics: ƒ TextMetrics()TextTrack: ƒ TextTrack()TextTrackCue: ƒ TextTrackCue()TextTrackCueList: ƒ TextTrackCueList()TextTrackList: ƒ TextTrackList()TextUpdateEvent: ƒ TextUpdateEvent()TimeRanges: ƒ TimeRanges()TimelineTrigger: ƒ TimelineTrigger()TimelineTriggerRange: ƒ TimelineTriggerRange()TimelineTriggerRangeList: ƒ TimelineTriggerRangeList()ToggleEvent: ƒ ToggleEvent()Touch: ƒ Touch()TouchEvent: ƒ TouchEvent()TouchList: ƒ TouchList()TrackEvent: ƒ TrackEvent()TransformStream: ƒ TransformStream()TransformStreamDefaultController: ƒ TransformStreamDefaultController()TransitionEvent: ƒ TransitionEvent()Translator: ƒ Translator()TreeWalker: ƒ TreeWalker()TrustedHTML: ƒ TrustedHTML()TrustedScript: ƒ TrustedScript()TrustedScriptURL: ƒ TrustedScriptURL()TrustedTypePolicy: ƒ TrustedTypePolicy()TrustedTypePolicyFactory: ƒ TrustedTypePolicyFactory()TypeError: ƒ TypeError()UIEvent: ƒ UIEvent()URIError: ƒ URIError()URL: ƒ URL()URLPattern: ƒ URLPattern()URLSearchParams: ƒ URLSearchParams()USB: ƒ USB()USBAlternateInterface: ƒ USBAlternateInterface()USBConfiguration: ƒ USBConfiguration()USBConnectionEvent: ƒ USBConnectionEvent()USBDevice: ƒ USBDevice()USBEndpoint: ƒ USBEndpoint()USBInTransferResult: ƒ USBInTransferResult()USBInterface: ƒ USBInterface()USBIsochronousInTransferPacket: ƒ USBIsochronousInTransferPacket()USBIsochronousInTransferResult: ƒ USBIsochronousInTransferResult()USBIsochronousOutTransferPacket: ƒ USBIsochronousOutTransferPacket()USBIsochronousOutTransferResult: ƒ USBIsochronousOutTransferResult()USBOutTransferResult: ƒ USBOutTransferResult()Uint8Array: ƒ Uint8Array()Uint8ClampedArray: ƒ Uint8ClampedArray()Uint16Array: ƒ Uint16Array()Uint32Array: ƒ Uint32Array()UserActivation: ƒ UserActivation()VTTCue: ƒ VTTCue()ValidityState: ƒ ValidityState()VideoColorSpace: ƒ VideoColorSpace()VideoDecoder: ƒ VideoDecoder()VideoEncoder: ƒ VideoEncoder()VideoFrame: ƒ VideoFrame()VideoPlaybackQuality: ƒ VideoPlaybackQuality()ViewTimeline: ƒ ViewTimeline()ViewTransition: ƒ ViewTransition()ViewTransitionTypeSet: ƒ ViewTransitionTypeSet()Viewport: ƒ Viewport()VirtualKeyboard: ƒ VirtualKeyboard()VirtualKeyboardGeometryChangeEvent: ƒ VirtualKeyboardGeometryChangeEvent()VisibilityStateEntry: ƒ VisibilityStateEntry()VisualViewport: ƒ VisualViewport()WGSLLanguageFeatures: ƒ WGSLLanguageFeatures()WakeLock: ƒ WakeLock()WakeLockSentinel: ƒ WakeLockSentinel()WaveShaperNode: ƒ WaveShaperNode()WeakMap: ƒ WeakMap()WeakRef: ƒ WeakRef()WeakSet: ƒ WeakSet()WebAssembly: WebAssembly {compile: ƒ, validate: ƒ, instantiate: ƒ, compileStreaming: ƒ, instantiateStreaming: ƒ, …}WebGL2RenderingContext: ƒ WebGL2RenderingContext()WebGLActiveInfo: ƒ WebGLActiveInfo()WebGLBuffer: ƒ WebGLBuffer()WebGLContextEvent: ƒ WebGLContextEvent()WebGLFramebuffer: ƒ WebGLFramebuffer()WebGLObject: ƒ WebGLObject()WebGLProgram: ƒ WebGLProgram()WebGLQuery: ƒ WebGLQuery()WebGLRenderbuffer: ƒ WebGLRenderbuffer()WebGLRenderingContext: ƒ WebGLRenderingContext()WebGLSampler: ƒ WebGLSampler()WebGLShader: ƒ WebGLShader()WebGLShaderPrecisionFormat: ƒ WebGLShaderPrecisionFormat()WebGLSync: ƒ WebGLSync()WebGLTexture: ƒ WebGLTexture()WebGLTransformFeedback: ƒ WebGLTransformFeedback()WebGLUniformLocation: ƒ WebGLUniformLocation()WebGLVertexArrayObject: ƒ WebGLVertexArrayObject()WebKitCSSMatrix: ƒ DOMMatrix()WebKitMutationObserver: ƒ MutationObserver()WebSocket: ƒ WebSocket()WebSocketError: ƒ WebSocketError()WebSocketStream: ƒ WebSocketStream()WebTransport: ƒ WebTransport()WebTransportBidirectionalStream: ƒ WebTransportBidirectionalStream()WebTransportDatagramDuplexStream: ƒ WebTransportDatagramDuplexStream()WebTransportError: ƒ WebTransportError()WheelEvent: ƒ WheelEvent()Window: ƒ Window()WindowControlsOverlay: ƒ WindowControlsOverlay()WindowControlsOverlayGeometryChangeEvent: ƒ WindowControlsOverlayGeometryChangeEvent()Worker: ƒ Worker()Worklet: ƒ Worklet()WritableStream: ƒ WritableStream()WritableStreamDefaultController: ƒ WritableStreamDefaultController()WritableStreamDefaultWriter: ƒ WritableStreamDefaultWriter()XMLDocument: ƒ XMLDocument()XMLHttpRequest: ƒ XMLHttpRequest()XMLHttpRequestEventTarget: ƒ XMLHttpRequestEventTarget()XMLHttpRequestUpload: ƒ XMLHttpRequestUpload()XMLSerializer: ƒ XMLSerializer()XPathEvaluator: ƒ XPathEvaluator()XPathExpression: ƒ XPathExpression()XPathResult: ƒ XPathResult()XRAnchor: ƒ XRAnchor()XRAnchorSet: ƒ XRAnchorSet()XRBoundedReferenceSpace: ƒ XRBoundedReferenceSpace()XRCPUDepthInformation: ƒ XRCPUDepthInformation()XRCamera: ƒ XRCamera()XRCompositionLayer: ƒ XRCompositionLayer()XRCubeLayer: ƒ XRCubeLayer()XRCylinderLayer: ƒ XRCylinderLayer()XRDOMOverlayState: ƒ XRDOMOverlayState()XRDepthInformation: ƒ XRDepthInformation()XREquirectLayer: ƒ XREquirectLayer()XRFrame: ƒ XRFrame()XRHand: ƒ XRHand()XRHitTestResult: ƒ XRHitTestResult()XRHitTestSource: ƒ XRHitTestSource()XRInputSource: ƒ XRInputSource()XRInputSourceArray: ƒ XRInputSourceArray()XRInputSourceEvent: ƒ XRInputSourceEvent()XRInputSourcesChangeEvent: ƒ XRInputSourcesChangeEvent()XRJointPose: ƒ XRJointPose()XRJointSpace: ƒ XRJointSpace()XRLayer: ƒ XRLayer()XRLayerEvent: ƒ XRLayerEvent()XRLightEstimate: ƒ XRLightEstimate()XRLightProbe: ƒ XRLightProbe()XRPlane: ƒ XRPlane()XRPlaneSet: ƒ XRPlaneSet()XRPose: ƒ XRPose()XRProjectionLayer: ƒ XRProjectionLayer()XRQuadLayer: ƒ XRQuadLayer()XRRay: ƒ XRRay()XRReferenceSpace: ƒ XRReferenceSpace()XRReferenceSpaceEvent: ƒ XRReferenceSpaceEvent()XRRenderState: ƒ XRRenderState()XRRigidTransform: ƒ XRRigidTransform()XRSession: ƒ XRSession()XRSessionEvent: ƒ XRSessionEvent()XRSpace: ƒ XRSpace()XRSubImage: ƒ XRSubImage()XRSystem: ƒ XRSystem()XRTransientInputHitTestResult: ƒ XRTransientInputHitTestResult()XRTransientInputHitTestSource: ƒ XRTransientInputHitTestSource()XRView: ƒ XRView()XRViewerPose: ƒ XRViewerPose()XRViewport: ƒ XRViewport()XRVisibilityMaskChangeEvent: ƒ XRVisibilityMaskChangeEvent()XRWebGLBinding: ƒ XRWebGLBinding()XRWebGLDepthInformation: ƒ XRWebGLDepthInformation()XRWebGLLayer: ƒ XRWebGLLayer()XRWebGLSubImage: ƒ XRWebGLSubImage()XSLTProcessor: ƒ XSLTProcessor()console: console {debug: ƒ, error: ƒ, info: ƒ, log: ƒ, warn: ƒ, …}decodeURI: ƒ decodeURI()decodeURIComponent: ƒ decodeURIComponent()encodeURI: ƒ encodeURI()encodeURIComponent: ƒ encodeURIComponent()escape: ƒ escape()eval: ƒ eval()globalThis: Window {window: Window, self: Window, document: document, name: '', location: Location, …}isFinite: ƒ isFinite()isNaN: ƒ isNaN()offscreenBuffering: trueparseFloat: ƒ parseFloat()parseInt: ƒ parseInt()undefined: undefinedunescape: ƒ unescape()webkitMediaStream: ƒ MediaStream()webkitRTCPeerConnection: ƒ RTCPeerConnection()webkitSpeechGrammar: ƒ SpeechGrammar()webkitSpeechGrammarList: ƒ SpeechGrammarList()webkitSpeechRecognition: ƒ SpeechRecognition()webkitSpeechRecognitionError: ƒ SpeechRecognitionErrorEvent()webkitSpeechRecognitionEvent: ƒ SpeechRecognitionEvent()webkitURL: ƒ URL()[[Prototype]]: Window
26ygzh7nknm56.js:1  GET https://fmrwatch.bafe.gov.ph/sign-in?_rsc=rVOxZyJZQf-ncF1B 403 (Forbidden)
T @ 26ygzh7nknm56.js:1
await in T
eE @ 26ygzh7nknm56.js:1
eh @ 26ygzh7nknm56.js:1
(anonymous) @ 26ygzh7nknm56.js:1
(anonymous) @ 26ygzh7nknm56.js:1
N @ 26ygzh7nknm56.js:1
26ygzh7nknm56.js:1  GET https://fmrwatch.bafe.gov.ph/projects/dfcc79ec-350d-458e-9469-973104a064ad?view=table&page=3&_rsc=rVOxZyJZQf-ncF1B 403 (Forbidden)
T @ 26ygzh7nknm56.js:1
await in T
eE @ 26ygzh7nknm56.js:1
eh @ 26ygzh7nknm56.js:1
(anonymous) @ 26ygzh7nknm56.js:1
(anonymous) @ 26ygzh7nknm56.js:1
N @ 26ygzh7nknm56.js:1
26ygzh7nknm56.js:1  GET https://fmrwatch.bafe.gov.ph/projects/dfcc79ec-350d-458e-9469-973104a064ad?_rsc=rVOxZyJZQf-ncF1B 403 (Forbidden)
T @ 26ygzh7nknm56.js:1
await in T
eE @ 26ygzh7nknm56.js:1
eh @ 26ygzh7nknm56.js:1
(anonymous) @ 26ygzh7nknm56.js:1
N @ 26ygzh7nknm56.js:1
